domain,filename,image_path,mean_saturation,edge_density,local_contrast,texture_entropy,self_similarity,clutter_score,hard_negative_score
forest_dense,beautiful-flora-patagonia-daytime.jpg,G:\내 드라이브\데이터셋\forest_dense\beautiful-flora-patagonia-daytime.jpg,90.405683,0.879567,27.691902,5.494778,0.567723,0.388448,0.696711
forest_dense,beautiful-landscape.jpg,G:\내 드라이브\데이터셋\forest_dense\beautiful-landscape.jpg,129.521114,0.625923,14.176873,5.471608,0.219503,0.384031,0.533393
forest_dense,burnt-trees-mountain.jpg,G:\내 드라이브\데이터셋\forest_dense\burnt-trees-mountain.jpg,29.659723,0.677532,12.975538,5.122726,0.153960,0.399140,0.677133
forest_dense,forest-landscape.jpg,G:\내 드라이브\데이터셋\forest_dense\forest-landscape.jpg,109.281645,0.551193,17.095060,5.770964,0.000000,0.305557,0.530339
forest_dense,forest-with-vegetation.jpg,G:\내 드라이브\데이터셋\forest_dense\forest-with-vegetation.jpg,51.022293,0.602200,13.688668,5.169840,0.086051,0.308608,0.625000
forest_dense,forest_dense_ (1).png,G:\내 드라이브\데이터셋\forest_dense\forest_dense_ (1).png,79.152473,0.158073,5.195469,5.227830,0.000000,0.269433,0.458518
forest_dense,forest_dense_ (10).jpg,G:\내 드라이브\데이터셋\forest_dense\forest_dense_ (10).jpg,0.000000,0.246256,5.358150,5.446928,0.257852,0.341856,0.712823
forest_dense,forest_dense_ (10).png,G:\내 드라이브\데이터셋\forest_dense\forest_dense_ (10).png,221.039648,0.295434,5.433306,4.813859,0.194702,0.344754,0.465717
forest_dense,forest_dense_ (102).jpg,G:\내 드라이브\데이터셋\forest_dense\forest_dense_ (102).jpg,63.418556,0.444671,4.300023,5.352226,0.000000,0.343452,0.556642
forest_dense,forest_dense_ (103).jpg,G:\내 드라이브\데이터셋\forest_dense\forest_dense_ (103).jpg,104.310586,0.126696,2.657314,4.609772,0.000000,0.350464,0.356622
forest_dense,forest_dense_ (104).jpg,G:\내 드라이브\데이터셋\forest_dense\forest_dense_ (104).jpg,40.930226,0.771503,14.958464,5.773048,0.000000,0.308785,0.645958
forest_dense,forest_dense_ (107).jpg,G:\내 드라이브\데이터셋\forest_dense\forest_dense_ (107).jpg,84.280092,0.166160,5.412868,5.436062,0.000000,0.304491,0.467468
forest_dense,forest_dense_ (108).jpg,G:\내 드라이브\데이터셋\forest_dense\forest_dense_ (108).jpg,34.772296,0.347100,5.154061,4.501976,0.227062,0.310380,0.611032
forest_dense,forest_dense_ (110).jpg,G:\내 드라이브\데이터셋\forest_dense\forest_dense_ (110).jpg,0.000000,0.204825,3.276034,5.525352,0.043091,0.340363,0.659819
forest_dense,forest_dense_ (112).jpg,G:\내 드라이브\데이터셋\forest_dense\forest_dense_ (112).jpg,56.790538,0.710898,13.958552,5.715601,0.000000,0.356802,0.616995
forest_dense,forest_dense_ (114).jpg,G:\내 드라이브\데이터셋\forest_dense\forest_dense_ (114).jpg,79.358916,0.310839,5.541304,4.935785,0.380886,0.346671,0.569192
forest_dense,forest_dense_ (117).jpg,G:\내 드라이브\데이터셋\forest_dense\forest_dense_ (117).jpg,33.725397,0.395857,7.006987,5.693144,0.000000,0.332106,0.624226
forest_dense,forest_dense_ (12).jpg,G:\내 드라이브\데이터셋\forest_dense\forest_dense_ (12).jpg,0.000000,0.273754,5.260159,5.192750,0.000000,0.251738,0.662922
forest_dense,forest_dense_ (12).png,G:\내 드라이브\데이터셋\forest_dense\forest_dense_ (12).png,83.282523,0.634798,11.548859,4.752733,0.000000,0.279574,0.527833
forest_dense,forest_dense_ (121).jpg,G:\내 드라이브\데이터셋\forest_dense\forest_dense_ (121).jpg,129.438761,0.264953,6.627757,5.544974,0.000000,0.306085,0.461676
forest_dense,forest_dense_ (123).jpg,G:\내 드라이브\데이터셋\forest_dense\forest_dense_ (123).jpg,81.988737,0.204202,4.652416,5.815260,0.000000,0.292839,0.504982
forest_dense,forest_dense_ (125).jpg,G:\내 드라이브\데이터셋\forest_dense\forest_dense_ (125).jpg,18.410744,0.272197,6.704275,5.593424,0.000000,0.334281,0.651101
forest_dense,forest_dense_ (130).jpg,G:\내 드라이브\데이터셋\forest_dense\forest_dense_ (130).jpg,40.238914,0.337267,7.840025,5.714179,0.000000,0.304774,0.613456
forest_dense,forest_dense_ (132).jpg,G:\내 드라이브\데이터셋\forest_dense\forest_dense_ (132).jpg,38.260047,0.223314,4.512512,4.091282,0.515521,0.324082,0.626811
forest_dense,forest_dense_ (137).jpg,G:\내 드라이브\데이터셋\forest_dense\forest_dense_ (137).jpg,149.223373,0.216249,7.079920,4.228508,0.000000,0.279822,0.418369
forest_dense,forest_dense_ (14).png,G:\내 드라이브\데이터셋\forest_dense\forest_dense_ (14).png,23.775165,0.484216,9.597028,5.421467,0.061864,0.366406,0.666081
forest_dense,forest_dense_ (141).jpg,G:\내 드라이브\데이터셋\forest_dense\forest_dense_ (141).jpg,106.624908,0.663225,17.007059,5.318382,0.000000,0.323688,0.533890
forest_dense,forest_dense_ (142).jpg,G:\내 드라이브\데이터셋\forest_dense\forest_dense_ (142).jpg,33.350315,0.447021,8.411798,5.135948,0.000000,0.309025,0.620389
forest_dense,forest_dense_ (143).jpg,G:\내 드라이브\데이터셋\forest_dense\forest_dense_ (143).jpg,139.840587,0.354640,9.645317,5.250080,0.000000,0.312251,0.471440
forest_dense,forest_dense_ (145).jpg,G:\내 드라이브\데이터셋\forest_dense\forest_dense_ (145).jpg,122.360400,0.320607,8.890517,4.537231,0.245719,0.269070,0.471766
forest_dense,forest_dense_ (146).jpg,G:\내 드라이브\데이터셋\forest_dense\forest_dense_ (146).jpg,38.337668,0.126258,3.731122,5.412301,0.000000,0.321092,0.505571
forest_dense,forest_dense_ (147).jpg,G:\내 드라이브\데이터셋\forest_dense\forest_dense_ (147).jpg,123.068116,0.145460,4.402357,4.723037,0.000000,0.290987,0.352629
forest_dense,forest_dense_ (148).jpg,G:\내 드라이브\데이터셋\forest_dense\forest_dense_ (148).jpg,47.507495,0.285901,6.203094,5.518528,0.000000,0.318235,0.593803
forest_dense,forest_dense_ (149).jpg,G:\내 드라이브\데이터셋\forest_dense\forest_dense_ (149).jpg,75.342987,0.331906,8.002540,5.030313,0.000000,0.317214,0.538782
forest_dense,forest_dense_ (150).jpg,G:\내 드라이브\데이터셋\forest_dense\forest_dense_ (150).jpg,61.974410,0.270860,13.317523,4.387523,0.228097,0.291212,0.593831
forest_dense,forest_dense_ (151).jpg,G:\내 드라이브\데이터셋\forest_dense\forest_dense_ (151).jpg,94.182919,0.354650,9.246058,5.140411,0.000000,0.317659,0.513785
forest_dense,forest_dense_ (152).jpg,G:\내 드라이브\데이터셋\forest_dense\forest_dense_ (152).jpg,105.553595,0.357197,5.167297,4.923894,0.065132,0.354013,0.478705
forest_dense,forest_dense_ (153).jpg,G:\내 드라이브\데이터셋\forest_dense\forest_dense_ (153).jpg,0.000000,0.366165,10.613674,5.316711,0.000000,0.328906,0.699866
forest_dense,forest_dense_ (154).jpg,G:\내 드라이브\데이터셋\forest_dense\forest_dense_ (154).jpg,53.850720,0.582647,12.396422,5.706645,0.000000,0.358038,0.615186
forest_dense,forest_dense_ (155).jpg,G:\내 드라이브\데이터셋\forest_dense\forest_dense_ (155).jpg,103.046964,0.729382,17.596449,5.597746,0.000000,0.327460,0.546310
forest_dense,forest_dense_ (157).jpg,G:\내 드라이브\데이터셋\forest_dense\forest_dense_ (157).jpg,46.968601,0.815057,14.244043,5.622965,0.000000,0.311393,0.631799
forest_dense,forest_dense_ (159).jpg,G:\내 드라이브\데이터셋\forest_dense\forest_dense_ (159).jpg,12.188236,0.328211,9.014255,5.350142,0.000000,0.328604,0.671108
forest_dense,forest_dense_ (16).jpg,G:\내 드라이브\데이터셋\forest_dense\forest_dense_ (16).jpg,4.996238,0.426750,4.282002,4.763894,0.000000,0.324831,0.642192
forest_dense,forest_dense_ (161).jpg,G:\내 드라이브\데이터셋\forest_dense\forest_dense_ (161).jpg,80.445146,0.479097,16.759817,5.165102,0.000000,0.301122,0.573361
forest_dense,forest_dense_ (163).jpg,G:\내 드라이브\데이터셋\forest_dense\forest_dense_ (163).jpg,0.000000,0.762290,6.909043,5.430723,0.000000,0.426861,0.695072
forest_dense,forest_dense_ (165).jpg,G:\내 드라이브\데이터셋\forest_dense\forest_dense_ (165).jpg,187.434611,0.293905,5.791846,3.528951,0.000000,0.311607,0.395942
forest_dense,forest_dense_ (167).jpg,G:\내 드라이브\데이터셋\forest_dense\forest_dense_ (167).jpg,20.014517,0.397297,5.457374,5.045315,0.000000,0.341093,0.631175
forest_dense,forest_dense_ (169).jpg,G:\내 드라이브\데이터셋\forest_dense\forest_dense_ (169).jpg,13.058809,0.466339,12.378192,5.699485,0.000000,0.345485,0.688630
forest_dense,forest_dense_ (171).jpg,G:\내 드라이브\데이터셋\forest_dense\forest_dense_ (171).jpg,51.433655,0.036641,1.881976,5.625983,0.000000,0.000000,0.351167
forest_dense,forest_dense_ (173).jpg,G:\내 드라이브\데이터셋\forest_dense\forest_dense_ (173).jpg,108.358729,0.308293,7.424788,4.007576,0.244201,0.322894,0.473767
forest_dense,forest_dense_ (175).jpg,G:\내 드라이브\데이터셋\forest_dense\forest_dense_ (175).jpg,64.454535,0.205369,2.306582,3.087018,0.660193,0.319278,0.538668
forest_dense,forest_dense_ (177).jpg,G:\내 드라이브\데이터셋\forest_dense\forest_dense_ (177).jpg,12.759531,0.314191,5.777165,5.401012,0.000000,0.240827,0.647771
forest_dense,forest_dense_ (18).jpg,G:\내 드라이브\데이터셋\forest_dense\forest_dense_ (18).jpg,20.856056,0.381660,4.412117,5.584889,0.000000,0.320259,0.634472
forest_dense,forest_dense_ (180).jpg,G:\내 드라이브\데이터셋\forest_dense\forest_dense_ (180).jpg,0.000000,0.627735,8.491829,5.259638,0.023588,0.318762,0.690069
forest_dense,forest_dense_ (182).jpg,G:\내 드라이브\데이터셋\forest_dense\forest_dense_ (182).jpg,34.529379,0.231229,5.793808,5.262197,0.145567,0.329615,0.631146
forest_dense,forest_dense_ (183).jpg,G:\내 드라이브\데이터셋\forest_dense\forest_dense_ (183).jpg,13.171487,0.159207,4.238176,3.748949,0.067048,0.195957,0.528202
forest_dense,forest_dense_ (185).jpg,G:\내 드라이브\데이터셋\forest_dense\forest_dense_ (185).jpg,15.999492,0.230347,4.066087,4.915780,0.000000,0.297035,0.623290
forest_dense,forest_dense_ (186).jpg,G:\내 드라이브\데이터셋\forest_dense\forest_dense_ (186).jpg,187.128421,0.083415,2.302539,4.683768,0.000000,0.316383,0.281972
forest_dense,forest_dense_ (189).jpg,G:\내 드라이브\데이터셋\forest_dense\forest_dense_ (189).jpg,54.730191,0.779216,16.733704,5.696951,0.000000,0.329028,0.631003
forest_dense,forest_dense_ (191).jpg,G:\내 드라이브\데이터셋\forest_dense\forest_dense_ (191).jpg,147.459141,0.469721,7.563707,4.072161,0.090700,0.365651,0.439550
forest_dense,forest_dense_ (194).jpg,G:\내 드라이브\데이터셋\forest_dense\forest_dense_ (194).jpg,81.821284,0.164316,2.546518,5.553218,0.000000,0.284719,0.454719
forest_dense,forest_dense_ (195).jpg,G:\내 드라이브\데이터셋\forest_dense\forest_dense_ (195).jpg,181.465789,0.065300,2.410991,3.288978,0.000000,0.267936,0.213028
forest_dense,forest_dense_ (199).jpg,G:\내 드라이브\데이터셋\forest_dense\forest_dense_ (199).jpg,78.607986,0.755937,12.424525,5.388919,0.000000,0.356648,0.569421
forest_dense,forest_dense_ (2).jpg,G:\내 드라이브\데이터셋\forest_dense\forest_dense_ (2).jpg,58.464854,0.366959,8.722464,4.953212,0.008584,0.236710,0.563595
forest_dense,forest_dense_ (202).jpg,G:\내 드라이브\데이터셋\forest_dense\forest_dense_ (202).jpg,10.513833,0.499005,10.475258,5.391109,0.000000,0.281628,0.677694
forest_dense,forest_dense_ (203).jpg,G:\내 드라이브\데이터셋\forest_dense\forest_dense_ (203).jpg,21.272297,0.377638,6.314702,4.949233,0.000000,0.291478,0.624723
forest_dense,forest_dense_ (204).jpg,G:\내 드라이브\데이터셋\forest_dense\forest_dense_ (204).jpg,15.268141,0.658066,13.826010,5.798874,0.029904,0.295867,0.690292
forest_dense,forest_dense_ (205).jpg,G:\내 드라이브\데이터셋\forest_dense\forest_dense_ (205).jpg,124.906008,0.398947,9.683939,4.904767,0.316703,0.324185,0.502476
forest_dense,forest_dense_ (209).jpg,G:\내 드라이브\데이터셋\forest_dense\forest_dense_ (209).jpg,53.730441,0.621998,6.344685,5.832808,0.000000,0.321944,0.583429
forest_dense,forest_dense_ (211).jpg,G:\내 드라이브\데이터셋\forest_dense\forest_dense_ (211).jpg,88.889873,0.202989,7.509674,5.477716,0.000000,0.276721,0.502898
forest_dense,forest_dense_ (212).jpg,G:\내 드라이브\데이터셋\forest_dense\forest_dense_ (212).jpg,26.487653,0.041673,1.830539,5.220585,0.000000,0.323948,0.428107
forest_dense,forest_dense_ (214).jpg,G:\내 드라이브\데이터셋\forest_dense\forest_dense_ (214).jpg,45.513449,0.520899,6.191053,5.215409,0.000000,0.356605,0.595087
forest_dense,forest_dense_ (216).jpg,G:\내 드라이브\데이터셋\forest_dense\forest_dense_ (216).jpg,21.486783,0.541780,13.057505,5.541109,0.020331,0.330988,0.677556
forest_dense,forest_dense_ (218).jpg,G:\내 드라이브\데이터셋\forest_dense\forest_dense_ (218).jpg,41.621921,0.341436,4.247539,5.170450,0.000000,0.253079,0.581260
forest_dense,forest_dense_ (220).jpg,G:\내 드라이브\데이터셋\forest_dense\forest_dense_ (220).jpg,110.003690,0.077533,2.712401,4.706211,0.000000,0.270684,0.292516
forest_dense,forest_dense_ (221).jpg,G:\내 드라이브\데이터셋\forest_dense\forest_dense_ (221).jpg,32.197540,0.300279,3.508748,5.300716,0.000000,0.310481,0.605157
forest_dense,forest_dense_ (223).jpg,G:\내 드라이브\데이터셋\forest_dense\forest_dense_ (223).jpg,72.376841,0.571683,6.639034,5.293912,0.000000,0.342779,0.549171
forest_dense,forest_dense_ (225).jpg,G:\내 드라이브\데이터셋\forest_dense\forest_dense_ (225).jpg,37.410783,0.415391,4.004227,5.069108,0.000000,0.322313,0.591385
forest_dense,forest_dense_ (230).jpg,G:\내 드라이브\데이터셋\forest_dense\forest_dense_ (230).jpg,57.092909,0.267290,6.974567,4.728398,0.000000,0.343122,0.559948
forest_dense,forest_dense_ (233).jpg,G:\내 드라이브\데이터셋\forest_dense\forest_dense_ (233).jpg,73.715220,0.443620,13.580514,5.534543,0.000000,0.326478,0.581162
forest_dense,forest_dense_ (234).jpg,G:\내 드라이브\데이터셋\forest_dense\forest_dense_ (234).jpg,54.337725,0.191371,3.131113,5.192566,0.000000,0.315200,0.531035
forest_dense,forest_dense_ (236).jpg,G:\내 드라이브\데이터셋\forest_dense\forest_dense_ (236).jpg,92.548093,0.006082,1.103735,4.505886,0.000000,0.000000,0.211781
forest_dense,forest_dense_ (239).jpg,G:\내 드라이브\데이터셋\forest_dense\forest_dense_ (239).jpg,89.251575,0.195640,3.348129,5.386184,0.000000,0.354613,0.482707
forest_dense,forest_dense_ (24).jpg,G:\내 드라이브\데이터셋\forest_dense\forest_dense_ (24).jpg,22.201090,0.008797,0.988469,5.416376,0.000000,0.325554,0.405284
forest_dense,forest_dense_ (240).jpg,G:\내 드라이브\데이터셋\forest_dense\forest_dense_ (240).jpg,39.060041,0.136728,4.287126,5.338250,0.017308,0.276142,0.513019
forest_dense,forest_dense_ (242).jpg,G:\내 드라이브\데이터셋\forest_dense\forest_dense_ (242).jpg,131.673422,0.444993,9.453499,4.419719,0.013670,0.329683,0.446383
forest_dense,forest_dense_ (244).jpg,G:\내 드라이브\데이터셋\forest_dense\forest_dense_ (244).jpg,0.000000,0.090912,1.717563,4.522054,0.000000,0.287793,0.498477
forest_dense,forest_dense_ (248).jpg,G:\내 드라이브\데이터셋\forest_dense\forest_dense_ (248).jpg,148.307564,0.138288,3.010247,5.283873,0.000000,0.321027,0.360630
forest_dense,forest_dense_ (251).jpg,G:\내 드라이브\데이터셋\forest_dense\forest_dense_ (251).jpg,137.190237,0.640807,7.708105,5.166492,0.000000,0.370751,0.465423
forest_dense,forest_dense_ (253).jpg,G:\내 드라이브\데이터셋\forest_dense\forest_dense_ (253).jpg,48.021881,0.409032,7.374817,4.405149,0.408830,0.364744,0.622990
forest_dense,forest_dense_ (257).jpg,G:\내 드라이브\데이터셋\forest_dense\forest_dense_ (257).jpg,0.000000,0.305171,13.684138,4.786148,0.430385,0.224377,0.742070
forest_dense,forest_dense_ (26).jpg,G:\내 드라이브\데이터셋\forest_dense\forest_dense_ (26).jpg,97.953032,0.099606,1.823979,5.210124,0.000000,0.321664,0.354412
forest_dense,forest_dense_ (260).jpg,G:\내 드라이브\데이터셋\forest_dense\forest_dense_ (260).jpg,47.707253,0.080550,1.775211,5.506142,0.000000,0.327766,0.434185
forest_dense,forest_dense_ (261).jpg,G:\내 드라이브\데이터셋\forest_dense\forest_dense_ (261).jpg,44.811221,0.110547,2.889776,5.103199,0.066338,0.337960,0.474466
forest_dense,forest_dense_ (264).jpg,G:\내 드라이브\데이터셋\forest_dense\forest_dense_ (264).jpg,72.597901,0.577186,11.296764,5.811586,0.000000,0.309938,0.570851
forest_dense,forest_dense_ (266).jpg,G:\내 드라이브\데이터셋\forest_dense\forest_dense_ (266).jpg,39.144454,0.262462,6.236420,4.111150,0.013040,0.323033,0.568505
forest_dense,forest_dense_ (268).jpg,G:\내 드라이브\데이터셋\forest_dense\forest_dense_ (268).jpg,0.000000,0.612438,9.888799,5.388970,0.506802,0.351201,0.766991
forest_dense,forest_dense_ (270).jpg,G:\내 드라이브\데이터셋\forest_dense\forest_dense_ (270).jpg,0.000000,0.549959,14.673077,5.766068,0.342971,0.328728,0.766239
forest_dense,forest_dense_ (273).jpg,G:\내 드라이브\데이터셋\forest_dense\forest_dense_ (273).jpg,150.779138,0.486563,10.310241,4.031573,0.000000,0.344209,0.437136
forest_dense,forest_dense_ (274).jpg,G:\내 드라이브\데이터셋\forest_dense\forest_dense_ (274).jpg,0.000000,0.811296,26.952660,5.784266,0.240839,0.362009,0.813851
forest_dense,forest_dense_ (276).jpg,G:\내 드라이브\데이터셋\forest_dense\forest_dense_ (276).jpg,0.000000,0.691316,12.202497,5.783496,0.000000,0.365609,0.713760
forest_dense,forest_dense_ (28).jpg,G:\내 드라이브\데이터셋\forest_dense\forest_dense_ (28).jpg,66.744086,0.507583,16.853210,5.619817,0.000000,0.326225,0.609258
forest_dense,forest_dense_ (281).jpg,G:\내 드라이브\데이터셋\forest_dense\forest_dense_ (281).jpg,47.895501,0.561820,10.335582,5.839777,0.000000,0.348213,0.615461
forest_dense,forest_dense_ (283).jpg,G:\내 드라이브\데이터셋\forest_dense\forest_dense_ (283).jpg,75.048965,0.000149,0.659924,4.346944,0.000000,0.000000,0.230550
forest_dense,forest_dense_ (285).jpg,G:\내 드라이브\데이터셋\forest_dense\forest_dense_ (285).jpg,98.330450,0.743283,11.025309,5.354424,0.000000,0.378166,0.527706
forest_dense,forest_dense_ (29).png,G:\내 드라이브\데이터셋\forest_dense\forest_dense_ (29).png,58.901774,0.050934,1.894510,5.372810,0.000000,0.272355,0.378158
forest_dense,forest_dense_ (291).jpg,G:\내 드라이브\데이터셋\forest_dense\forest_dense_ (291).jpg,27.046224,0.395811,5.901771,4.751994,0.152417,0.307280,0.627022
forest_dense,forest_dense_ (292).jpg,G:\내 드라이브\데이터셋\forest_dense\forest_dense_ (292).jpg,149.900799,0.588809,15.396420,4.637527,0.119133,0.341922,0.496434
forest_dense,forest_dense_ (295).jpg,G:\내 드라이브\데이터셋\forest_dense\forest_dense_ (295).jpg,93.212147,0.741608,7.296455,5.266594,0.000000,0.353806,0.514247
forest_dense,forest_dense_ (297).jpg,G:\내 드라이브\데이터셋\forest_dense\forest_dense_ (297).jpg,93.302171,0.412212,4.534373,5.264107,0.000000,0.279012,0.493572
forest_dense,forest_dense_ (299).jpg,G:\내 드라이브\데이터셋\forest_dense\forest_dense_ (299).jpg,18.668816,0.174784,2.743617,5.412649,0.000000,0.340839,0.587503
forest_dense,forest_dense_ (3).png,G:\내 드라이브\데이터셋\forest_dense\forest_dense_ (3).png,30.737353,0.448438,16.401272,5.737023,0.000000,0.289345,0.669464
forest_dense,forest_dense_ (30).jpg,G:\내 드라이브\데이터셋\forest_dense\forest_dense_ (30).jpg,65.728626,0.482532,19.579517,5.599464,0.000000,0.291385,0.620415
forest_dense,forest_dense_ (301).jpg,G:\내 드라이브\데이터셋\forest_dense\forest_dense_ (301).jpg,80.106939,0.580168,4.864046,5.201210,0.000000,0.292092,0.518520
forest_dense,forest_dense_ (302).jpg,G:\내 드라이브\데이터셋\forest_dense\forest_dense_ (302).jpg,83.985572,0.670801,15.101100,5.699793,0.000000,0.318763,0.568689
forest_dense,forest_dense_ (305).jpg,G:\내 드라이브\데이터셋\forest_dense\forest_dense_ (305).jpg,88.083635,0.212809,3.983329,4.715143,0.000000,0.330207,0.480186
forest_dense,forest_dense_ (306).jpg,G:\내 드라이브\데이터셋\forest_dense\forest_dense_ (306).jpg,30.426069,0.369958,9.995549,5.112096,0.000000,0.296419,0.631118
forest_dense,forest_dense_ (310).jpg,G:\내 드라이브\데이터셋\forest_dense\forest_dense_ (310).jpg,95.598437,0.244038,5.179630,4.310275,0.407044,0.329830,0.518590
forest_dense,forest_dense_ (312).jpg,G:\내 드라이브\데이터셋\forest_dense\forest_dense_ (312).jpg,64.517693,0.685186,8.581937,5.160810,0.121412,0.357593,0.585515
forest_dense,forest_dense_ (314).jpg,G:\내 드라이브\데이터셋\forest_dense\forest_dense_ (314).jpg,61.731744,0.175684,2.746965,5.298714,0.000000,0.331148,0.505124
forest_dense,forest_dense_ (317).jpg,G:\내 드라이브\데이터셋\forest_dense\forest_dense_ (317).jpg,95.431240,0.474279,10.036634,5.149207,0.000000,0.364638,0.520193
forest_dense,forest_dense_ (319).jpg,G:\내 드라이브\데이터셋\forest_dense\forest_dense_ (319).jpg,71.896281,0.773317,10.110517,5.728597,0.000000,0.325748,0.568158
forest_dense,forest_dense_ (32).jpg,G:\내 드라이브\데이터셋\forest_dense\forest_dense_ (32).jpg,60.089191,0.434059,13.856143,5.740139,0.000000,0.324734,0.607261
forest_dense,forest_dense_ (320).jpg,G:\내 드라이브\데이터셋\forest_dense\forest_dense_ (320).jpg,79.897157,0.111639,2.096266,5.326600,0.000000,0.311277,0.403669
forest_dense,forest_dense_ (322).jpg,G:\내 드라이브\데이터셋\forest_dense\forest_dense_ (322).jpg,33.603695,0.574091,17.903816,5.440158,0.419298,0.284179,0.725244
forest_dense,forest_dense_ (323).jpg,G:\내 드라이브\데이터셋\forest_dense\forest_dense_ (323).jpg,42.306711,0.393555,6.054555,4.605650,0.000000,0.220663,0.566406
forest_dense,forest_dense_ (331).jpg,G:\내 드라이브\데이터셋\forest_dense\forest_dense_ (331).jpg,16.853751,0.147085,2.312947,4.479945,0.252856,0.331702,0.562401
forest_dense,forest_dense_ (332).jpg,G:\내 드라이브\데이터셋\forest_dense\forest_dense_ (332).jpg,97.076150,0.377106,9.940732,5.852539,0.000000,0.294859,0.518110
forest_dense,forest_dense_ (334).jpg,G:\내 드라이브\데이터셋\forest_dense\forest_dense_ (334).jpg,61.459412,0.693574,15.862184,5.579857,0.000000,0.384510,0.620129
forest_dense,forest_dense_ (336).jpg,G:\내 드라이브\데이터셋\forest_dense\forest_dense_ (336).jpg,94.962569,0.321035,9.204482,4.728093,0.000000,0.319911,0.498642
forest_dense,forest_dense_ (34).jpg,G:\내 드라이브\데이터셋\forest_dense\forest_dense_ (34).jpg,161.282630,0.208025,4.483877,4.490325,0.043371,0.326003,0.416959
forest_dense,forest_dense_ (340).jpg,G:\내 드라이브\데이터셋\forest_dense\forest_dense_ (340).jpg,49.496241,0.476171,10.267102,5.642302,0.000000,0.359696,0.613354
forest_dense,forest_dense_ (342).jpg,G:\내 드라이브\데이터셋\forest_dense\forest_dense_ (342).jpg,41.005544,0.452632,15.252091,5.642302,0.066554,0.297212,0.654691
forest_dense,forest_dense_ (344).jpg,G:\내 드라이브\데이터셋\forest_dense\forest_dense_ (344).jpg,11.895263,0.722181,18.929440,5.866219,0.000000,0.374286,0.724352
forest_dense,forest_dense_ (346).jpg,G:\내 드라이브\데이터셋\forest_dense\forest_dense_ (346).jpg,82.204262,0.500342,13.619904,5.638777,0.000000,0.307974,0.563933
forest_dense,forest_dense_ (347).jpg,G:\내 드라이브\데이터셋\forest_dense\forest_dense_ (347).jpg,60.230547,0.694597,24.988234,5.362796,0.000000,0.335814,0.659051
forest_dense,forest_dense_ (350).jpg,G:\내 드라이브\데이터셋\forest_dense\forest_dense_ (350).jpg,61.488195,0.634560,16.578009,5.384361,0.000000,0.380214,0.622481
forest_dense,forest_dense_ (351).jpg,G:\내 드라이브\데이터셋\forest_dense\forest_dense_ (351).jpg,35.094866,0.401237,7.539643,5.713523,0.047316,0.313525,0.628505
forest_dense,forest_dense_ (353).jpg,G:\내 드라이브\데이터셋\forest_dense\forest_dense_ (353).jpg,82.822524,0.537063,19.424810,5.350082,0.000000,0.295147,0.587063
forest_dense,forest_dense_ (358).jpg,G:\내 드라이브\데이터셋\forest_dense\forest_dense_ (358).jpg,94.256503,0.037306,1.888953,4.893091,0.000000,0.285093,0.284969
forest_dense,forest_dense_ (359).jpg,G:\내 드라이브\데이터셋\forest_dense\forest_dense_ (359).jpg,55.152924,0.299676,4.967927,5.599194,0.000000,0.308014,0.572975
forest_dense,forest_dense_ (36).jpg,G:\내 드라이브\데이터셋\forest_dense\forest_dense_ (36).jpg,0.000000,0.359500,3.677665,5.174259,0.111614,0.338666,0.678091
forest_dense,forest_dense_ (361).jpg,G:\내 드라이브\데이터셋\forest_dense\forest_dense_ (361).jpg,18.670127,0.846903,10.146622,5.535844,0.158238,0.462526,0.700157
forest_dense,forest_dense_ (362).jpg,G:\내 드라이브\데이터셋\forest_dense\forest_dense_ (362).jpg,170.270753,0.198008,7.006333,5.163470,0.000000,0.327651,0.435731
forest_dense,forest_dense_ (364).jpg,G:\내 드라이브\데이터셋\forest_dense\forest_dense_ (364).jpg,28.993063,0.313962,9.570824,5.153375,0.153625,0.301254,0.653585
forest_dense,forest_dense_ (367).jpg,G:\내 드라이브\데이터셋\forest_dense\forest_dense_ (367).jpg,64.424583,0.363796,8.437333,5.458254,0.096846,0.292837,0.583312
forest_dense,forest_dense_ (369).jpg,G:\내 드라이브\데이터셋\forest_dense\forest_dense_ (369).jpg,63.549312,0.490301,10.979364,5.765437,0.000000,0.328045,0.587763
forest_dense,forest_dense_ (371).jpg,G:\내 드라이브\데이터셋\forest_dense\forest_dense_ (371).jpg,23.829377,0.584931,17.760679,5.755569,0.000000,0.300401,0.689606
forest_dense,forest_dense_ (374).jpg,G:\내 드라이브\데이터셋\forest_dense\forest_dense_ (374).jpg,41.402392,0.352455,15.780965,4.717307,0.054998,0.287050,0.631167
forest_dense,forest_dense_ (376).jpg,G:\내 드라이브\데이터셋\forest_dense\forest_dense_ (376).jpg,85.118492,0.732383,10.356413,5.799302,0.000000,0.355229,0.548018
forest_dense,forest_dense_ (378).jpg,G:\내 드라이브\데이터셋\forest_dense\forest_dense_ (378).jpg,82.124970,0.693944,11.159187,5.498580,0.000000,0.342106,0.555957
forest_dense,forest_dense_ (38).jpg,G:\내 드라이브\데이터셋\forest_dense\forest_dense_ (38).jpg,19.623845,0.051564,1.784258,5.447332,0.000000,0.310900,0.455040
forest_dense,forest_dense_ (380).jpg,G:\내 드라이브\데이터셋\forest_dense\forest_dense_ (380).jpg,0.000000,0.154523,3.816392,5.410523,0.000000,0.318685,0.604281
forest_dense,forest_dense_ (382).jpg,G:\내 드라이브\데이터셋\forest_dense\forest_dense_ (382).jpg,77.694411,0.074311,1.797163,5.227273,0.000000,0.286915,0.363229
forest_dense,forest_dense_ (384).jpg,G:\내 드라이브\데이터셋\forest_dense\forest_dense_ (384).jpg,40.704367,0.537455,12.634522,5.902849,0.000000,0.339023,0.638502
forest_dense,forest_dense_ (386).jpg,G:\내 드라이브\데이터셋\forest_dense\forest_dense_ (386).jpg,57.240119,0.389106,5.638071,4.637089,0.000000,0.340203,0.550078
forest_dense,forest_dense_ (388).jpg,G:\내 드라이브\데이터셋\forest_dense\forest_dense_ (388).jpg,0.000000,0.476786,5.783361,5.386446,0.000000,0.342493,0.680907
forest_dense,forest_dense_ (392).jpg,G:\내 드라이브\데이터셋\forest_dense\forest_dense_ (392).jpg,136.883319,0.695755,10.557975,5.383141,0.011321,0.393078,0.489708
forest_dense,forest_dense_ (394).jpg,G:\내 드라이브\데이터셋\forest_dense\forest_dense_ (394).jpg,107.348410,0.320428,4.477899,5.330609,0.000000,0.349147,0.476786
forest_dense,forest_dense_ (396).jpg,G:\내 드라이브\데이터셋\forest_dense\forest_dense_ (396).jpg,41.723936,0.387547,9.747443,5.400434,0.000000,0.304458,0.619643
forest_dense,forest_dense_ (4).jpg,G:\내 드라이브\데이터셋\forest_dense\forest_dense_ (4).jpg,24.566689,0.157255,3.937930,5.392100,0.000000,0.307304,0.561142
forest_dense,forest_dense_ (400).jpg,G:\내 드라이브\데이터셋\forest_dense\forest_dense_ (400).jpg,78.462332,0.290308,5.233136,5.071076,0.243687,0.358676,0.557266
forest_dense,forest_dense_ (404).jpg,G:\내 드라이브\데이터셋\forest_dense\forest_dense_ (404).jpg,104.685492,0.355841,7.888195,4.876836,0.129574,0.355536,0.500012
forest_dense,forest_dense_ (406).jpg,G:\내 드라이브\데이터셋\forest_dense\forest_dense_ (406).jpg,58.507503,0.530331,27.152653,5.439489,0.000000,0.244511,0.664465
forest_dense,forest_dense_ (408).jpg,G:\내 드라이브\데이터셋\forest_dense\forest_dense_ (408).jpg,80.840796,0.389423,11.188807,5.541945,0.000000,0.275658,0.551805
forest_dense,forest_dense_ (409).jpg,G:\내 드라이브\데이터셋\forest_dense\forest_dense_ (409).jpg,84.616204,0.509106,10.557630,5.750694,0.000000,0.351784,0.549538
forest_dense,forest_dense_ (41).jpg,G:\내 드라이브\데이터셋\forest_dense\forest_dense_ (41).jpg,0.003643,0.146858,3.795193,3.312409,0.508244,0.267753,0.587902
forest_dense,forest_dense_ (412).jpg,G:\내 드라이브\데이터셋\forest_dense\forest_dense_ (412).jpg,54.928196,0.314245,6.201559,5.867607,0.000000,0.360822,0.584450
forest_dense,forest_dense_ (414).jpg,G:\내 드라이브\데이터셋\forest_dense\forest_dense_ (414).jpg,46.610962,0.582695,12.532621,5.383109,0.000000,0.357131,0.628443
forest_dense,forest_dense_ (415).jpg,G:\내 드라이브\데이터셋\forest_dense\forest_dense_ (415).jpg,42.490692,0.051451,1.508087,4.589592,0.000000,0.340058,0.387612
forest_dense,forest_dense_ (42).jpg,G:\내 드라이브\데이터셋\forest_dense\forest_dense_ (42).jpg,74.547971,0.360053,7.895816,5.119789,0.000000,0.322508,0.543251
forest_dense,forest_dense_ (422).jpg,G:\내 드라이브\데이터셋\forest_dense\forest_dense_ (422).jpg,73.487374,0.663839,11.347222,5.534168,0.000000,0.303545,0.568818
forest_dense,forest_dense_ (424).jpg,G:\내 드라이브\데이터셋\forest_dense\forest_dense_ (424).jpg,0.000000,0.380922,8.204078,5.819148,0.064295,0.300110,0.696826
forest_dense,forest_dense_ (428).jpg,G:\내 드라이브\데이터셋\forest_dense\forest_dense_ (428).jpg,47.982271,0.766493,18.193443,5.818900,0.414307,0.371435,0.708318
forest_dense,forest_dense_ (431).jpg,G:\내 드라이브\데이터셋\forest_dense\forest_dense_ (431).jpg,0.000000,0.311652,4.409048,4.401722,0.225896,0.324962,0.669254
forest_dense,forest_dense_ (432).jpg,G:\내 드라이브\데이터셋\forest_dense\forest_dense_ (432).jpg,58.595719,0.146770,3.296905,4.573884,0.177608,0.291382,0.479489
forest_dense,forest_dense_ (434).jpg,G:\내 드라이브\데이터셋\forest_dense\forest_dense_ (434).jpg,23.539005,0.418786,12.642811,5.090712,0.000000,0.289108,0.654710
forest_dense,forest_dense_ (436).jpg,G:\내 드라이브\데이터셋\forest_dense\forest_dense_ (436).jpg,66.237825,0.252997,3.166702,5.194039,0.000000,0.314245,0.537967
forest_dense,forest_dense_ (439).jpg,G:\내 드라이브\데이터셋\forest_dense\forest_dense_ (439).jpg,0.875490,0.255614,4.318407,4.969256,0.000000,0.333388,0.657618
forest_dense,forest_dense_ (44).jpg,G:\내 드라이브\데이터셋\forest_dense\forest_dense_ (44).jpg,140.406676,0.121268,3.232284,4.574241,0.000000,0.347664,0.323661
forest_dense,forest_dense_ (442).jpg,G:\내 드라이브\데이터셋\forest_dense\forest_dense_ (442).jpg,111.699260,0.111144,3.005878,3.959623,0.297393,0.292250,0.340325
forest_dense,forest_dense_ (444).jpg,G:\내 드라이브\데이터셋\forest_dense\forest_dense_ (444).jpg,40.230098,0.279252,6.112777,5.646234,0.000000,0.308005,0.605699
forest_dense,forest_dense_ (445).jpg,G:\내 드라이브\데이터셋\forest_dense\forest_dense_ (445).jpg,29.394419,0.513856,9.748695,5.724552,0.000000,0.318171,0.643624
forest_dense,forest_dense_ (449).jpg,G:\내 드라이브\데이터셋\forest_dense\forest_dense_ (449).jpg,0.000000,0.428077,7.310017,5.548341,0.000000,0.293370,0.683603
forest_dense,forest_dense_ (451).jpg,G:\내 드라이브\데이터셋\forest_dense\forest_dense_ (451).jpg,0.000000,0.349206,4.838092,5.471566,0.000000,0.292711,0.671950
forest_dense,forest_dense_ (452).jpg,G:\내 드라이브\데이터셋\forest_dense\forest_dense_ (452).jpg,0.000000,0.356065,11.503105,5.038447,0.000000,0.244474,0.686316
forest_dense,forest_dense_ (454).jpg,G:\내 드라이브\데이터셋\forest_dense\forest_dense_ (454).jpg,75.130835,0.404924,8.557496,4.939219,0.182654,0.354599,0.566219
forest_dense,forest_dense_ (455).jpg,G:\내 드라이브\데이터셋\forest_dense\forest_dense_ (455).jpg,75.783210,0.231989,8.992815,4.512353,0.000000,0.303266,0.523956
forest_dense,forest_dense_ (46).jpg,G:\내 드라이브\데이터셋\forest_dense\forest_dense_ (46).jpg,47.865670,0.108066,2.642367,4.928421,0.000000,0.321791,0.449158
forest_dense,forest_dense_ (465).jpg,G:\내 드라이브\데이터셋\forest_dense\forest_dense_ (465).jpg,83.454211,0.050871,2.149928,4.438335,0.498730,0.324678,0.373196
forest_dense,forest_dense_ (466).jpg,G:\내 드라이브\데이터셋\forest_dense\forest_dense_ (466).jpg,27.363904,0.335939,9.383096,5.490762,0.000000,0.286272,0.642443
forest_dense,forest_dense_ (468).jpg,G:\내 드라이브\데이터셋\forest_dense\forest_dense_ (468).jpg,45.434050,0.302121,7.643219,4.983482,0.090020,0.329358,0.603286
forest_dense,forest_dense_ (478).jpg,G:\내 드라이브\데이터셋\forest_dense\forest_dense_ (478).jpg,8.713492,0.031531,1.259137,4.020986,0.000000,0.288171,0.404309
forest_dense,forest_dense_ (48).jpg,G:\내 드라이브\데이터셋\forest_dense\forest_dense_ (48).jpg,113.150620,0.572442,7.232980,5.311772,0.000000,0.378159,0.481337
forest_dense,forest_dense_ (481).jpg,G:\내 드라이브\데이터셋\forest_dense\forest_dense_ (481).jpg,49.877420,0.273959,4.975608,4.790128,0.000000,0.329201,0.564472
forest_dense,forest_dense_ (483).jpg,G:\내 드라이브\데이터셋\forest_dense\forest_dense_ (483).jpg,130.522137,0.208013,5.315541,4.367573,0.000000,0.327178,0.411233
forest_dense,forest_dense_ (484).jpg,G:\내 드라이브\데이터셋\forest_dense\forest_dense_ (484).jpg,43.042851,0.065956,2.030658,5.475944,0.000000,0.327520,0.429315
forest_dense,forest_dense_ (5).png,G:\내 드라이브\데이터셋\forest_dense\forest_dense_ (5).png,67.475198,0.030098,1.583854,5.366765,0.000000,0.292136,0.341924
forest_dense,forest_dense_ (50).jpg,G:\내 드라이브\데이터셋\forest_dense\forest_dense_ (50).jpg,142.759350,0.291522,5.278129,4.321441,0.379682,0.337571,0.471905
forest_dense,forest_dense_ (54).jpg,G:\내 드라이브\데이터셋\forest_dense\forest_dense_ (54).jpg,66.061217,0.190271,5.901362,4.982793,0.000000,0.305377,0.513452
forest_dense,forest_dense_ (56).jpg,G:\내 드라이브\데이터셋\forest_dense\forest_dense_ (56).jpg,121.189387,0.617968,8.133500,5.627089,0.000000,0.325019,0.470628
forest_dense,forest_dense_ (58).jpg,G:\내 드라이브\데이터셋\forest_dense\forest_dense_ (58).jpg,115.295620,0.288859,6.141001,4.757880,0.000000,0.354622,0.451469
forest_dense,forest_dense_ (6).jpg,G:\내 드라이브\데이터셋\forest_dense\forest_dense_ (6).jpg,66.225034,0.288237,7.877176,5.781703,0.000000,0.331135,0.568625
forest_dense,forest_dense_ (60).jpg,G:\내 드라이브\데이터셋\forest_dense\forest_dense_ (60).jpg,53.107071,0.259032,5.424438,5.211561,0.096056,0.341950,0.588465
forest_dense,forest_dense_ (62).jpg,G:\내 드라이브\데이터셋\forest_dense\forest_dense_ (62).jpg,19.320909,0.262729,7.333636,4.748181,0.057205,0.301101,0.634774
forest_dense,forest_dense_ (64).jpg,G:\내 드라이브\데이터셋\forest_dense\forest_dense_ (64).jpg,118.124941,0.533837,12.044049,5.217276,0.054717,0.360211,0.496938
forest_dense,forest_dense_ (68).jpg,G:\내 드라이브\데이터셋\forest_dense\forest_dense_ (68).jpg,77.306135,0.483164,11.075936,4.783834,0.343746,0.289842,0.583323
forest_dense,forest_dense_ (7).png,G:\내 드라이브\데이터셋\forest_dense\forest_dense_ (7).png,0.000000,0.622597,25.097345,5.877774,0.445157,0.281944,0.823709
forest_dense,forest_dense_ (70).jpg,G:\내 드라이브\데이터셋\forest_dense\forest_dense_ (70).jpg,30.082269,0.063784,2.715581,4.495618,0.500262,0.310908,0.487342
forest_dense,forest_dense_ (72).jpg,G:\내 드라이브\데이터셋\forest_dense\forest_dense_ (72).jpg,134.652600,0.424070,9.290307,5.494895,0.000000,0.337193,0.477268
forest_dense,forest_dense_ (742).jpg,G:\내 드라이브\데이터셋\forest_dense\forest_dense_ (742).jpg,14.667078,0.080970,1.816663,5.122548,0.000000,0.272427,0.480590
forest_dense,forest_dense_ (77).jpg,G:\내 드라이브\데이터셋\forest_dense\forest_dense_ (77).jpg,34.861795,0.010044,0.849327,5.193060,0.000000,0.290289,0.372243
forest_dense,forest_dense_ (79).jpg,G:\내 드라이브\데이터셋\forest_dense\forest_dense_ (79).jpg,13.701656,0.046092,1.452164,5.116380,0.000000,0.324586,0.450784
forest_dense,forest_dense_ (81).jpg,G:\내 드라이브\데이터셋\forest_dense\forest_dense_ (81).jpg,104.611138,0.163886,2.384670,4.716168,0.000000,0.319215,0.392404
forest_dense,forest_dense_ (83).jpg,G:\내 드라이브\데이터셋\forest_dense\forest_dense_ (83).jpg,51.499198,0.039406,1.680090,4.995427,0.000000,0.345192,0.373900
forest_dense,forest_dense_ (835).jpg,G:\내 드라이브\데이터셋\forest_dense\forest_dense_ (835).jpg,72.103156,0.000184,0.488975,4.252601,0.000000,0.000000,0.232040
forest_dense,forest_dense_ (85).jpg,G:\내 드라이브\데이터셋\forest_dense\forest_dense_ (85).jpg,11.288224,0.040196,1.893726,5.310281,0.000000,0.324883,0.457876
forest_dense,forest_dense_ (856).jpg,G:\내 드라이브\데이터셋\forest_dense\forest_dense_ (856).jpg,13.014890,0.086186,1.888273,5.124254,0.000000,0.264018,0.488387
forest_dense,forest_dense_ (87).jpg,G:\내 드라이브\데이터셋\forest_dense\forest_dense_ (87).jpg,95.926196,0.309648,3.257820,4.587016,0.203570,0.337391,0.492510
forest_dense,forest_dense_ (89).jpg,G:\내 드라이브\데이터셋\forest_dense\forest_dense_ (89).jpg,86.834644,0.165458,2.677305,4.839407,0.000000,0.297607,0.429885
forest_dense,forest_dense_ (9).jpg,G:\내 드라이브\데이터셋\forest_dense\forest_dense_ (9).jpg,15.271180,0.631264,5.542292,5.346770,0.000000,0.360248,0.652233
forest_dense,forest_dense_ (91).jpg,G:\내 드라이브\데이터셋\forest_dense\forest_dense_ (91).jpg,79.896638,0.222156,2.817978,4.951891,0.000000,0.260555,0.497851
forest_dense,forest_dense_ (913).jpg,G:\내 드라이브\데이터셋\forest_dense\forest_dense_ (913).jpg,63.376714,0.448530,10.466330,4.978655,0.000000,0.276851,0.566510
forest_dense,forest_dense_ (94).jpg,G:\내 드라이브\데이터셋\forest_dense\forest_dense_ (94).jpg,62.917992,0.127193,8.473826,4.933553,0.000000,0.275173,0.463534
forest_dense,forest_dense_ (96).jpg,G:\내 드라이브\데이터셋\forest_dense\forest_dense_ (96).jpg,86.595751,0.450661,4.793796,5.841804,0.000000,0.317873,0.515499
forest_dense,forest_dense_ (968).jpg,G:\내 드라이브\데이터셋\forest_dense\forest_dense_ (968).jpg,137.060022,0.381686,12.718813,4.219069,0.019532,0.293959,0.452190
forest_dense,forest_dense_.jpg,G:\내 드라이브\데이터셋\forest_dense\forest_dense_.jpg,49.956922,0.450760,10.711604,5.669536,0.000000,0.334143,0.612037
forest_dense,forest_dense_shadow (1).png,G:\내 드라이브\데이터셋\forest_dense\forest_dense_shadow (1).png,95.951478,0.417749,10.633178,5.619317,0.454656,0.291628,0.582200
forest_dense,forest_dense_shadow (10).jpg,G:\내 드라이브\데이터셋\forest_dense\forest_dense_shadow (10).jpg,120.811257,0.310941,9.269559,5.356934,0.000000,0.314566,0.473472
forest_dense,forest_dense_shadow (100).jpg,G:\내 드라이브\데이터셋\forest_dense\forest_dense_shadow (100).jpg,84.511520,0.420352,10.045590,5.061637,0.000000,0.329094,0.533782
forest_dense,forest_dense_shadow (103).jpg,G:\내 드라이브\데이터셋\forest_dense\forest_dense_shadow (103).jpg,160.059694,0.701064,17.726990,4.988723,0.350371,0.379955,0.552930
forest_dense,forest_dense_shadow (104).jpg,G:\내 드라이브\데이터셋\forest_dense\forest_dense_shadow (104).jpg,59.445324,0.492263,20.668716,4.273004,0.275731,0.293467,0.635527
forest_dense,forest_dense_shadow (105).jpg,G:\내 드라이브\데이터셋\forest_dense\forest_dense_shadow (105).jpg,92.197203,0.753128,21.200323,5.357268,0.560367,0.400603,0.661832
forest_dense,forest_dense_shadow (107).jpg,G:\내 드라이브\데이터셋\forest_dense\forest_dense_shadow (107).jpg,122.102395,0.320685,10.061924,4.838041,0.265284,0.282726,0.491193
forest_dense,forest_dense_shadow (108).jpg,G:\내 드라이브\데이터셋\forest_dense\forest_dense_shadow (108).jpg,120.358669,0.870074,15.701168,5.198147,0.000000,0.432369,0.510108
forest_dense,forest_dense_shadow (109).jpg,G:\내 드라이브\데이터셋\forest_dense\forest_dense_shadow (109).jpg,39.277535,0.164710,3.747071,3.016327,0.536817,0.339932,0.534589
forest_dense,forest_dense_shadow (112).jpg,G:\내 드라이브\데이터셋\forest_dense\forest_dense_shadow (112).jpg,80.622660,0.153648,6.307967,2.950987,0.335140,0.273105,0.424654
forest_dense,forest_dense_shadow (113).jpg,G:\내 드라이브\데이터셋\forest_dense\forest_dense_shadow (113).jpg,113.699102,0.350166,10.535000,3.955342,0.442947,0.302038,0.500566
forest_dense,forest_dense_shadow (117).jpg,G:\내 드라이브\데이터셋\forest_dense\forest_dense_shadow (117).jpg,136.153934,0.142572,4.197806,3.244843,0.491128,0.298124,0.364069
forest_dense,forest_dense_shadow (119).jpg,G:\내 드라이브\데이터셋\forest_dense\forest_dense_shadow (119).jpg,0.000000,0.726454,19.145674,5.586913,0.235321,0.365957,0.776933
forest_dense,forest_dense_shadow (12).jpg,G:\내 드라이브\데이터셋\forest_dense\forest_dense_shadow (12).jpg,100.414866,0.528292,12.339059,5.494781,0.224846,0.317722,0.554748
forest_dense,forest_dense_shadow (120).jpg,G:\내 드라이브\데이터셋\forest_dense\forest_dense_shadow (120).jpg,85.205194,0.452053,10.260178,5.445458,0.000000,0.359721,0.547857
forest_dense,forest_dense_shadow (121).jpg,G:\내 드라이브\데이터셋\forest_dense\forest_dense_shadow (121).jpg,157.687360,0.474871,15.816640,4.584009,0.169718,0.332724,0.502277
forest_dense,forest_dense_shadow (123).jpg,G:\내 드라이브\데이터셋\forest_dense\forest_dense_shadow (123).jpg,62.074196,0.672375,21.156208,5.017506,0.000000,0.352139,0.627831
forest_dense,forest_dense_shadow (125).jpg,G:\내 드라이브\데이터셋\forest_dense\forest_dense_shadow (125).jpg,0.000000,0.804494,18.274553,5.168677,0.639606,0.372667,0.818367
forest_dense,forest_dense_shadow (126).jpg,G:\내 드라이브\데이터셋\forest_dense\forest_dense_shadow (126).jpg,100.950537,0.341403,7.258612,3.956397,0.548845,0.334666,0.525645
forest_dense,forest_dense_shadow (129).jpg,G:\내 드라이브\데이터셋\forest_dense\forest_dense_shadow (129).jpg,136.936737,0.226731,7.851422,3.198477,0.344537,0.304043,0.438614
forest_dense,forest_dense_shadow (131).jpg,G:\내 드라이브\데이터셋\forest_dense\forest_dense_shadow (131).jpg,210.840920,0.348419,9.599930,4.937560,0.635769,0.295799,0.541815
forest_dense,forest_dense_shadow (133).jpg,G:\내 드라이브\데이터셋\forest_dense\forest_dense_shadow (133).jpg,26.432120,0.284134,7.614637,3.782369,0.344954,0.312839,0.629442
forest_dense,forest_dense_shadow (135).jpg,G:\내 드라이브\데이터셋\forest_dense\forest_dense_shadow (135).jpg,81.838193,0.723405,15.649612,4.785944,0.599540,0.376133,0.638406
forest_dense,forest_dense_shadow (138).jpg,G:\내 드라이브\데이터셋\forest_dense\forest_dense_shadow (138).jpg,157.557100,0.486990,9.551126,4.205770,0.421354,0.271991,0.486938
forest_dense,forest_dense_shadow (139).jpg,G:\내 드라이브\데이터셋\forest_dense\forest_dense_shadow (139).jpg,125.206869,0.801479,8.958008,4.848745,0.032149,0.443285,0.472123
forest_dense,forest_dense_shadow (140).jpg,G:\내 드라이브\데이터셋\forest_dense\forest_dense_shadow (140).jpg,71.912409,0.675756,18.589428,5.475079,0.045936,0.332263,0.614497
forest_dense,forest_dense_shadow (141).jpg,G:\내 드라이브\데이터셋\forest_dense\forest_dense_shadow (141).jpg,96.337249,0.320206,10.492244,4.767109,0.084256,0.291429,0.511564
forest_dense,forest_dense_shadow (142).jpg,G:\내 드라이브\데이터셋\forest_dense\forest_dense_shadow (142).jpg,167.972535,0.126205,5.006331,4.930370,0.000000,0.305784,0.344597
forest_dense,forest_dense_shadow (143).jpg,G:\내 드라이브\데이터셋\forest_dense\forest_dense_shadow (143).jpg,119.335362,0.483605,5.338388,4.737710,0.000000,0.269300,0.431096
forest_dense,forest_dense_shadow (145).jpg,G:\내 드라이브\데이터셋\forest_dense\forest_dense_shadow (145).jpg,29.580755,0.226089,4.760223,3.029421,0.709830,0.301253,0.631466
forest_dense,forest_dense_shadow (147).jpg,G:\내 드라이브\데이터셋\forest_dense\forest_dense_shadow (147).jpg,110.020432,0.705969,17.296976,5.389165,0.182260,0.369558,0.559664
forest_dense,forest_dense_shadow (149).jpg,G:\내 드라이브\데이터셋\forest_dense\forest_dense_shadow (149).jpg,45.782932,0.407944,7.816063,3.898912,0.415962,0.355957,0.612337
forest_dense,forest_dense_shadow (15).jpg,G:\내 드라이브\데이터셋\forest_dense\forest_dense_shadow (15).jpg,25.475072,0.401438,7.826186,5.179432,0.121867,0.309812,0.649453
forest_dense,forest_dense_shadow (151).jpg,G:\내 드라이브\데이터셋\forest_dense\forest_dense_shadow (151).jpg,123.011281,0.529576,9.823067,4.651393,0.188513,0.317528,0.477352
forest_dense,forest_dense_shadow (153).jpg,G:\내 드라이브\데이터셋\forest_dense\forest_dense_shadow (153).jpg,31.698051,0.292528,6.729559,3.388205,0.401606,0.269450,0.605526
forest_dense,forest_dense_shadow (155).jpg,G:\내 드라이브\데이터셋\forest_dense\forest_dense_shadow (155).jpg,126.801306,0.458247,14.306594,4.371048,0.026608,0.341896,0.470412
forest_dense,forest_dense_shadow (156).jpg,G:\내 드라이브\데이터셋\forest_dense\forest_dense_shadow (156).jpg,87.966650,0.319017,10.624315,4.146914,0.289523,0.282672,0.532665
forest_dense,forest_dense_shadow (159).jpg,G:\내 드라이브\데이터셋\forest_dense\forest_dense_shadow (159).jpg,55.515135,0.568342,16.586601,5.377023,0.142890,0.331234,0.646905
forest_dense,forest_dense_shadow (16).jpg,G:\내 드라이브\데이터셋\forest_dense\forest_dense_shadow (16).jpg,110.921796,0.851045,19.084372,5.837731,0.153085,0.394310,0.565433
forest_dense,forest_dense_shadow (161).jpg,G:\내 드라이브\데이터셋\forest_dense\forest_dense_shadow (161).jpg,78.345500,0.367515,12.285402,5.590869,0.000000,0.294850,0.563439
forest_dense,forest_dense_shadow (163).jpg,G:\내 드라이브\데이터셋\forest_dense\forest_dense_shadow (163).jpg,70.707758,0.373671,7.388362,3.705613,0.610710,0.338898,0.581805
forest_dense,forest_dense_shadow (167).jpg,G:\내 드라이브\데이터셋\forest_dense\forest_dense_shadow (167).jpg,66.756938,0.586752,13.990710,4.971697,0.321720,0.347800,0.625521
forest_dense,forest_dense_shadow (168).jpg,G:\내 드라이브\데이터셋\forest_dense\forest_dense_shadow (168).jpg,17.234131,0.628318,12.506830,4.682384,0.581253,0.374941,0.736166
forest_dense,forest_dense_shadow (169).jpg,G:\내 드라이브\데이터셋\forest_dense\forest_dense_shadow (169).jpg,22.864664,0.637296,14.067506,4.790237,0.681705,0.375550,0.749874
forest_dense,forest_dense_shadow (171).jpg,G:\내 드라이브\데이터셋\forest_dense\forest_dense_shadow (171).jpg,83.935827,0.304757,6.912293,5.186490,0.221186,0.332545,0.553411
forest_dense,forest_dense_shadow (173).jpg,G:\내 드라이브\데이터셋\forest_dense\forest_dense_shadow (173).jpg,91.343056,0.416573,10.987483,4.739082,0.221779,0.351868,0.546029
forest_dense,forest_dense_shadow (175).jpg,G:\내 드라이브\데이터셋\forest_dense\forest_dense_shadow (175).jpg,120.020560,0.211441,4.929058,3.927255,0.036765,0.289670,0.399200
forest_dense,forest_dense_shadow (177).jpg,G:\내 드라이브\데이터셋\forest_dense\forest_dense_shadow (177).jpg,0.000000,0.510514,33.130943,4.355378,0.000000,0.310263,0.766206
forest_dense,forest_dense_shadow (179).jpg,G:\내 드라이브\데이터셋\forest_dense\forest_dense_shadow (179).jpg,107.456139,0.426190,8.045059,4.443597,0.508949,0.322206,0.527212
forest_dense,forest_dense_shadow (18).jpg,G:\내 드라이브\데이터셋\forest_dense\forest_dense_shadow (18).jpg,90.661399,0.487963,10.452831,5.615983,0.000000,0.313528,0.534138
forest_dense,forest_dense_shadow (181).jpg,G:\내 드라이브\데이터셋\forest_dense\forest_dense_shadow (181).jpg,112.656635,0.380736,7.177306,4.221452,0.472817,0.328294,0.502117
forest_dense,forest_dense_shadow (182).jpg,G:\내 드라이브\데이터셋\forest_dense\forest_dense_shadow (182).jpg,117.282076,0.589101,15.210544,4.624416,0.000000,0.276635,0.478093
forest_dense,forest_dense_shadow (185).jpg,G:\내 드라이브\데이터셋\forest_dense\forest_dense_shadow (185).jpg,159.382684,0.571891,13.491759,5.197396,0.362414,0.367997,0.540403
forest_dense,forest_dense_shadow (187).jpg,G:\내 드라이브\데이터셋\forest_dense\forest_dense_shadow (187).jpg,79.427672,0.181281,3.094031,3.112061,0.274094,0.296190,0.439154
forest_dense,forest_dense_shadow (191).jpg,G:\내 드라이브\데이터셋\forest_dense\forest_dense_shadow (191).jpg,56.681585,0.692572,22.407505,5.380408,0.420829,0.310185,0.706192
forest_dense,forest_dense_shadow (192).jpg,G:\내 드라이브\데이터셋\forest_dense\forest_dense_shadow (192).jpg,72.092285,0.052764,1.601930,1.540881,0.696991,0.312481,0.321323
forest_dense,forest_dense_shadow (193).jpg,G:\내 드라이브\데이터셋\forest_dense\forest_dense_shadow (193).jpg,218.896514,0.327752,9.719290,4.673274,0.467435,0.303414,0.512443
forest_dense,forest_dense_shadow (195).jpg,G:\내 드라이브\데이터셋\forest_dense\forest_dense_shadow (195).jpg,108.654868,0.358721,7.658276,3.670221,0.433323,0.329577,0.488328
forest_dense,forest_dense_shadow (197).jpg,G:\내 드라이브\데이터셋\forest_dense\forest_dense_shadow (197).jpg,158.575256,0.836859,31.688246,5.814208,0.000000,0.347716,0.583310
forest_dense,forest_dense_shadow (199).jpg,G:\내 드라이브\데이터셋\forest_dense\forest_dense_shadow (199).jpg,125.209053,0.727568,25.259808,5.103719,0.103157,0.356080,0.557548
forest_dense,forest_dense_shadow (2).jpg,G:\내 드라이브\데이터셋\forest_dense\forest_dense_shadow (2).jpg,91.159436,0.343775,7.750875,5.678616,0.000000,0.343355,0.523542
forest_dense,forest_dense_shadow (20).jpg,G:\내 드라이브\데이터셋\forest_dense\forest_dense_shadow (20).jpg,143.756357,0.602156,8.455083,5.538585,0.149145,0.271170,0.486139
forest_dense,forest_dense_shadow (200).jpg,G:\내 드라이브\데이터셋\forest_dense\forest_dense_shadow (200).jpg,49.187662,0.219222,5.893069,4.466279,0.552057,0.329925,0.630304
forest_dense,forest_dense_shadow (203).jpg,G:\내 드라이브\데이터셋\forest_dense\forest_dense_shadow (203).jpg,48.412595,0.239283,6.095552,4.633404,0.130263,0.308903,0.582088
forest_dense,forest_dense_shadow (205).jpg,G:\내 드라이브\데이터셋\forest_dense\forest_dense_shadow (205).jpg,138.407738,0.713444,24.190487,5.402890,0.330815,0.365320,0.592931
forest_dense,forest_dense_shadow (207).jpg,G:\내 드라이브\데이터셋\forest_dense\forest_dense_shadow (207).jpg,185.188537,0.659253,17.770800,4.771718,0.596898,0.354137,0.575368
forest_dense,forest_dense_shadow (209).jpg,G:\내 드라이브\데이터셋\forest_dense\forest_dense_shadow (209).jpg,66.686130,0.475226,8.232802,5.180631,0.014025,0.304807,0.561325
forest_dense,forest_dense_shadow (211).jpg,G:\내 드라이브\데이터셋\forest_dense\forest_dense_shadow (211).jpg,149.940475,0.721266,12.177797,4.875145,0.227597,0.374663,0.506642
forest_dense,forest_dense_shadow (213).jpg,G:\내 드라이브\데이터셋\forest_dense\forest_dense_shadow (213).jpg,0.000000,0.500818,31.161180,4.525381,0.169133,0.276444,0.786546
forest_dense,forest_dense_shadow (215).jpg,G:\내 드라이브\데이터셋\forest_dense\forest_dense_shadow (215).jpg,0.000000,0.312194,27.958376,2.903859,0.000000,0.308767,0.698727
forest_dense,forest_dense_shadow (217).jpg,G:\내 드라이브\데이터셋\forest_dense\forest_dense_shadow (217).jpg,78.710694,0.795503,24.206005,5.633063,0.304686,0.359680,0.664740
forest_dense,forest_dense_shadow (219).jpg,G:\내 드라이브\데이터셋\forest_dense\forest_dense_shadow (219).jpg,89.889279,0.890304,12.602070,5.398283,0.000000,0.432834,0.557501
forest_dense,forest_dense_shadow (22).jpg,G:\내 드라이브\데이터셋\forest_dense\forest_dense_shadow (22).jpg,56.791661,0.492996,9.908476,5.493773,0.030039,0.337066,0.599940
forest_dense,forest_dense_shadow (221).jpg,G:\내 드라이브\데이터셋\forest_dense\forest_dense_shadow (221).jpg,0.000000,0.699938,19.861683,5.315063,0.334228,0.348124,0.788532
forest_dense,forest_dense_shadow (223).jpg,G:\내 드라이브\데이터셋\forest_dense\forest_dense_shadow (223).jpg,18.444435,0.636911,13.667203,5.537484,0.233592,0.348094,0.715427
forest_dense,forest_dense_shadow (225).jpg,G:\내 드라이브\데이터셋\forest_dense\forest_dense_shadow (225).jpg,104.522610,0.847771,29.906389,5.890944,0.000000,0.353735,0.603935
forest_dense,forest_dense_shadow (227).jpg,G:\내 드라이브\데이터셋\forest_dense\forest_dense_shadow (227).jpg,129.245403,0.341401,10.127823,4.135865,0.184063,0.302417,0.459506
forest_dense,forest_dense_shadow (229).jpg,G:\내 드라이브\데이터셋\forest_dense\forest_dense_shadow (229).jpg,189.988575,0.659912,16.537794,5.450892,0.227159,0.360621,0.543114
forest_dense,forest_dense_shadow (231).jpg,G:\내 드라이브\데이터셋\forest_dense\forest_dense_shadow (231).jpg,0.000000,0.704638,24.348236,5.395747,0.686202,0.340704,0.857267
forest_dense,forest_dense_shadow (233).jpg,G:\내 드라이브\데이터셋\forest_dense\forest_dense_shadow (233).jpg,91.354872,0.176292,6.317445,4.794519,0.000000,0.295112,0.447750
forest_dense,forest_dense_shadow (235).jpg,G:\내 드라이브\데이터셋\forest_dense\forest_dense_shadow (235).jpg,94.350882,0.451061,13.690125,5.444720,0.000000,0.341467,0.545342
forest_dense,forest_dense_shadow (237).jpg,G:\내 드라이브\데이터셋\forest_dense\forest_dense_shadow (237).jpg,194.632162,0.042880,2.271108,4.959248,0.000000,0.344099,0.253244
forest_dense,forest_dense_shadow (239).jpg,G:\내 드라이브\데이터셋\forest_dense\forest_dense_shadow (239).jpg,110.711525,0.725821,17.183390,5.655576,0.266031,0.348938,0.567054
forest_dense,forest_dense_shadow (24).jpg,G:\내 드라이브\데이터셋\forest_dense\forest_dense_shadow (24).jpg,117.635999,0.615146,16.044498,5.020907,0.000000,0.341495,0.501056
forest_dense,forest_dense_shadow (240).jpg,G:\내 드라이브\데이터셋\forest_dense\forest_dense_shadow (240).jpg,104.277975,0.137969,3.762298,3.998956,0.000000,0.292084,0.346935
forest_dense,forest_dense_shadow (242).jpg,G:\내 드라이브\데이터셋\forest_dense\forest_dense_shadow (242).jpg,69.990245,0.135517,2.433441,4.282988,0.000000,0.318521,0.413227
forest_dense,forest_dense_shadow (245).jpg,G:\내 드라이브\데이터셋\forest_dense\forest_dense_shadow (245).jpg,151.420756,0.666217,18.205599,5.586464,0.462210,0.345553,0.579981
forest_dense,forest_dense_shadow (247).jpg,G:\내 드라이브\데이터셋\forest_dense\forest_dense_shadow (247).jpg,75.470514,0.334315,8.307926,3.975233,0.356969,0.329916,0.552486
forest_dense,forest_dense_shadow (249).jpg,G:\내 드라이브\데이터셋\forest_dense\forest_dense_shadow (249).jpg,93.422769,0.491738,20.577784,4.264560,0.100456,0.332912,0.553686
forest_dense,forest_dense_shadow (25).jpg,G:\내 드라이브\데이터셋\forest_dense\forest_dense_shadow (25).jpg,99.805116,0.476178,9.508318,4.465302,0.359664,0.351705,0.532364
forest_dense,forest_dense_shadow (251).jpg,G:\내 드라이브\데이터셋\forest_dense\forest_dense_shadow (251).jpg,0.000000,0.899105,15.229078,4.681665,0.000000,0.448435,0.712285
forest_dense,forest_dense_shadow (253).jpg,G:\내 드라이브\데이터셋\forest_dense\forest_dense_shadow (253).jpg,50.782927,0.502879,14.233647,5.174559,0.163588,0.349021,0.642272
forest_dense,forest_dense_shadow (255).jpg,G:\내 드라이브\데이터셋\forest_dense\forest_dense_shadow (255).jpg,138.894085,0.478415,12.196728,5.135684,0.000000,0.330651,0.481427
forest_dense,forest_dense_shadow (257).jpg,G:\내 드라이브\데이터셋\forest_dense\forest_dense_shadow (257).jpg,0.000000,0.884512,32.937027,5.668298,0.474976,0.364906,0.868237
forest_dense,forest_dense_shadow (259).jpg,G:\내 드라이브\데이터셋\forest_dense\forest_dense_shadow (259).jpg,29.627164,0.578791,26.464718,4.908755,0.000000,0.346873,0.708049
forest_dense,forest_dense_shadow (261).jpg,G:\내 드라이브\데이터셋\forest_dense\forest_dense_shadow (261).jpg,0.000000,0.742916,28.421141,5.687037,0.539792,0.299978,0.853395
forest_dense,forest_dense_shadow (263).jpg,G:\내 드라이브\데이터셋\forest_dense\forest_dense_shadow (263).jpg,0.000000,0.523841,26.437584,4.461524,0.322189,0.290124,0.783541
forest_dense,forest_dense_shadow (265).jpg,G:\내 드라이브\데이터셋\forest_dense\forest_dense_shadow (265).jpg,103.705888,0.466132,13.987610,4.508810,0.000000,0.274175,0.493151
forest_dense,forest_dense_shadow (267).jpg,G:\내 드라이브\데이터셋\forest_dense\forest_dense_shadow (267).jpg,97.209044,0.412033,16.410404,4.962224,0.082802,0.290207,0.543900
forest_dense,forest_dense_shadow (27).jpg,G:\내 드라이브\데이터셋\forest_dense\forest_dense_shadow (27).jpg,142.593081,0.670781,16.161699,5.435187,0.589440,0.371774,0.589563
forest_dense,forest_dense_shadow (270).jpg,G:\내 드라이브\데이터셋\forest_dense\forest_dense_shadow (270).jpg,88.124957,0.721200,21.958790,4.961658,0.421748,0.364213,0.638007
forest_dense,forest_dense_shadow (271).jpg,G:\내 드라이브\데이터셋\forest_dense\forest_dense_shadow (271).jpg,109.009730,0.780539,32.119423,5.495832,0.000000,0.351587,0.605307
forest_dense,forest_dense_shadow (275).jpg,G:\내 드라이브\데이터셋\forest_dense\forest_dense_shadow (275).jpg,0.000000,0.531761,11.657165,4.529507,0.656776,0.321160,0.763123
forest_dense,forest_dense_shadow (277).jpg,G:\내 드라이브\데이터셋\forest_dense\forest_dense_shadow (277).jpg,0.000000,0.666026,15.197149,5.481624,0.405101,0.329657,0.776866
forest_dense,forest_dense_shadow (279).jpg,G:\내 드라이브\데이터셋\forest_dense\forest_dense_shadow (279).jpg,90.609774,0.864042,32.295017,5.521502,0.052077,0.390636,0.649716
forest_dense,forest_dense_shadow (281).jpg,G:\내 드라이브\데이터셋\forest_dense\forest_dense_shadow (281).jpg,183.529913,0.486494,11.885136,4.892467,0.056433,0.316894,0.477819
forest_dense,forest_dense_shadow (283).jpg,G:\내 드라이브\데이터셋\forest_dense\forest_dense_shadow (283).jpg,98.140845,0.764076,21.375429,5.525254,0.137420,0.375415,0.595679
forest_dense,forest_dense_shadow (284).jpg,G:\내 드라이브\데이터셋\forest_dense\forest_dense_shadow (284).jpg,144.897622,0.687193,16.956467,5.311945,0.246362,0.355208,0.544096
forest_dense,forest_dense_shadow (287).jpg,G:\내 드라이브\데이터셋\forest_dense\forest_dense_shadow (287).jpg,106.001742,0.701704,14.040137,4.934164,0.565787,0.388273,0.588328
forest_dense,forest_dense_shadow (288).jpg,G:\내 드라이브\데이터셋\forest_dense\forest_dense_shadow (288).jpg,53.692072,0.176313,5.950469,5.277067,0.000000,0.289071,0.530579
forest_dense,forest_dense_shadow (291).jpg,G:\내 드라이브\데이터셋\forest_dense\forest_dense_shadow (291).jpg,105.801489,0.656905,21.931229,5.270883,0.000000,0.318532,0.556383
forest_dense,forest_dense_shadow (293).jpg,G:\내 드라이브\데이터셋\forest_dense\forest_dense_shadow (293).jpg,177.655387,0.611216,14.121730,4.633439,0.396040,0.381123,0.530241
forest_dense,forest_dense_shadow (295).jpg,G:\내 드라이브\데이터셋\forest_dense\forest_dense_shadow (295).jpg,112.051192,0.648776,18.118587,4.860427,0.436116,0.338675,0.572081
forest_dense,forest_dense_shadow (297).jpg,G:\내 드라이브\데이터셋\forest_dense\forest_dense_shadow (297).jpg,0.000000,0.574267,15.028955,5.261714,0.414089,0.328103,0.772481
forest_dense,forest_dense_shadow (299).jpg,G:\내 드라이브\데이터셋\forest_dense\forest_dense_shadow (299).jpg,0.000000,0.605147,15.284527,5.300006,0.436159,0.342267,0.779240
forest_dense,forest_dense_shadow (3).png,G:\내 드라이브\데이터셋\forest_dense\forest_dense_shadow (3).png,142.230878,0.537561,10.140300,5.462586,0.081299,0.367276,0.494829
forest_dense,forest_dense_shadow (30).jpg,G:\내 드라이브\데이터셋\forest_dense\forest_dense_shadow (30).jpg,0.000000,0.912354,25.806166,5.831515,0.165134,0.362588,0.798693
forest_dense,forest_dense_shadow (301).jpg,G:\내 드라이브\데이터셋\forest_dense\forest_dense_shadow (301).jpg,78.804525,0.422622,11.824949,3.985252,0.528849,0.300053,0.582552
forest_dense,forest_dense_shadow (303).jpg,G:\내 드라이브\데이터셋\forest_dense\forest_dense_shadow (303).jpg,67.816850,0.088849,3.636903,4.853152,0.223626,0.305259,0.422935
forest_dense,forest_dense_shadow (305).jpg,G:\내 드라이브\데이터셋\forest_dense\forest_dense_shadow (305).jpg,36.709339,0.166075,6.784316,5.129560,0.107667,0.306397,0.566198
forest_dense,forest_dense_shadow (309).jpg,G:\내 드라이브\데이터셋\forest_dense\forest_dense_shadow (309).jpg,88.656732,0.955257,26.604347,5.682787,0.325891,0.339243,0.658461
forest_dense,forest_dense_shadow (310).jpg,G:\내 드라이브\데이터셋\forest_dense\forest_dense_shadow (310).jpg,93.002154,0.959998,26.779106,5.714091,0.209882,0.341822,0.636490
forest_dense,forest_dense_shadow (311).jpg,G:\내 드라이브\데이터셋\forest_dense\forest_dense_shadow (311).jpg,0.000000,0.863481,34.731899,5.792315,0.511703,0.366904,0.873212
forest_dense,forest_dense_shadow (313).jpg,G:\내 드라이브\데이터셋\forest_dense\forest_dense_shadow (313).jpg,119.543303,0.541707,17.873354,5.110195,0.373519,0.328744,0.556390
forest_dense,forest_dense_shadow (315).jpg,G:\내 드라이브\데이터셋\forest_dense\forest_dense_shadow (315).jpg,150.475730,0.394445,10.951316,4.030679,0.223045,0.304693,0.465155
forest_dense,forest_dense_shadow (317).jpg,G:\내 드라이브\데이터셋\forest_dense\forest_dense_shadow (317).jpg,53.214750,0.743449,20.426365,4.724322,0.232784,0.356827,0.661610
forest_dense,forest_dense_shadow (319).jpg,G:\내 드라이브\데이터셋\forest_dense\forest_dense_shadow (319).jpg,169.487431,0.402546,9.702634,4.051532,0.525864,0.312930,0.500187
forest_dense,forest_dense_shadow (32).jpg,G:\내 드라이브\데이터셋\forest_dense\forest_dense_shadow (32).jpg,122.865046,0.497928,12.968254,4.752372,0.488573,0.344156,0.537131
forest_dense,forest_dense_shadow (321).jpg,G:\내 드라이브\데이터셋\forest_dense\forest_dense_shadow (321).jpg,0.000000,0.744097,18.182079,4.859610,0.733270,0.350639,0.817604
forest_dense,forest_dense_shadow (324).jpg,G:\내 드라이브\데이터셋\forest_dense\forest_dense_shadow (324).jpg,133.973437,0.563229,15.812070,4.758350,0.177967,0.321666,0.508033
forest_dense,forest_dense_shadow (326).jpg,G:\내 드라이브\데이터셋\forest_dense\forest_dense_shadow (326).jpg,88.922572,0.589912,19.149376,4.127832,0.372692,0.342810,0.587063
forest_dense,forest_dense_shadow (327).jpg,G:\내 드라이브\데이터셋\forest_dense\forest_dense_shadow (327).jpg,44.023434,0.411164,12.828547,4.632184,0.000000,0.281731,0.602003
forest_dense,forest_dense_shadow (329).jpg,G:\내 드라이브\데이터셋\forest_dense\forest_dense_shadow (329).jpg,156.127580,0.653052,18.138153,5.354753,0.597330,0.348491,0.596016
forest_dense,forest_dense_shadow (331).jpg,G:\내 드라이브\데이터셋\forest_dense\forest_dense_shadow (331).jpg,106.746758,0.903979,24.193520,5.123928,0.382914,0.359861,0.614267
forest_dense,forest_dense_shadow (333).jpg,G:\내 드라이브\데이터셋\forest_dense\forest_dense_shadow (333).jpg,0.000000,0.923278,16.670319,4.836591,0.282290,0.402277,0.756287
forest_dense,forest_dense_shadow (335).jpg,G:\내 드라이브\데이터셋\forest_dense\forest_dense_shadow (335).jpg,0.000000,0.937750,23.190561,5.597438,0.000000,0.381419,0.766848
forest_dense,forest_dense_shadow (337).jpg,G:\내 드라이브\데이터셋\forest_dense\forest_dense_shadow (337).jpg,74.539777,0.484035,23.039389,5.610622,0.146976,0.312764,0.641724
forest_dense,forest_dense_shadow (339).jpg,G:\내 드라이브\데이터셋\forest_dense\forest_dense_shadow (339).jpg,20.767781,0.265492,9.090985,4.690400,0.000000,0.269644,0.627851
forest_dense,forest_dense_shadow (34).jpg,G:\내 드라이브\데이터셋\forest_dense\forest_dense_shadow (34).jpg,0.000000,0.768031,21.723854,5.712662,0.291820,0.375452,0.797312
forest_dense,forest_dense_shadow (340).jpg,G:\내 드라이브\데이터셋\forest_dense\forest_dense_shadow (340).jpg,44.431801,0.399974,10.599773,4.673090,0.000000,0.321822,0.596180
forest_dense,forest_dense_shadow (343).jpg,G:\내 드라이브\데이터셋\forest_dense\forest_dense_shadow (343).jpg,76.773830,0.670210,20.075542,5.109420,0.042429,0.357301,0.604912
forest_dense,forest_dense_shadow (345).jpg,G:\내 드라이브\데이터셋\forest_dense\forest_dense_shadow (345).jpg,116.996062,0.654387,15.567822,5.546656,0.000000,0.343843,0.512866
forest_dense,forest_dense_shadow (347).jpg,G:\내 드라이브\데이터셋\forest_dense\forest_dense_shadow (347).jpg,60.510353,0.698718,20.936361,4.518765,0.376201,0.346716,0.661407
forest_dense,forest_dense_shadow (349).jpg,G:\내 드라이브\데이터셋\forest_dense\forest_dense_shadow (349).jpg,54.488616,0.850927,19.154102,4.548036,0.513478,0.423494,0.690592
forest_dense,forest_dense_shadow (353).jpg,G:\내 드라이브\데이터셋\forest_dense\forest_dense_shadow (353).jpg,0.000000,0.696440,12.200407,5.375274,0.037269,0.354330,0.716643
forest_dense,forest_dense_shadow (358).jpg,G:\내 드라이브\데이터셋\forest_dense\forest_dense_shadow (358).jpg,76.429195,0.152171,3.486347,3.865292,0.331760,0.330148,0.453379
forest_dense,forest_dense_shadow (36).jpg,G:\내 드라이브\데이터셋\forest_dense\forest_dense_shadow (36).jpg,133.769419,0.528152,24.162762,5.120986,0.200125,0.310575,0.561036
forest_dense,forest_dense_shadow (360).jpg,G:\내 드라이브\데이터셋\forest_dense\forest_dense_shadow (360).jpg,220.486170,0.570501,7.750902,4.273472,0.742006,0.388509,0.534093
forest_dense,forest_dense_shadow (38).jpg,G:\내 드라이브\데이터셋\forest_dense\forest_dense_shadow (38).jpg,115.432115,0.624792,13.730000,4.584121,0.322943,0.324002,0.519921
forest_dense,forest_dense_shadow (4).jpg,G:\내 드라이브\데이터셋\forest_dense\forest_dense_shadow (4).jpg,51.401621,0.890520,40.322369,5.949059,0.320334,0.341369,0.751544
forest_dense,forest_dense_shadow (40).jpg,G:\내 드라이브\데이터셋\forest_dense\forest_dense_shadow (40).jpg,123.649141,0.586510,13.167110,4.301645,0.370041,0.328446,0.506059
forest_dense,forest_dense_shadow (42).jpg,G:\내 드라이브\데이터셋\forest_dense\forest_dense_shadow (42).jpg,125.735649,0.546340,12.726800,4.253044,0.305006,0.316455,0.492721
forest_dense,forest_dense_shadow (44).jpg,G:\내 드라이브\데이터셋\forest_dense\forest_dense_shadow (44).jpg,76.557091,0.430735,10.033518,4.784196,0.307147,0.334749,0.579555
forest_dense,forest_dense_shadow (455).jpg,G:\내 드라이브\데이터셋\forest_dense\forest_dense_shadow (455).jpg,71.803109,0.088374,2.291725,1.495732,0.681752,0.285474,0.354510
forest_dense,forest_dense_shadow (46).jpg,G:\내 드라이브\데이터셋\forest_dense\forest_dense_shadow (46).jpg,159.288400,0.535712,18.151945,5.293247,0.000000,0.315326,0.513061
forest_dense,forest_dense_shadow (48).jpg,G:\내 드라이브\데이터셋\forest_dense\forest_dense_shadow (48).jpg,109.001459,0.485900,11.578571,5.633003,0.000000,0.316983,0.506137
forest_dense,forest_dense_shadow (49).jpg,G:\내 드라이브\데이터셋\forest_dense\forest_dense_shadow (49).jpg,153.446419,0.513634,12.125009,4.654947,0.177744,0.340473,0.489155
forest_dense,forest_dense_shadow (51).jpg,G:\내 드라이브\데이터셋\forest_dense\forest_dense_shadow (51).jpg,178.654410,0.780538,21.071934,5.345681,0.197146,0.358412,0.558434
forest_dense,forest_dense_shadow (54).jpg,G:\내 드라이브\데이터셋\forest_dense\forest_dense_shadow (54).jpg,136.362176,0.581150,13.078107,4.895422,0.148395,0.358624,0.499638
forest_dense,forest_dense_shadow (57).jpg,G:\내 드라이브\데이터셋\forest_dense\forest_dense_shadow (57).jpg,174.340998,0.668733,13.869532,4.738528,0.588718,0.395382,0.559036
forest_dense,forest_dense_shadow (58).jpg,G:\내 드라이브\데이터셋\forest_dense\forest_dense_shadow (58).jpg,74.989339,0.341989,6.898481,4.283859,0.341335,0.282359,0.550261
forest_dense,forest_dense_shadow (60).jpg,G:\내 드라이브\데이터셋\forest_dense\forest_dense_shadow (60).jpg,111.610391,0.430851,11.698403,4.979238,0.000000,0.277426,0.483934
forest_dense,forest_dense_shadow (62).jpg,G:\내 드라이브\데이터셋\forest_dense\forest_dense_shadow (62).jpg,60.263853,0.759739,20.642675,5.815081,0.277389,0.343220,0.676661
forest_dense,forest_dense_shadow (64).jpg,G:\내 드라이브\데이터셋\forest_dense\forest_dense_shadow (64).jpg,130.495390,0.491215,11.203429,5.146846,0.529455,0.331671,0.546074
forest_dense,forest_dense_shadow (66).jpg,G:\내 드라이브\데이터셋\forest_dense\forest_dense_shadow (66).jpg,96.945567,0.256712,10.562419,3.954680,0.128590,0.280223,0.488339
forest_dense,forest_dense_shadow (68).jpg,G:\내 드라이브\데이터셋\forest_dense\forest_dense_shadow (68).jpg,59.435446,0.621352,15.485363,5.517928,0.000000,0.334257,0.617048
forest_dense,forest_dense_shadow (73).jpg,G:\내 드라이브\데이터셋\forest_dense\forest_dense_shadow (73).jpg,203.616396,0.465085,9.516844,5.121862,0.184959,0.347331,0.494117
forest_dense,forest_dense_shadow (76).jpg,G:\내 드라이브\데이터셋\forest_dense\forest_dense_shadow (76).jpg,101.598691,0.735337,26.817816,5.167711,0.393046,0.337414,0.636539
forest_dense,forest_dense_shadow (78).jpg,G:\내 드라이브\데이터셋\forest_dense\forest_dense_shadow (78).jpg,82.231265,0.434467,12.871612,4.901678,0.127379,0.316649,0.561192
forest_dense,forest_dense_shadow (8).jpg,G:\내 드라이브\데이터셋\forest_dense\forest_dense_shadow (8).jpg,137.174512,0.373325,8.998383,5.624963,0.000000,0.251401,0.467320
forest_dense,forest_dense_shadow (80).jpg,G:\내 드라이브\데이터셋\forest_dense\forest_dense_shadow (80).jpg,0.000000,0.164561,4.968226,5.014547,0.788120,0.273679,0.704824
forest_dense,forest_dense_shadow (82).jpg,G:\내 드라이브\데이터셋\forest_dense\forest_dense_shadow (82).jpg,97.723133,0.535300,13.627793,5.531062,0.323821,0.352292,0.582047
forest_dense,forest_dense_shadow (84).jpg,G:\내 드라이브\데이터셋\forest_dense\forest_dense_shadow (84).jpg,118.063766,0.301729,6.587403,3.774238,0.108935,0.340024,0.428400
forest_dense,forest_dense_shadow (85).jpg,G:\내 드라이브\데이터셋\forest_dense\forest_dense_shadow (85).jpg,148.141868,0.260819,10.903044,3.947509,0.000000,0.275192,0.430211
forest_dense,forest_dense_shadow (9).jpg,G:\내 드라이브\데이터셋\forest_dense\forest_dense_shadow (9).jpg,48.091989,0.581172,12.045454,3.939173,0.538838,0.297844,0.639433
forest_dense,forest_dense_shadow (90).jpg,G:\내 드라이브\데이터셋\forest_dense\forest_dense_shadow (90).jpg,170.333375,0.465482,12.674371,5.207239,0.000000,0.331465,0.486132
forest_dense,forest_dense_shadow (92).jpg,G:\내 드라이브\데이터셋\forest_dense\forest_dense_shadow (92).jpg,128.822453,0.203597,5.039021,3.691503,0.119309,0.250403,0.390818
forest_dense,forest_dense_shadow (93).jpg,G:\내 드라이브\데이터셋\forest_dense\forest_dense_shadow (93).jpg,120.343900,0.622537,15.470014,5.051942,0.462513,0.362742,0.557315
forest_dense,forest_dense_shadow.jpg,G:\내 드라이브\데이터셋\forest_dense\forest_dense_shadow.jpg,113.163866,0.170622,6.026376,3.771100,0.596177,0.304595,0.445069
forest_dense,nature-garden-leaves-background.jpg,G:\내 드라이브\데이터셋\forest_dense\nature-garden-leaves-background.jpg,78.585916,0.467445,16.405674,5.598843,0.000000,0.329888,0.585816
forest_dense,plant-with-green-leaves-sunlight.jpg,G:\내 드라이브\데이터셋\forest_dense\plant-with-green-leaves-sunlight.jpg,157.253097,0.645857,18.631725,5.748915,0.500931,0.333669,0.585824
forest_dense,scenic-view-tropical-trees-forest.jpg,G:\내 드라이브\데이터셋\forest_dense\scenic-view-tropical-trees-forest.jpg,37.830358,0.640039,14.416950,4.544775,0.361264,0.352761,0.671957
forest_dense,spring-tree-pine-light-wood-environment.jpg,G:\내 드라이브\데이터셋\forest_dense\spring-tree-pine-light-wood-environment.jpg,98.320072,0.423600,11.743597,5.228920,0.334761,0.301278,0.562739
forest_dense,vertical-shot-trees-with-old-bridge-cloudy-sky.jpg,G:\내 드라이브\데이터셋\forest_dense\vertical-shot-trees-with-old-bridge-cloudy-sky.jpg,132.391012,0.666725,15.179808,5.345965,0.000000,0.357724,0.505127
forest_dense,water-stream-tropical-jungle (1).jpg,G:\내 드라이브\데이터셋\forest_dense\water-stream-tropical-jungle (1).jpg,44.189357,0.442074,18.171690,4.025667,0.487451,0.315643,0.673288
forest_dense,water-stream-tropical-jungle.jpg,G:\내 드라이브\데이터셋\forest_dense\water-stream-tropical-jungle.jpg,65.075750,0.417853,18.850943,3.839137,0.416578,0.308436,0.622028
grass_field,$RSQD8PJ.jfif,G:\내 드라이브\데이터셋\grass_field\$RSQD8PJ.jfif,122.397773,0.058435,2.292478,4.651724,0.378254,0.327908,0.306202
grass_field,$RZYAGM5.jpg,G:\내 드라이브\데이터셋\grass_field\$RZYAGM5.jpg,96.121149,0.395818,7.934518,5.542650,0.000000,0.288516,0.509823
grass_field,image (1).jfif,G:\내 드라이브\데이터셋\grass_field\image (1).jfif,156.418962,0.623087,24.905071,5.850726,0.000000,0.304720,0.547215
grass_field,image (1).jpg,G:\내 드라이브\데이터셋\grass_field\image (1).jpg,166.713858,0.667995,22.382912,5.566691,0.000000,0.286426,0.533562
grass_field,image (10).jfif,G:\내 드라이브\데이터셋\grass_field\image (10).jfif,149.907430,0.660727,22.305967,5.786729,0.000000,0.284710,0.533030
grass_field,image (100).jfif,G:\내 드라이브\데이터셋\grass_field\image (100).jfif,105.626690,0.375238,9.872811,5.263613,0.000000,0.254435,0.493527
grass_field,image (1004).jfif,G:\내 드라이브\데이터셋\grass_field\image (1004).jfif,221.631920,0.343477,11.977801,5.310568,0.000000,0.254656,0.478630
grass_field,image (101).jfif,G:\내 드라이브\데이터셋\grass_field\image (101).jfif,110.007986,0.643433,18.533077,5.777470,0.000000,0.319192,0.537112
grass_field,image (1013).jfif,G:\내 드라이브\데이터셋\grass_field\image (1013).jfif,131.133397,0.653924,22.987894,5.813859,0.000000,0.332264,0.540982
grass_field,image (1014).jfif,G:\내 드라이브\데이터셋\grass_field\image (1014).jfif,97.666427,0.373742,10.846961,5.654804,0.000000,0.245723,0.516362
grass_field,image (1019).jfif,G:\내 드라이브\데이터셋\grass_field\image (1019).jfif,142.350245,0.747233,10.445518,4.691792,0.627964,0.430869,0.550079
grass_field,image (102).jfif,G:\내 드라이브\데이터셋\grass_field\image (102).jfif,164.652477,0.502877,11.155799,5.673510,0.000000,0.349685,0.487261
grass_field,image (1021).jfif,G:\내 드라이브\데이터셋\grass_field\image (1021).jfif,137.765952,0.399224,7.043690,5.517401,0.000000,0.320851,0.465102
grass_field,image (1024).jfif,G:\내 드라이브\데이터셋\grass_field\image (1024).jfif,107.025513,0.634359,23.605556,5.644558,0.000000,0.319054,0.566343
grass_field,image (1025).jfif,G:\내 드라이브\데이터셋\grass_field\image (1025).jfif,169.216032,0.341561,5.252157,5.604475,0.000000,0.320646,0.456684
grass_field,image (1026).jfif,G:\내 드라이브\데이터셋\grass_field\image (1026).jfif,119.690780,0.640858,23.256439,5.703779,0.000000,0.287235,0.538305
grass_field,image (103).jfif,G:\내 드라이브\데이터셋\grass_field\image (103).jfif,123.644772,0.440874,9.151407,4.658690,0.000000,0.273356,0.445523
grass_field,image (1030).jfif,G:\내 드라이브\데이터셋\grass_field\image (1030).jfif,122.775020,0.551864,11.945003,5.592903,0.000000,0.386251,0.494617
grass_field,image (1037).jfif,G:\내 드라이브\데이터셋\grass_field\image (1037).jfif,132.202423,0.668239,20.074472,5.621215,0.007012,0.339429,0.528954
grass_field,image (104).jfif,G:\내 드라이브\데이터셋\grass_field\image (104).jfif,126.433922,0.447139,9.728705,4.681104,0.000000,0.269195,0.448560
grass_field,image (1042).jfif,G:\내 드라이브\데이터셋\grass_field\image (1042).jfif,87.858650,0.093933,3.391169,4.703811,0.215708,0.313261,0.384917
grass_field,image (1046).jfif,G:\내 드라이브\데이터셋\grass_field\image (1046).jfif,103.913772,0.381184,11.395203,5.729015,0.000000,0.228251,0.505731
grass_field,image (1049).jfif,G:\내 드라이브\데이터셋\grass_field\image (1049).jfif,153.382066,0.373366,6.992249,4.738969,0.000000,0.318243,0.442566
grass_field,image (105).jfif,G:\내 드라이브\데이터셋\grass_field\image (105).jfif,138.487943,0.334505,7.907176,5.088773,0.000000,0.246308,0.451321
grass_field,image (1050).jfif,G:\내 드라이브\데이터셋\grass_field\image (1050).jfif,119.821290,0.356332,5.642646,5.593987,0.000000,0.366048,0.463382
grass_field,image (1051).jfif,G:\내 드라이브\데이터셋\grass_field\image (1051).jfif,98.448402,0.388710,7.854603,5.327652,0.000000,0.286643,0.502582
grass_field,image (1055).jfif,G:\내 드라이브\데이터셋\grass_field\image (1055).jfif,116.572191,0.517354,10.951833,5.800554,0.000000,0.343060,0.491927
grass_field,image (1056).jfif,G:\내 드라이브\데이터셋\grass_field\image (1056).jfif,119.015235,0.287104,6.510169,5.343206,0.000000,0.335059,0.463935
grass_field,image (1058).jfif,G:\내 드라이브\데이터셋\grass_field\image (1058).jfif,99.599471,0.504492,14.740339,5.652567,0.000000,0.275549,0.534051
grass_field,image (1059).jfif,G:\내 드라이브\데이터셋\grass_field\image (1059).jfif,116.977988,0.391420,10.001863,5.473629,0.000000,0.256877,0.478112
grass_field,image (106).jfif,G:\내 드라이브\데이터셋\grass_field\image (106).jfif,151.895926,0.659164,24.329842,5.860883,0.000000,0.303907,0.544437
grass_field,image (106).jpg,G:\내 드라이브\데이터셋\grass_field\image (106).jpg,0.000000,0.352474,5.173558,3.437387,0.000000,0.302734,0.609104
grass_field,image (1068).jfif,G:\내 드라이브\데이터셋\grass_field\image (1068).jfif,92.450379,0.329491,12.194633,5.436808,0.000000,0.217026,0.529373
grass_field,image (107).jfif,G:\내 드라이브\데이터셋\grass_field\image (107).jfif,66.796768,0.345962,10.194614,5.326538,0.000000,0.243823,0.567260
grass_field,image (108).jfif,G:\내 드라이브\데이터셋\grass_field\image (108).jfif,149.087561,0.574600,15.206086,5.078542,0.000000,0.278986,0.488462
grass_field,image (108).jpg,G:\내 드라이브\데이터셋\grass_field\image (108).jpg,26.166937,0.272213,6.529131,4.453171,0.000000,0.261139,0.597185
grass_field,image (1081).jfif,G:\내 드라이브\데이터셋\grass_field\image (1081).jfif,112.186915,0.172116,5.124503,5.578445,0.000000,0.286027,0.419063
grass_field,image (1082).jfif,G:\내 드라이브\데이터셋\grass_field\image (1082).jfif,59.076565,0.198677,4.947532,4.801119,0.000000,0.269552,0.520554
grass_field,image (1084).jfif,G:\내 드라이브\데이터셋\grass_field\image (1084).jfif,113.689983,0.408876,7.167084,5.496406,0.000000,0.359085,0.481073
grass_field,image (109).jfif,G:\내 드라이브\데이터셋\grass_field\image (109).jfif,197.493975,0.402537,5.361040,4.764409,0.000000,0.331283,0.437072
grass_field,image (1090).jfif,G:\내 드라이브\데이터셋\grass_field\image (1090).jfif,106.868333,0.361154,9.897552,5.274562,0.000000,0.268859,0.493174
grass_field,image (1094).jfif,G:\내 드라이브\데이터셋\grass_field\image (1094).jfif,143.565149,0.440265,9.382292,5.166297,0.312039,0.299474,0.506702
grass_field,image (11).jfif,G:\내 드라이브\데이터셋\grass_field\image (11).jfif,106.218400,0.456262,13.944912,5.276917,0.000000,0.232088,0.509739
grass_field,image (11).jpg,G:\내 드라이브\데이터셋\grass_field\image (11).jpg,107.850455,0.422561,9.395606,5.817887,0.000000,0.290352,0.495351
grass_field,image (1102).jfif,G:\내 드라이브\데이터셋\grass_field\image (1102).jfif,85.119837,0.632771,19.698837,5.819811,0.000000,0.319954,0.588281
grass_field,image (1103).jfif,G:\내 드라이브\데이터셋\grass_field\image (1103).jfif,139.770226,0.366082,8.369441,5.311485,0.657663,0.290765,0.550854
grass_field,image (1109).jfif,G:\내 드라이브\데이터셋\grass_field\image (1109).jfif,155.091966,0.502429,15.273067,5.732345,0.000000,0.311714,0.502764
grass_field,image (1110).jfif,G:\내 드라이브\데이터셋\grass_field\image (1110).jfif,59.751805,0.465370,12.332743,5.396786,0.000000,0.278225,0.595980
grass_field,image (112).jfif,G:\내 드라이브\데이터셋\grass_field\image (112).jfif,131.119095,0.481443,10.984633,5.331459,0.000000,0.254917,0.474697
grass_field,image (1123).jfif,G:\내 드라이브\데이터셋\grass_field\image (1123).jfif,87.858269,0.449644,8.240843,5.094921,0.000000,0.308372,0.518223
grass_field,image (1129).jfif,G:\내 드라이브\데이터셋\grass_field\image (1129).jfif,73.355625,0.434869,7.112293,5.316493,0.000000,0.359776,0.552048
grass_field,image (113).jfif,G:\내 드라이브\데이터셋\grass_field\image (113).jfif,141.778144,0.312478,7.949656,5.551970,0.127987,0.319995,0.485902
grass_field,image (1130).jfif,G:\내 드라이브\데이터셋\grass_field\image (1130).jfif,83.734501,0.208592,6.528789,5.458508,0.000000,0.260876,0.511770
grass_field,image (114).jfif,G:\내 드라이브\데이터셋\grass_field\image (114).jfif,180.010453,0.663768,11.172601,5.445301,0.000000,0.359994,0.488371
grass_field,image (114).jpg,G:\내 드라이브\데이터셋\grass_field\image (114).jpg,125.067234,0.407564,9.302179,5.458175,0.000000,0.264154,0.470019
grass_field,image (1143).jfif,G:\내 드라이브\데이터셋\grass_field\image (1143).jfif,176.540145,0.370003,6.765592,4.632002,0.000000,0.266915,0.432805
grass_field,image (1144).jfif,G:\내 드라이브\데이터셋\grass_field\image (1144).jfif,164.510367,0.195961,4.628151,4.667033,0.000000,0.287354,0.401958
grass_field,image (1145).jfif,G:\내 드라이브\데이터셋\grass_field\image (1145).jfif,213.869448,0.321225,8.018075,5.109671,0.573693,0.302050,0.532692
grass_field,image (1147).jfif,G:\내 드라이브\데이터셋\grass_field\image (1147).jfif,176.854229,0.669312,15.405070,4.963828,0.537781,0.392506,0.566834
grass_field,image (1148).jfif,G:\내 드라이브\데이터셋\grass_field\image (1148).jfif,106.228034,0.744826,25.347404,5.533717,0.558179,0.325578,0.649186
grass_field,image (115).jpg,G:\내 드라이브\데이터셋\grass_field\image (115).jpg,161.964929,0.543569,18.047003,5.355947,0.295251,0.265111,0.548021
grass_field,image (1157).jfif,G:\내 드라이브\데이터셋\grass_field\image (1157).jfif,85.885278,0.550166,13.248632,5.602318,0.000000,0.322531,0.556900
grass_field,image (1160).jfif,G:\내 드라이브\데이터셋\grass_field\image (1160).jfif,196.169136,0.264283,5.924015,5.176073,0.000000,0.280380,0.448343
grass_field,image (1162).jfif,G:\내 드라이브\데이터셋\grass_field\image (1162).jfif,109.006050,0.760154,18.978796,5.470817,0.087767,0.336856,0.554214
grass_field,image (1164).jfif,G:\내 드라이브\데이터셋\grass_field\image (1164).jfif,153.549737,0.378464,9.794237,5.763538,0.000000,0.287065,0.474617
grass_field,image (117).jfif,G:\내 드라이브\데이터셋\grass_field\image (117).jfif,83.511279,0.584886,18.214951,5.820479,0.000000,0.321685,0.584447
grass_field,image (117).jpg,G:\내 드라이브\데이터셋\grass_field\image (117).jpg,136.094405,0.689220,14.512197,5.587344,0.000000,0.337527,0.501779
grass_field,image (1177).jfif,G:\내 드라이브\데이터셋\grass_field\image (1177).jfif,172.380715,0.373087,8.407033,5.371743,0.000000,0.313822,0.469848
grass_field,image (118).jfif,G:\내 드라이브\데이터셋\grass_field\image (118).jfif,139.987856,0.311188,6.393592,5.313846,0.657406,0.298867,0.542448
grass_field,image (1186).jfif,G:\내 드라이브\데이터셋\grass_field\image (1186).jfif,141.189600,0.169480,5.231958,4.644236,0.719842,0.318378,0.474230
grass_field,image (1189).jfif,G:\내 드라이브\데이터셋\grass_field\image (1189).jfif,77.303624,0.076848,1.978434,5.636902,0.000000,0.300531,0.374452
grass_field,image (119).jfif,G:\내 드라이브\데이터셋\grass_field\image (119).jfif,132.879598,0.538966,10.612031,5.285847,0.000000,0.323902,0.478329
grass_field,image (119).jpg,G:\내 드라이브\데이터셋\grass_field\image (119).jpg,76.167858,0.090139,2.192395,4.475398,0.000000,0.258182,0.355773
grass_field,image (1190).jfif,G:\내 드라이브\데이터셋\grass_field\image (1190).jfif,157.404579,0.084693,2.623300,5.417625,0.000000,0.294391,0.306428
grass_field,image (1192).jfif,G:\내 드라이브\데이터셋\grass_field\image (1192).jfif,74.729475,0.246613,5.508567,5.681215,0.000000,0.285143,0.537332
grass_field,image (12).jfif,G:\내 드라이브\데이터셋\grass_field\image (12).jfif,92.869609,0.077193,2.502864,4.081180,0.000000,0.196208,0.294324
grass_field,image (12).jpg,G:\내 드라이브\데이터셋\grass_field\image (12).jpg,155.933433,0.519853,13.107183,5.164225,0.000000,0.262110,0.479792
grass_field,image (120).jfif,G:\내 드라이브\데이터셋\grass_field\image (120).jfif,138.074281,0.513829,10.521462,5.330750,0.000000,0.315765,0.478588
grass_field,image (1203).jfif,G:\내 드라이브\데이터셋\grass_field\image (1203).jfif,192.076478,0.372410,7.176034,3.938451,0.742880,0.306699,0.512164
grass_field,image (121).jfif,G:\내 드라이브\데이터셋\grass_field\image (121).jfif,105.737803,0.387432,11.232900,4.055717,0.014806,0.324359,0.468353
grass_field,image (1213).jfif,G:\내 드라이브\데이터셋\grass_field\image (1213).jfif,159.012555,0.485731,14.434146,5.589666,0.070730,0.285402,0.505395
grass_field,image (1214).jfif,G:\내 드라이브\데이터셋\grass_field\image (1214).jfif,220.750967,0.364358,13.034223,5.328609,0.000000,0.254588,0.484177
grass_field,image (122).jfif,G:\내 드라이브\데이터셋\grass_field\image (122).jfif,102.614679,0.632899,16.655182,5.041547,0.000000,0.293880,0.527384
grass_field,image (1222).jfif,G:\내 드라이브\데이터셋\grass_field\image (1222).jfif,137.142843,0.378937,7.065765,5.517680,0.000000,0.313136,0.464434
grass_field,image (1226).jfif,G:\내 드라이브\데이터셋\grass_field\image (1226).jfif,122.750764,0.624612,13.080884,5.589128,0.000000,0.375501,0.498867
grass_field,image (123).jfif,G:\내 드라이브\데이터셋\grass_field\image (123).jfif,82.055077,0.614623,12.945023,5.125768,0.000000,0.310559,0.552160
grass_field,image (123).jpg,G:\내 드라이브\데이터셋\grass_field\image (123).jpg,129.464664,0.733484,25.043262,5.730352,0.000000,0.320342,0.549424
grass_field,image (1233).jfif,G:\내 드라이브\데이터셋\grass_field\image (1233).jfif,119.826449,0.386919,6.146603,5.593110,0.000000,0.360328,0.465163
grass_field,image (124).jfif,G:\내 드라이브\데이터셋\grass_field\image (124).jfif,128.100055,0.645226,17.910227,5.454797,0.559143,0.350613,0.591704
grass_field,image (1245).jfif,G:\내 드라이브\데이터셋\grass_field\image (1245).jfif,58.967649,0.259134,5.921639,4.802283,0.000000,0.266553,0.546382
grass_field,image (125).jfif,G:\내 드라이브\데이터셋\grass_field\image (125).jfif,99.857173,0.330601,10.314672,5.612378,0.000000,0.257837,0.511062
grass_field,image (1253).jfif,G:\내 드라이브\데이터셋\grass_field\image (1253).jfif,98.540622,0.318270,7.937932,5.235112,0.000000,0.306734,0.501728
grass_field,image (1254).jfif,G:\내 드라이브\데이터셋\grass_field\image (1254).jfif,98.585392,0.307524,7.710289,5.237307,0.000000,0.304194,0.500398
grass_field,image (126).jfif,G:\내 드라이브\데이터셋\grass_field\image (126).jfif,144.321825,0.687986,20.008213,5.723360,0.000000,0.304949,0.524283
grass_field,image (127).jfif,G:\내 드라이브\데이터셋\grass_field\image (127).jfif,85.802482,0.360110,7.308225,4.519803,0.000000,0.258555,0.493468
grass_field,image (128).jfif,G:\내 드라이브\데이터셋\grass_field\image (128).jfif,66.682416,0.508770,11.820493,5.817179,0.000000,0.365193,0.589677
grass_field,image (129).jfif,G:\내 드라이브\데이터셋\grass_field\image (129).jfif,128.724129,0.755403,22.317287,5.453909,0.000000,0.317775,0.536390
grass_field,image (13).jfif,G:\내 드라이브\데이터셋\grass_field\image (13).jfif,97.035632,0.339172,5.382775,5.274643,0.000000,0.293203,0.492475
grass_field,image (13).jpg,G:\내 드라이브\데이터셋\grass_field\image (13).jpg,72.292441,0.515426,13.143590,5.554976,0.000000,0.251277,0.574202
grass_field,image (130).jfif,G:\내 드라이브\데이터셋\grass_field\image (130).jfif,120.074985,0.437080,7.891908,5.631043,0.000000,0.360198,0.473013
grass_field,image (132).jfif,G:\내 드라이브\데이터셋\grass_field\image (132).jfif,105.059423,0.685397,10.170871,5.592204,0.000000,0.380307,0.513098
grass_field,image (133).jfif,G:\내 드라이브\데이터셋\grass_field\image (133).jfif,199.315968,0.114383,2.193666,5.103201,0.000000,0.297092,0.324482
grass_field,image (135).jfif,G:\내 드라이브\데이터셋\grass_field\image (135).jfif,94.278280,0.306724,4.987541,5.227561,0.000000,0.284252,0.493213
grass_field,image (136).jfif,G:\내 드라이브\데이터셋\grass_field\image (136).jfif,114.733200,0.565529,16.588427,5.517968,0.000000,0.280200,0.515434
grass_field,image (137).jfif,G:\내 드라이브\데이터셋\grass_field\image (137).jfif,93.045765,0.057798,2.406743,4.026007,0.000000,0.250661,0.277762
grass_field,image (137).jpg,G:\내 드라이브\데이터셋\grass_field\image (137).jpg,167.018830,0.679800,20.230639,5.803971,0.000000,0.291972,0.524028
grass_field,image (138).jfif,G:\내 드라이브\데이터셋\grass_field\image (138).jfif,137.965422,0.466388,7.705063,5.479785,0.000000,0.311972,0.467315
grass_field,image (139).jfif,G:\내 드라이브\데이터셋\grass_field\image (139).jfif,110.011172,0.273621,6.668146,4.731393,0.458682,0.340344,0.520946
grass_field,image (14).jfif,G:\내 드라이브\데이터셋\grass_field\image (14).jfif,202.215108,0.147205,2.624521,5.121900,0.000000,0.318612,0.362099
grass_field,image (14).jpg,G:\내 드라이브\데이터셋\grass_field\image (14).jpg,70.328934,0.308935,8.106677,5.255750,0.000000,0.241232,0.548379
grass_field,image (140).jfif,G:\내 드라이브\데이터셋\grass_field\image (140).jfif,215.944941,0.928465,21.550518,4.964948,0.703205,0.392409,0.617174
grass_field,image (143).jpg,G:\내 드라이브\데이터셋\grass_field\image (143).jpg,61.511308,0.571286,14.045432,5.502191,0.000000,0.278135,0.600881
grass_field,image (144).jpg,G:\내 드라이브\데이터셋\grass_field\image (144).jpg,96.291270,0.535803,13.985686,5.454018,0.125601,0.315960,0.556948
grass_field,image (145).jfif,G:\내 드라이브\데이터셋\grass_field\image (145).jfif,140.003521,0.471811,7.998647,5.424627,0.000000,0.334530,0.470947
grass_field,image (146).jfif,G:\내 드라이브\데이터셋\grass_field\image (146).jfif,140.058530,0.469291,7.915240,5.434350,0.000000,0.337201,0.470823
grass_field,image (149).jfif,G:\내 드라이브\데이터셋\grass_field\image (149).jfif,144.819445,0.471736,8.089612,5.460821,0.000000,0.334729,0.471393
grass_field,image (149).jpg,G:\내 드라이브\데이터셋\grass_field\image (149).jpg,111.050496,0.472823,9.929361,5.205505,0.000000,0.266843,0.483152
grass_field,image (15).jfif,G:\내 드라이브\데이터셋\grass_field\image (15).jfif,144.648180,0.450633,7.843099,5.469689,0.000000,0.343557,0.471120
grass_field,image (15).jpg,G:\내 드라이브\데이터셋\grass_field\image (15).jpg,111.961936,0.669423,17.056534,5.727712,0.000000,0.305614,0.525250
grass_field,image (151).jpg,G:\내 드라이브\데이터셋\grass_field\image (151).jpg,179.326195,0.579727,15.126157,5.506188,0.022021,0.289021,0.502669
grass_field,image (156).jfif,G:\내 드라이브\데이터셋\grass_field\image (156).jfif,171.770793,0.561413,10.835758,4.556619,0.681929,0.328500,0.544181
grass_field,image (157).jfif,G:\내 드라이브\데이터셋\grass_field\image (157).jfif,122.964342,0.595922,18.530809,5.864569,0.000000,0.307356,0.517599
grass_field,image (158).jpg,G:\내 드라이브\데이터셋\grass_field\image (158).jpg,124.167372,0.789990,27.695856,5.792818,0.000000,0.315122,0.561337
grass_field,image (16).jfif,G:\내 드라이브\데이터셋\grass_field\image (16).jfif,139.592645,0.469287,7.824443,5.519696,0.000000,0.318152,0.468492
grass_field,image (160).jfif,G:\내 드라이브\데이터셋\grass_field\image (160).jfif,149.583389,0.368230,4.787655,5.313454,0.000000,0.329809,0.452538
grass_field,image (160).jpg,G:\내 드라이브\데이터셋\grass_field\image (160).jpg,128.168546,0.406984,9.811080,4.970560,0.000000,0.262854,0.457960
grass_field,image (161).jfif,G:\내 드라이브\데이터셋\grass_field\image (161).jfif,171.962065,0.523943,10.496607,4.562887,0.677880,0.324852,0.541909
grass_field,image (161).jpg,G:\내 드라이브\데이터셋\grass_field\image (161).jpg,156.228721,0.739254,17.282326,5.431531,0.000000,0.321041,0.513115
grass_field,image (162).jfif,G:\내 드라이브\데이터셋\grass_field\image (162).jfif,35.003877,0.826032,16.771791,4.800524,0.768255,0.372083,0.751543
grass_field,image (168).jpg,G:\내 드라이브\데이터셋\grass_field\image (168).jpg,139.348477,0.503298,11.002413,5.645869,0.000000,0.290400,0.480614
grass_field,image (17).jfif,G:\내 드라이브\데이터셋\grass_field\image (17).jfif,218.256766,0.896706,21.374344,5.000603,0.703569,0.406262,0.618969
grass_field,image (173).jpg,G:\내 드라이브\데이터셋\grass_field\image (173).jpg,206.205795,0.669137,22.989845,5.484960,0.658412,0.307891,0.624148
grass_field,image (174).jpg,G:\내 드라이브\데이터셋\grass_field\image (174).jpg,148.899879,0.757559,21.679598,5.637352,0.000000,0.330349,0.534658
grass_field,image (175).jpg,G:\내 드라이브\데이터셋\grass_field\image (175).jpg,0.000000,0.509152,14.513578,5.373492,0.132898,0.263138,0.730739
grass_field,image (177).jfif,G:\내 드라이브\데이터셋\grass_field\image (177).jfif,159.893740,0.625732,6.870954,4.580196,0.422577,0.342205,0.494036
grass_field,image (177).jpg,G:\내 드라이브\데이터셋\grass_field\image (177).jpg,165.997467,0.521153,16.288998,5.810547,0.000000,0.250599,0.501415
grass_field,image (178).jpg,G:\내 드라이브\데이터셋\grass_field\image (178).jpg,133.162813,0.638754,11.616207,4.812299,0.206682,0.359027,0.497632
grass_field,image (179).jpg,G:\내 드라이브\데이터셋\grass_field\image (179).jpg,175.023389,0.523134,15.045444,5.551991,0.000000,0.248669,0.495392
grass_field,image (18).jfif,G:\내 드라이브\데이터셋\grass_field\image (18).jfif,34.834063,0.892995,15.084973,4.927038,0.764419,0.419788,0.752436
grass_field,image (18).jpg,G:\내 드라이브\데이터셋\grass_field\image (18).jpg,34.640955,0.253063,8.440650,3.438319,0.146144,0.264059,0.576072
grass_field,image (180).jfif,G:\내 드라이브\데이터셋\grass_field\image (180).jfif,117.833705,0.818249,19.941528,5.240527,0.424603,0.329914,0.580321
grass_field,image (183).jfif,G:\내 드라이브\데이터셋\grass_field\image (183).jfif,86.798823,0.452921,9.973416,5.660420,0.000000,0.282337,0.535853
grass_field,image (183).jpg,G:\내 드라이브\데이터셋\grass_field\image (183).jpg,132.642712,0.398414,8.431647,5.675588,0.000000,0.233383,0.462862
grass_field,image (185).jpg,G:\내 드라이브\데이터셋\grass_field\image (185).jpg,127.419083,0.642434,18.958960,5.716240,0.000000,0.295836,0.518454
grass_field,image (186).jfif,G:\내 드라이브\데이터셋\grass_field\image (186).jfif,91.714510,0.450948,10.515057,5.671129,0.000000,0.269806,0.528127
grass_field,image (186).jpg,G:\내 드라이브\데이터셋\grass_field\image (186).jpg,104.764059,0.627194,26.270189,5.462108,0.000000,0.253097,0.576384
grass_field,image (187).jpg,G:\내 드라이브\데이터셋\grass_field\image (187).jpg,88.415424,0.410556,8.760120,5.603361,0.000000,0.315582,0.530526
grass_field,image (188).jfif,G:\내 드라이브\데이터셋\grass_field\image (188).jfif,92.279020,0.449549,10.589322,5.669265,0.000000,0.269191,0.527378
grass_field,image (188).jpg,G:\내 드라이브\데이터셋\grass_field\image (188).jpg,136.518122,0.658286,14.828644,5.427974,0.000000,0.304331,0.499942
grass_field,image (19).jfif,G:\내 드라이브\데이터셋\grass_field\image (19).jfif,119.099419,0.759532,19.644314,5.285029,0.402353,0.329524,0.575160
grass_field,image (19).jpg,G:\내 드라이브\데이터셋\grass_field\image (19).jpg,118.535920,0.195537,4.366168,5.053428,0.000000,0.206840,0.407819
grass_field,image (190).jpg,G:\내 드라이브\데이터셋\grass_field\image (190).jpg,0.000000,0.298888,5.598619,4.585709,0.000000,0.268816,0.645982
grass_field,image (191).jfif,G:\내 드라이브\데이터셋\grass_field\image (191).jfif,155.857804,0.450856,13.715889,5.730498,0.000000,0.323249,0.496618
grass_field,image (191).jpg,G:\내 드라이브\데이터셋\grass_field\image (191).jpg,96.013058,0.579057,19.983381,5.348802,0.000000,0.308550,0.566797
grass_field,image (192).jfif,G:\내 드라이브\데이터셋\grass_field\image (192).jfif,102.448702,0.786646,26.641012,5.817122,0.000000,0.320367,0.589094
grass_field,image (193).jpg,G:\내 드라이브\데이터셋\grass_field\image (193).jpg,0.000000,0.786523,14.479869,5.458694,0.517289,0.362510,0.791373
grass_field,image (194).jfif,G:\내 드라이브\데이터셋\grass_field\image (194).jfif,119.126784,0.463929,9.440924,5.446808,0.000000,0.279243,0.473780
grass_field,image (195).jfif,G:\내 드라이브\데이터셋\grass_field\image (195).jfif,111.426205,0.352292,8.572674,5.615260,0.000000,0.265463,0.482449
grass_field,image (195).jpg,G:\내 드라이브\데이터셋\grass_field\image (195).jpg,113.183167,0.390066,8.953992,5.562088,0.000000,0.248522,0.479322
grass_field,image (196).jfif,G:\내 드라이브\데이터셋\grass_field\image (196).jfif,118.814900,0.679631,18.671690,5.689242,0.000000,0.326367,0.522333
grass_field,image (196).jpg,G:\내 드라이브\데이터셋\grass_field\image (196).jpg,141.068686,0.730459,15.156892,5.463063,0.000000,0.332780,0.504326
grass_field,image (199).jfif,G:\내 드라이브\데이터셋\grass_field\image (199).jfif,111.736927,0.320873,7.818197,5.618627,0.000000,0.262212,0.478018
grass_field,image (2).jfif,G:\내 드라이브\데이터셋\grass_field\image (2).jfif,107.555770,0.341249,9.420479,5.279044,0.000000,0.293158,0.492257
grass_field,image (2).jpg,G:\내 드라이브\데이터셋\grass_field\image (2).jpg,131.116362,0.751158,17.050428,5.579240,0.000000,0.314478,0.511372
grass_field,image (20).jfif,G:\내 드라이브\데이터셋\grass_field\image (20).jfif,93.745119,0.455543,10.697887,5.664577,0.000000,0.271050,0.525385
grass_field,image (20).jpg,G:\내 드라이브\데이터셋\grass_field\image (20).jpg,89.754330,0.503881,11.577572,5.449737,0.000000,0.290538,0.538774
grass_field,image (200).jpg,G:\내 드라이브\데이터셋\grass_field\image (200).jpg,68.110955,0.372498,7.162688,5.309698,0.000000,0.282447,0.553940
grass_field,image (201).jpg,G:\내 드라이브\데이터셋\grass_field\image (201).jpg,117.384584,0.567233,10.791446,5.513689,0.000000,0.311536,0.486533
grass_field,image (202).jpg,G:\내 드라이브\데이터셋\grass_field\image (202).jpg,80.479812,0.514326,12.007200,5.829112,0.000000,0.274572,0.556195
grass_field,image (204).jpg,G:\내 드라이브\데이터셋\grass_field\image (204).jpg,86.968647,0.475505,10.386858,5.561283,0.000000,0.264524,0.535698
grass_field,image (21).jfif,G:\내 드라이브\데이터셋\grass_field\image (21).jfif,176.263846,0.371828,8.297332,4.585186,0.669069,0.333303,0.532043
grass_field,image (21).jpg,G:\내 드라이브\데이터셋\grass_field\image (21).jpg,106.827796,0.867552,18.711151,5.520270,0.581736,0.383275,0.625811
grass_field,image (213).jfif,G:\내 드라이브\데이터셋\grass_field\image (213).jfif,85.670353,0.390253,7.767879,5.039608,0.000000,0.304588,0.517795
grass_field,image (215).jfif,G:\내 드라이브\데이터셋\grass_field\image (215).jfif,59.587103,0.446730,11.309430,5.397449,0.000000,0.295046,0.593190
grass_field,image (215).jpg,G:\내 드라이브\데이터셋\grass_field\image (215).jpg,119.655500,0.630327,13.883355,5.195491,0.343239,0.291718,0.532686
grass_field,image (219).jfif,G:\내 드라이브\데이터셋\grass_field\image (219).jfif,87.400252,0.328471,9.556950,5.671306,0.228767,0.303033,0.564607
grass_field,image (219).jpg,G:\내 드라이브\데이터셋\grass_field\image (219).jpg,135.032585,0.481806,9.176993,5.320278,0.000000,0.294845,0.469844
grass_field,image (22).jfif,G:\내 드라이브\데이터셋\grass_field\image (22).jfif,92.830333,0.434996,10.284240,4.961926,0.509478,0.360530,0.585701
grass_field,image (22).jpg,G:\내 드라이브\데이터셋\grass_field\image (22).jpg,136.518806,0.600452,19.358343,5.699798,0.000000,0.289540,0.519696
grass_field,image (220).jpg,G:\내 드라이브\데이터셋\grass_field\image (220).jpg,144.540062,0.756691,22.152416,5.638124,0.000000,0.309238,0.534763
grass_field,image (221).jpg,G:\내 드라이브\데이터셋\grass_field\image (221).jpg,59.486457,0.547631,19.184763,5.705000,0.000000,0.252973,0.626167
grass_field,image (223).jpg,G:\내 드라이브\데이터셋\grass_field\image (223).jpg,30.162897,0.653693,17.930038,5.539867,0.406816,0.299766,0.731611
grass_field,image (227).jpg,G:\내 드라이브\데이터셋\grass_field\image (227).jpg,107.245778,0.463300,8.870854,5.201560,0.154512,0.314231,0.509860
grass_field,image (229).jpg,G:\내 드라이브\데이터셋\grass_field\image (229).jpg,127.707834,0.407159,11.204200,4.162128,0.000000,0.237361,0.434993
grass_field,image (23).jfif,G:\내 드라이브\데이터셋\grass_field\image (23).jfif,104.062330,0.781584,24.512901,5.816802,0.000000,0.327288,0.576852
grass_field,image (23).jpg,G:\내 드라이브\데이터셋\grass_field\image (23).jpg,86.444511,0.604053,9.396868,5.387419,0.000000,0.299176,0.535064
grass_field,image (231).jpg,G:\내 드라이브\데이터셋\grass_field\image (231).jpg,149.552300,0.522429,14.900704,5.589418,0.000000,0.260162,0.495863
grass_field,image (233).jpg,G:\내 드라이브\데이터셋\grass_field\image (233).jpg,116.167869,0.227807,6.263877,5.596154,0.000000,0.282075,0.464595
grass_field,image (234).jfif,G:\내 드라이브\데이터셋\grass_field\image (234).jfif,218.614827,0.483584,8.794664,4.779421,0.467698,0.287422,0.510082
grass_field,image (234).jpg,G:\내 드라이브\데이터셋\grass_field\image (234).jpg,152.772790,0.815749,18.941441,5.524986,0.000000,0.348889,0.523677
grass_field,image (235).jfif,G:\내 드라이브\데이터셋\grass_field\image (235).jfif,92.765855,0.229733,4.087470,4.840584,0.000000,0.317135,0.482156
grass_field,image (235).jpg,G:\내 드라이브\데이터셋\grass_field\image (235).jpg,196.940532,0.924332,30.202700,5.647423,0.496165,0.354894,0.641566
grass_field,image (237).jfif,G:\내 드라이브\데이터셋\grass_field\image (237).jfif,92.755478,0.198433,3.669577,4.841696,0.000000,0.301768,0.457149
grass_field,image (238).jfif,G:\내 드라이브\데이터셋\grass_field\image (238).jfif,128.585196,0.512462,8.027109,5.309489,0.000000,0.327014,0.467311
grass_field,image (238).jpg,G:\내 드라이브\데이터셋\grass_field\image (238).jpg,102.045818,0.529510,15.516410,5.750965,0.000000,0.286951,0.534344
grass_field,image (239).jfif,G:\내 드라이브\데이터셋\grass_field\image (239).jfif,0.227387,0.894803,26.042725,5.660995,0.000000,0.358843,0.777543
grass_field,image (239).jpg,G:\내 드라이브\데이터셋\grass_field\image (239).jpg,74.175693,0.521968,13.255693,5.575032,0.000000,0.254700,0.571617
grass_field,image (24).jfif,G:\내 드라이브\데이터셋\grass_field\image (24).jfif,112.524117,0.232871,4.970600,5.628180,0.000000,0.273749,0.464380
grass_field,image (24).jpg,G:\내 드라이브\데이터셋\grass_field\image (24).jpg,133.587737,0.558827,15.131566,5.258369,0.000000,0.217478,0.487956
grass_field,image (242).jfif,G:\내 드라이브\데이터셋\grass_field\image (242).jfif,50.219155,0.332590,11.246233,4.573962,0.471258,0.301544,0.644532
grass_field,image (243).jfif,G:\내 드라이브\데이터셋\grass_field\image (243).jfif,60.767956,0.154779,3.024534,5.079405,0.000000,0.319899,0.478852
grass_field,image (246).jfif,G:\내 드라이브\데이터셋\grass_field\image (246).jfif,50.090021,0.300108,10.145157,4.569251,0.471779,0.293838,0.638747
grass_field,image (246).jpg,G:\내 드라이브\데이터셋\grass_field\image (246).jpg,54.690543,0.529782,15.806457,5.598588,0.000000,0.261999,0.620027
grass_field,image (247).jpg,G:\내 드라이브\데이터셋\grass_field\image (247).jpg,80.020005,0.333818,9.625008,5.455884,0.000000,0.197460,0.538160
grass_field,image (248).jpg,G:\내 드라이브\데이터셋\grass_field\image (248).jpg,84.810834,0.370703,8.511479,5.041166,0.000000,0.237064,0.516156
grass_field,image (25).jfif,G:\내 드라이브\데이터셋\grass_field\image (25).jfif,88.540164,0.303697,5.928860,5.073927,0.000000,0.328045,0.507403
grass_field,image (25).jpg,G:\내 드라이브\데이터셋\grass_field\image (25).jpg,97.358081,0.470823,13.539215,5.558615,0.000000,0.234618,0.528437
grass_field,image (250).jpg,G:\내 드라이브\데이터셋\grass_field\image (250).jpg,77.584670,0.389101,6.758739,5.341780,0.000000,0.311614,0.538664
grass_field,image (251).jfif,G:\내 드라이브\데이터셋\grass_field\image (251).jfif,57.283958,0.274321,9.275867,4.562330,0.480735,0.283249,0.621358
grass_field,image (253).jpg,G:\내 드라이브\데이터셋\grass_field\image (253).jpg,119.531625,0.516229,11.785417,5.482194,0.000000,0.284172,0.484520
grass_field,image (255).jpg,G:\내 드라이브\데이터셋\grass_field\image (255).jpg,95.639758,0.475504,10.272287,5.521574,0.000000,0.259593,0.518771
grass_field,image (257).jfif,G:\내 드라이브\데이터셋\grass_field\image (257).jfif,120.724241,0.330656,8.615185,5.451726,0.000000,0.226805,0.463064
grass_field,image (257).jpg,G:\내 드라이브\데이터셋\grass_field\image (257).jpg,149.433139,0.775277,16.481318,5.485777,0.000000,0.338268,0.511083
grass_field,image (258).jpg,G:\내 드라이브\데이터셋\grass_field\image (258).jpg,109.604019,0.735989,20.708391,5.507727,0.312637,0.298740,0.586647
grass_field,image (26).jfif,G:\내 드라이브\데이터셋\grass_field\image (26).jfif,219.147483,0.398604,7.984044,4.795189,0.469038,0.280961,0.506336
grass_field,image (26).jpg,G:\내 드라이브\데이터셋\grass_field\image (26).jpg,201.691650,0.755405,26.520449,5.407012,0.000000,0.309684,0.555283
grass_field,image (262).jpg,G:\내 드라이브\데이터셋\grass_field\image (262).jpg,168.511074,0.440353,8.469810,5.182784,0.000000,0.340066,0.466468
grass_field,image (264).jpg,G:\내 드라이브\데이터셋\grass_field\image (264).jpg,71.835714,0.472715,12.647988,5.438259,0.000000,0.280458,0.575634
grass_field,image (265).jpg,G:\내 드라이브\데이터셋\grass_field\image (265).jpg,212.706050,0.516212,8.978276,4.782786,0.368828,0.327131,0.502173
grass_field,image (267).jfif,G:\내 드라이브\데이터셋\grass_field\image (267).jfif,190.707772,0.460660,10.837894,5.655514,0.000000,0.300424,0.480845
grass_field,image (268).jpg,G:\내 드라이브\데이터셋\grass_field\image (268).jpg,96.549619,0.669913,17.655813,5.372390,0.000000,0.313946,0.556228
grass_field,image (27).jfif,G:\내 드라이브\데이터셋\grass_field\image (27).jfif,128.473752,0.481955,11.363457,5.533114,0.000000,0.283174,0.481584
grass_field,image (27).jpg,G:\내 드라이브\데이터셋\grass_field\image (27).jpg,102.557740,0.527368,13.269186,5.368476,0.036924,0.287103,0.526636
grass_field,image (272).jpg,G:\내 드라이브\데이터셋\grass_field\image (272).jpg,73.538225,0.482265,8.431672,4.669624,0.540798,0.341313,0.604793
grass_field,image (273).jpg,G:\내 드라이브\데이터셋\grass_field\image (273).jpg,64.299910,0.450676,12.877180,5.384387,0.322029,0.279362,0.631758
grass_field,image (274).jpg,G:\내 드라이브\데이터셋\grass_field\image (274).jpg,152.180462,0.556875,13.680882,5.106194,0.000000,0.305285,0.484864
grass_field,image (275).jfif,G:\내 드라이브\데이터셋\grass_field\image (275).jfif,119.442291,0.204588,3.514515,4.069207,0.189541,0.263855,0.408751
grass_field,image (277).jpg,G:\내 드라이브\데이터셋\grass_field\image (277).jpg,95.018963,0.844236,14.194655,4.799328,0.401585,0.389129,0.583433
grass_field,image (278).jpg,G:\내 드라이브\데이터셋\grass_field\image (278).jpg,59.799355,0.084697,5.440049,4.346788,0.234423,0.227237,0.418657
grass_field,image (279).jfif,G:\내 드라이브\데이터셋\grass_field\image (279).jfif,84.902627,0.372613,10.752977,5.785234,0.000000,0.283365,0.543086
grass_field,image (279).jpg,G:\내 드라이브\데이터셋\grass_field\image (279).jpg,140.143687,0.706120,16.698441,5.678805,0.000000,0.294361,0.507710
grass_field,image (28).jfif,G:\내 드라이브\데이터셋\grass_field\image (28).jfif,41.139451,0.132505,3.019270,4.158489,0.283840,0.306050,0.497356
grass_field,image (28).jpg,G:\내 드라이브\데이터셋\grass_field\image (28).jpg,101.101327,0.511005,14.205715,5.441966,0.000000,0.257144,0.526951
grass_field,image (280).jfif,G:\내 드라이브\데이터셋\grass_field\image (280).jfif,148.498742,0.422567,7.067438,5.269513,0.000000,0.286336,0.457413
grass_field,image (281).jpg,G:\내 드라이브\데이터셋\grass_field\image (281).jpg,89.672230,0.534693,12.058731,5.393727,0.000000,0.215633,0.533480
grass_field,image (284).jpg,G:\내 드라이브\데이터셋\grass_field\image (284).jpg,80.386714,0.428134,14.577241,5.893315,0.000000,0.242507,0.565206
grass_field,image (289).jfif,G:\내 드라이브\데이터셋\grass_field\image (289).jfif,126.234645,0.756200,18.174088,5.447287,0.032309,0.336228,0.523014
grass_field,image (29).jfif,G:\내 드라이브\데이터셋\grass_field\image (29).jfif,92.743634,0.142853,2.974695,4.845824,0.000000,0.275996,0.395894
grass_field,image (29).jpg,G:\내 드라이브\데이터셋\grass_field\image (29).jpg,98.546024,0.479748,10.898598,5.918826,0.000000,0.246863,0.515106
grass_field,image (290).jpg,G:\내 드라이브\데이터셋\grass_field\image (290).jpg,99.143784,0.246547,6.902361,4.492390,0.423160,0.241876,0.519536
grass_field,image (291).jfif,G:\내 드라이브\데이터셋\grass_field\image (291).jfif,116.364983,0.792284,27.630907,5.721928,0.000000,0.326753,0.568859
grass_field,image (291).jpg,G:\내 드라이브\데이터셋\grass_field\image (291).jpg,38.542359,0.221028,8.188632,4.288139,0.000000,0.217398,0.572401
grass_field,image (292).jfif,G:\내 드라이브\데이터셋\grass_field\image (292).jfif,99.495956,0.476014,12.298769,5.566482,0.054342,0.325089,0.534815
grass_field,image (292).jpg,G:\내 드라이브\데이터셋\grass_field\image (292).jpg,92.988337,0.347306,7.453255,5.608993,0.000000,0.244269,0.508885
grass_field,image (293).jpg,G:\내 드라이브\데이터셋\grass_field\image (293).jpg,159.760420,0.639371,18.005522,5.637672,0.000000,0.290494,0.513450
grass_field,image (294).jpg,G:\내 드라이브\데이터셋\grass_field\image (294).jpg,66.602771,0.240813,6.616210,5.305423,0.431880,0.282799,0.610180
grass_field,image (296).jpg,G:\내 드라이브\데이터셋\grass_field\image (296).jpg,79.540439,0.701278,16.851713,5.424883,0.000000,0.356593,0.588828
grass_field,image (297).jpg,G:\내 드라이브\데이터셋\grass_field\image (297).jpg,109.699137,0.614559,21.801693,5.748868,0.000000,0.247900,0.545870
grass_field,image (298).jpg,G:\내 드라이브\데이터셋\grass_field\image (298).jpg,147.307453,0.452921,11.021694,5.103873,0.000000,0.274374,0.469231
grass_field,image (299).jpg,G:\내 드라이브\데이터셋\grass_field\image (299).jpg,86.147348,0.555143,13.481256,5.391580,0.000000,0.230579,0.548034
grass_field,image (3).jfif,G:\내 드라이브\데이터셋\grass_field\image (3).jfif,135.850498,0.435659,11.015041,5.400212,0.000000,0.262895,0.477923
grass_field,image (3).jpg,G:\내 드라이브\데이터셋\grass_field\image (3).jpg,62.255679,0.703804,8.265604,5.393284,0.000000,0.361531,0.580539
grass_field,image (30).jfif,G:\내 드라이브\데이터셋\grass_field\image (30).jfif,131.847138,0.464518,8.252088,5.348001,0.000000,0.283354,0.465284
grass_field,image (30).jpg,G:\내 드라이브\데이터셋\grass_field\image (30).jpg,144.085803,0.606291,12.842014,5.393205,0.000000,0.291268,0.489097
grass_field,image (301).jfif,G:\내 드라이브\데이터셋\grass_field\image (301).jfif,132.359751,0.257655,3.965147,5.234430,0.000000,0.333768,0.446444
grass_field,image (302).jpg,G:\내 드라이브\데이터셋\grass_field\image (302).jpg,66.926870,0.704020,14.226688,4.962078,0.244078,0.345866,0.615708
grass_field,image (305).jpg,G:\내 드라이브\데이터셋\grass_field\image (305).jpg,134.531926,0.669496,16.424393,5.436639,0.000000,0.323392,0.509329
grass_field,image (307).jpg,G:\내 드라이브\데이터셋\grass_field\image (307).jpg,56.137769,0.558928,15.271230,5.546656,0.062606,0.275212,0.624325
grass_field,image (309).jpg,G:\내 드라이브\데이터셋\grass_field\image (309).jpg,47.495686,0.246117,6.159284,5.345650,0.000000,0.271560,0.587141
grass_field,image (31).jfif,G:\내 드라이브\데이터셋\grass_field\image (31).jfif,194.577068,0.382372,9.557656,5.678568,0.000000,0.320749,0.476876
grass_field,image (31).jpg,G:\내 드라이브\데이터셋\grass_field\image (31).jpg,47.839759,0.377371,12.408056,5.564701,0.000000,0.256610,0.616118
grass_field,image (311).jpg,G:\내 드라이브\데이터셋\grass_field\image (311).jpg,46.430789,0.222132,2.871941,5.406373,0.000000,0.285500,0.576889
grass_field,image (312).jfif,G:\내 드라이브\데이터셋\grass_field\image (312).jfif,84.402882,0.333371,5.991399,5.164377,0.000000,0.306053,0.516097
grass_field,image (313).jfif,G:\내 드라이브\데이터셋\grass_field\image (313).jfif,117.107883,0.417452,5.789586,5.701614,0.000000,0.333324,0.465773
grass_field,image (313).jpg,G:\내 드라이브\데이터셋\grass_field\image (313).jpg,50.505308,0.788572,13.205279,5.520900,0.112470,0.375436,0.641471
grass_field,image (314).jpg,G:\내 드라이브\데이터셋\grass_field\image (314).jpg,172.899125,0.748209,16.812902,5.209734,0.000000,0.346273,0.507096
grass_field,image (316).jpg,G:\내 드라이브\데이터셋\grass_field\image (316).jpg,163.085309,0.905999,22.729662,5.581772,0.121853,0.360384,0.558425
grass_field,image (317).jpg,G:\내 드라이브\데이터셋\grass_field\image (317).jpg,84.143777,0.755961,22.299437,5.480407,0.473982,0.299904,0.661873
grass_field,image (318).jfif,G:\내 드라이브\데이터셋\grass_field\image (318).jfif,122.870058,0.862920,21.419538,5.804774,0.000000,0.374145,0.537819
grass_field,image (319).jpg,G:\내 드라이브\데이터셋\grass_field\image (319).jpg,139.928176,0.506481,10.666824,5.537462,0.000000,0.271475,0.477148
grass_field,image (32).jfif,G:\내 드라이브\데이터셋\grass_field\image (32).jfif,120.825699,0.274618,5.191594,4.217532,0.199624,0.217763,0.432647
grass_field,image (32).jpg,G:\내 드라이브\데이터셋\grass_field\image (32).jpg,152.279140,0.338489,7.751245,5.165505,0.000000,0.271032,0.455621
grass_field,image (321).jpg,G:\내 드라이브\데이터셋\grass_field\image (321).jpg,47.489691,0.585815,11.375758,5.514771,0.000000,0.344057,0.620665
grass_field,image (326).jpg,G:\내 드라이브\데이터셋\grass_field\image (326).jpg,90.054256,0.689685,13.133654,5.209459,0.000000,0.350949,0.545208
grass_field,image (327).jpg,G:\내 드라이브\데이터셋\grass_field\image (327).jpg,169.010463,0.694195,19.377369,5.287906,0.000000,0.329368,0.520032
grass_field,image (328).jfif,G:\내 드라이브\데이터셋\grass_field\image (328).jfif,135.741624,0.457049,12.430505,5.371401,0.000000,0.288599,0.486175
grass_field,image (329).jpg,G:\내 드라이브\데이터셋\grass_field\image (329).jpg,97.181013,0.447455,9.066629,5.648899,0.000000,0.301277,0.514462
grass_field,image (33).jfif,G:\내 드라이브\데이터셋\grass_field\image (33).jfif,128.666060,0.679753,17.324316,5.804958,0.000000,0.323965,0.513604
grass_field,image (33).jpg,G:\내 드라이브\데이터셋\grass_field\image (33).jpg,95.094572,0.456548,9.727271,5.844742,0.000000,0.304870,0.521743
grass_field,image (330).jfif,G:\내 드라이브\데이터셋\grass_field\image (330).jfif,153.358764,0.668536,11.888125,5.043951,0.000000,0.352777,0.479135
grass_field,image (330).jpg,G:\내 드라이브\데이터셋\grass_field\image (330).jpg,116.276757,0.766789,23.833590,5.900231,0.000000,0.303917,0.548938
grass_field,image (331).jfif,G:\내 드라이브\데이터셋\grass_field\image (331).jfif,101.245796,0.697717,15.718496,4.789567,0.020260,0.342965,0.524646
grass_field,image (333).jfif,G:\내 드라이브\데이터셋\grass_field\image (333).jfif,154.100474,0.672084,12.041168,5.059147,0.000000,0.353207,0.480402
grass_field,image (333).jpg,G:\내 드라이브\데이터셋\grass_field\image (333).jpg,103.487595,0.344164,7.244109,5.430824,0.000000,0.270980,0.491328
grass_field,image (334).jfif,G:\내 드라이브\데이터셋\grass_field\image (334).jfif,145.028745,0.489325,8.562046,5.715097,0.000000,0.303657,0.470500
grass_field,image (337).jpg,G:\내 드라이브\데이터셋\grass_field\image (337).jpg,84.702968,0.251486,3.725693,5.325649,0.000000,0.296985,0.509396
grass_field,image (338).jpg,G:\내 드라이브\데이터셋\grass_field\image (338).jpg,114.157880,0.495234,15.071321,5.440033,0.000000,0.244375,0.505795
grass_field,image (34).jfif,G:\내 드라이브\데이터셋\grass_field\image (34).jfif,119.416041,0.748714,27.118658,5.706758,0.000000,0.360880,0.564277
grass_field,image (34).jpg,G:\내 드라이브\데이터셋\grass_field\image (34).jpg,129.604088,0.451335,10.571316,5.559667,0.000000,0.316672,0.481220
grass_field,image (342).jpg,G:\내 드라이브\데이터셋\grass_field\image (342).jpg,64.904540,0.425367,6.693131,5.517707,0.000000,0.282207,0.560603
grass_field,image (343).jpg,G:\내 드라이브\데이터셋\grass_field\image (343).jpg,129.080432,0.649709,14.387887,5.793507,0.000000,0.307517,0.498195
grass_field,image (346).jpg,G:\내 드라이브\데이터셋\grass_field\image (346).jpg,115.933125,0.524937,11.560778,5.587805,0.000000,0.275449,0.489192
grass_field,image (348).jpg,G:\내 드라이브\데이터셋\grass_field\image (348).jpg,123.077586,0.463375,10.241628,5.357111,0.000000,0.273150,0.473893
grass_field,image (35).jfif,G:\내 드라이브\데이터셋\grass_field\image (35).jfif,133.878959,0.259730,3.903355,5.239255,0.000000,0.342514,0.447190
grass_field,image (35).jpg,G:\내 드라이브\데이터셋\grass_field\image (35).jpg,138.628923,0.439058,8.964954,5.434589,0.000000,0.303765,0.472400
grass_field,image (351).jfif,G:\내 드라이브\데이터셋\grass_field\image (351).jfif,95.737637,0.450741,17.414507,5.594050,0.000000,0.243028,0.550414
grass_field,image (355).jfif,G:\내 드라이브\데이터셋\grass_field\image (355).jfif,81.789927,0.850705,19.504009,5.427175,0.100262,0.391273,0.613638
grass_field,image (355).jpg,G:\내 드라이브\데이터셋\grass_field\image (355).jpg,111.041394,0.461160,8.283417,5.597335,0.000000,0.301599,0.485412
grass_field,image (356).jpg,G:\내 드라이브\데이터셋\grass_field\image (356).jpg,96.501296,0.287564,7.155210,5.719872,0.000000,0.281775,0.504798
grass_field,image (359).jpg,G:\내 드라이브\데이터셋\grass_field\image (359).jpg,139.848999,0.139411,3.782480,5.250196,0.000000,0.242490,0.356397
grass_field,image (36).jpg,G:\내 드라이브\데이터셋\grass_field\image (36).jpg,148.706032,0.392708,7.932960,5.660967,0.000000,0.278451,0.465031
grass_field,image (360).jfif,G:\내 드라이브\데이터셋\grass_field\image (360).jfif,127.506105,0.553692,12.761601,5.179911,0.000000,0.359122,0.488396
grass_field,image (360).jpg,G:\내 드라이브\데이터셋\grass_field\image (360).jpg,17.316542,0.463480,13.230216,5.607422,0.000000,0.268259,0.677096
grass_field,image (361).jpg,G:\내 드라이브\데이터셋\grass_field\image (361).jpg,95.136329,0.626903,21.639273,5.612003,0.000000,0.278592,0.574877
grass_field,image (363).jpg,G:\내 드라이브\데이터셋\grass_field\image (363).jpg,85.406679,0.180881,5.936831,5.299078,0.000000,0.256528,0.474419
grass_field,image (364).jpg,G:\내 드라이브\데이터셋\grass_field\image (364).jpg,70.207344,0.473273,12.613876,5.609484,0.000000,0.246045,0.575019
grass_field,image (365).jfif,G:\내 드라이브\데이터셋\grass_field\image (365).jfif,165.699566,0.533512,20.288614,5.618279,0.000000,0.244329,0.519536
grass_field,image (365).jpg,G:\내 드라이브\데이터셋\grass_field\image (365).jpg,114.824123,0.358261,8.909135,4.689431,0.285178,0.306035,0.495242
grass_field,image (366).jpg,G:\내 드라이브\데이터셋\grass_field\image (366).jpg,101.619868,0.333884,7.438724,5.433945,0.000000,0.232999,0.491866
grass_field,image (367).jpg,G:\내 드라이브\데이터셋\grass_field\image (367).jpg,126.536342,0.443200,10.412351,5.790428,0.000000,0.269724,0.475780
grass_field,image (368).jpg,G:\내 드라이브\데이터셋\grass_field\image (368).jpg,122.708995,0.449961,10.788669,5.443176,0.000000,0.280383,0.478610
grass_field,image (369).jfif,G:\내 드라이브\데이터셋\grass_field\image (369).jfif,166.939426,0.531424,20.843403,5.641012,0.000000,0.243483,0.522052
grass_field,image (369).jpg,G:\내 드라이브\데이터셋\grass_field\image (369).jpg,151.847856,0.584066,21.038361,5.677296,0.000000,0.289810,0.527598
grass_field,image (37).jfif,G:\내 드라이브\데이터셋\grass_field\image (37).jfif,84.605086,0.332737,5.513205,5.197323,0.000000,0.298007,0.513779
grass_field,image (37).jpg,G:\내 드라이브\데이터셋\grass_field\image (37).jpg,160.860753,0.680897,14.299356,5.665276,0.000000,0.313285,0.498357
grass_field,image (371).jpg,G:\내 드라이브\데이터셋\grass_field\image (371).jpg,120.947201,0.293504,7.634105,5.693181,0.000000,0.210923,0.456877
grass_field,image (372).jpg,G:\내 드라이브\데이터셋\grass_field\image (372).jpg,54.244652,0.189773,4.037445,4.123096,0.254216,0.269194,0.526654
grass_field,image (374).jfif,G:\내 드라이브\데이터셋\grass_field\image (374).jfif,168.838885,0.531133,21.725513,5.677040,0.000000,0.243438,0.526182
grass_field,image (374).jpg,G:\내 드라이브\데이터셋\grass_field\image (374).jpg,173.570805,0.552889,14.736588,5.767242,0.000000,0.317479,0.500826
grass_field,image (375).jfif,G:\내 드라이브\데이터셋\grass_field\image (375).jfif,210.095912,0.790620,14.748605,4.494471,0.758597,0.404318,0.577999
grass_field,image (376).jpg,G:\내 드라이브\데이터셋\grass_field\image (376).jpg,120.143553,0.337533,7.443618,5.271307,0.000000,0.314671,0.462069
grass_field,image (377).jpg,G:\내 드라이브\데이터셋\grass_field\image (377).jpg,142.656564,0.684935,16.533646,5.610523,0.000000,0.331469,0.510648
grass_field,image (378).jpg,G:\내 드라이브\데이터셋\grass_field\image (378).jpg,46.448562,0.103816,3.384200,5.348792,0.000000,0.305285,0.463345
grass_field,image (379).jfif,G:\내 드라이브\데이터셋\grass_field\image (379).jfif,210.180302,0.781742,14.775823,4.508173,0.760445,0.398389,0.578231
grass_field,image (379).jpg,G:\내 드라이브\데이터셋\grass_field\image (379).jpg,69.495878,0.612278,18.287189,5.478234,0.000000,0.258519,0.604164
grass_field,image (38).jfif,G:\내 드라이브\데이터셋\grass_field\image (38).jfif,123.901027,0.361218,5.575686,5.708696,0.000000,0.317650,0.457901
grass_field,image (38).jpg,G:\내 드라이브\데이터셋\grass_field\image (38).jpg,119.089554,0.652809,15.195070,5.649457,0.000000,0.323267,0.505223
grass_field,image (380).jpg,G:\내 드라이브\데이터셋\grass_field\image (380).jpg,106.144307,0.564385,10.853526,5.157478,0.000000,0.382866,0.506481
grass_field,image (381).jfif,G:\내 드라이브\데이터셋\grass_field\image (381).jfif,151.607512,0.518291,10.592630,5.126021,0.000000,0.294469,0.469967
grass_field,image (381).jpg,G:\내 드라이브\데이터셋\grass_field\image (381).jpg,93.130979,0.279697,3.730090,4.315791,0.000000,0.349596,0.465564
grass_field,image (382).jpg,G:\내 드라이브\데이터셋\grass_field\image (382).jpg,142.472652,0.375140,11.020560,5.578875,0.000000,0.319762,0.483635
grass_field,image (383).jpg,G:\내 드라이브\데이터셋\grass_field\image (383).jpg,80.345955,0.362779,11.992475,5.571085,0.000000,0.254672,0.554381
grass_field,image (384).jpg,G:\내 드라이브\데이터셋\grass_field\image (384).jpg,94.597725,0.475850,14.203197,5.376467,0.000000,0.320603,0.544424
grass_field,image (385).jpg,G:\내 드라이브\데이터셋\grass_field\image (385).jpg,73.986109,0.256219,6.363142,5.046808,0.000000,0.272114,0.529624
grass_field,image (386).jfif,G:\내 드라이브\데이터셋\grass_field\image (386).jfif,151.908216,0.515939,10.646625,5.138041,0.000000,0.298069,0.470981
grass_field,image (386).jpg,G:\내 드라이브\데이터셋\grass_field\image (386).jpg,141.160358,0.594390,17.398724,5.798644,0.000000,0.337100,0.515266
grass_field,image (387).jpg,G:\내 드라이브\데이터셋\grass_field\image (387).jpg,171.751372,0.324480,6.063713,5.536694,0.000000,0.279484,0.456372
grass_field,image (388).jpg,G:\내 드라이브\데이터셋\grass_field\image (388).jpg,171.057892,0.660638,15.749091,5.656839,0.000000,0.351018,0.508926
grass_field,image (389).jfif,G:\내 드라이브\데이터셋\grass_field\image (389).jfif,214.182237,0.765080,14.999490,4.538059,0.767434,0.389506,0.580296
grass_field,image (389).jpg,G:\내 드라이브\데이터셋\grass_field\image (389).jpg,177.741938,0.166331,4.920946,5.446604,0.000000,0.293713,0.398769
grass_field,image (39).jfif,G:\내 드라이브\데이터셋\grass_field\image (39).jfif,160.447340,0.660477,12.263296,5.119482,0.000000,0.379179,0.486051
grass_field,image (39).jpg,G:\내 드라이브\데이터셋\grass_field\image (39).jpg,155.546792,0.616277,17.767818,5.722806,0.316255,0.318859,0.556286
grass_field,image (390).jpg,G:\내 드라이브\데이터셋\grass_field\image (390).jpg,155.558834,0.555199,11.806259,5.909796,0.000000,0.340728,0.489415
grass_field,image (391).jpg,G:\내 드라이브\데이터셋\grass_field\image (391).jpg,124.184734,0.200928,4.536394,5.186234,0.000000,0.294049,0.424472
grass_field,image (392).jfif,G:\내 드라이브\데이터셋\grass_field\image (392).jfif,152.146170,0.513545,10.668384,5.147857,0.000000,0.301991,0.471802
grass_field,image (392).jpg,G:\내 드라이브\데이터셋\grass_field\image (392).jpg,138.489232,0.134080,3.347710,5.753796,0.000000,0.329933,0.362766
grass_field,image (393).jfif,G:\내 드라이브\데이터셋\grass_field\image (393).jfif,83.662561,0.387671,8.152488,4.909451,0.000000,0.294238,0.517906
grass_field,image (393).jpg,G:\내 드라이브\데이터셋\grass_field\image (393).jpg,116.079407,0.342711,6.749353,5.498580,0.000000,0.332193,0.472045
grass_field,image (394).jpg,G:\내 드라이브\데이터셋\grass_field\image (394).jpg,56.493647,0.159259,3.024210,4.926502,0.000000,0.343072,0.488387
grass_field,image (395).jpg,G:\내 드라이브\데이터셋\grass_field\image (395).jpg,144.305810,0.529619,15.544514,5.738205,0.000000,0.333204,0.506185
grass_field,image (396).jpg,G:\내 드라이브\데이터셋\grass_field\image (396).jpg,133.179589,0.389831,9.263789,5.533356,0.000000,0.301003,0.473524
grass_field,image (397).jpg,G:\내 드라이브\데이터셋\grass_field\image (397).jpg,127.337579,0.404292,7.356438,5.383172,0.000000,0.271704,0.461093
grass_field,image (398).jfif,G:\내 드라이브\데이터셋\grass_field\image (398).jfif,74.280994,0.309333,5.094025,5.346879,0.000000,0.311620,0.537088
grass_field,image (398).jpg,G:\내 드라이브\데이터셋\grass_field\image (398).jpg,104.217796,0.531134,8.728424,5.010535,0.196040,0.365681,0.518920
grass_field,image (399).jfif,G:\내 드라이브\데이터셋\grass_field\image (399).jfif,152.330223,0.511527,10.676386,5.155884,0.000000,0.301677,0.472076
grass_field,image (399).jpg,G:\내 드라이브\데이터셋\grass_field\image (399).jpg,98.892543,0.246881,5.672099,5.417530,0.000000,0.320812,0.497366
grass_field,image (4).jfif,G:\내 드라이브\데이터셋\grass_field\image (4).jfif,152.689497,0.576242,16.143644,5.166214,0.000000,0.285371,0.496418
grass_field,image (4).jpg,G:\내 드라이브\데이터셋\grass_field\image (4).jpg,121.951685,0.378572,6.626750,5.653221,0.000000,0.325456,0.463609
grass_field,image (40).jfif,G:\내 드라이브\데이터셋\grass_field\image (40).jfif,114.364601,0.594162,14.456768,4.559024,0.056315,0.333947,0.490781
grass_field,image (40).jpg,G:\내 드라이브\데이터셋\grass_field\image (40).jpg,94.457947,0.248566,7.933074,5.488469,0.000000,0.205009,0.504514
grass_field,image (400).jpg,G:\내 드라이브\데이터셋\grass_field\image (400).jpg,123.604462,0.466871,10.278996,5.779028,0.000000,0.282122,0.476395
grass_field,image (401).jpg,G:\내 드라이브\데이터셋\grass_field\image (401).jpg,175.685939,0.412895,9.711856,5.547434,0.000000,0.312591,0.476783
grass_field,image (402).jpg,G:\내 드라이브\데이터셋\grass_field\image (402).jpg,135.222231,0.314535,6.452614,5.792076,0.000000,0.311068,0.461353
grass_field,image (403).jpg,G:\내 드라이브\데이터셋\grass_field\image (403).jpg,169.918566,0.305961,9.450289,5.601897,0.000000,0.238325,0.468131
grass_field,image (404).jfif,G:\내 드라이브\데이터셋\grass_field\image (404).jfif,73.956988,0.304499,5.019526,5.342068,0.000000,0.308562,0.536866
grass_field,image (404).jpg,G:\내 드라이브\데이터셋\grass_field\image (404).jpg,107.641629,0.343181,8.891650,5.210532,0.000000,0.258754,0.483896
grass_field,image (409).jfif,G:\내 드라이브\데이터셋\grass_field\image (409).jfif,76.604225,0.067446,2.175678,4.365761,0.000000,0.342392,0.336967
grass_field,image (409).jpg,G:\내 드라이브\데이터셋\grass_field\image (409).jpg,134.373526,0.225074,7.467690,5.839688,0.000000,0.304832,0.465488
grass_field,image (41).jfif,G:\내 드라이브\데이터셋\grass_field\image (41).jfif,83.336941,0.363256,7.174128,4.910275,0.000000,0.335308,0.518051
grass_field,image (41).jpg,G:\내 드라이브\데이터셋\grass_field\image (41).jpg,137.658300,0.482024,10.291652,5.355348,0.000000,0.216011,0.468355
grass_field,image (42).jfif,G:\내 드라이브\데이터셋\grass_field\image (42).jfif,172.013844,0.555640,23.031933,5.728920,0.000000,0.247025,0.532665
grass_field,image (42).jpg,G:\내 드라이브\데이터셋\grass_field\image (42).jpg,103.341271,0.731493,23.630642,5.817548,0.000000,0.297354,0.571045
grass_field,image (43).jfif,G:\내 드라이브\데이터셋\grass_field\image (43).jfif,218.348208,0.574151,12.685984,4.535728,0.760129,0.380680,0.567541
grass_field,image (43).jpg,G:\내 드라이브\데이터셋\grass_field\image (43).jpg,142.335581,0.745510,18.940943,5.706073,0.000000,0.322036,0.520989
grass_field,image (432).jfif,G:\내 드라이브\데이터셋\grass_field\image (432).jfif,177.877607,0.593246,15.965274,5.633062,0.000000,0.324206,0.507258
grass_field,image (433).jpg,G:\내 드라이브\데이터셋\grass_field\image (433).jpg,64.371992,0.794509,19.726858,5.324732,0.721112,0.388155,0.724505
grass_field,image (434).jfif,G:\내 드라이브\데이터셋\grass_field\image (434).jfif,194.485340,0.850502,19.521179,5.756106,0.000000,0.403306,0.531836
grass_field,image (434).jpg,G:\내 드라이브\데이터셋\grass_field\image (434).jpg,166.383428,0.811911,24.958784,5.714696,0.545351,0.391177,0.627008
grass_field,image (44).jfif,G:\내 드라이브\데이터셋\grass_field\image (44).jfif,170.576666,0.668428,22.539850,5.577896,0.000000,0.285005,0.534156
grass_field,image (44).jpg,G:\내 드라이브\데이터셋\grass_field\image (44).jpg,99.871462,0.392574,9.892417,5.857902,0.000000,0.240310,0.507304
grass_field,image (45).jfif,G:\내 드라이브\데이터셋\grass_field\image (45).jfif,75.985156,0.212267,4.045556,5.290407,0.000000,0.336765,0.521948
grass_field,image (45).jpg,G:\내 드라이브\데이터셋\grass_field\image (45).jpg,231.472588,0.576372,15.097867,5.743513,0.000000,0.295807,0.500352
grass_field,image (456).jfif,G:\내 드라이브\데이터셋\grass_field\image (456).jfif,120.088824,0.454777,7.332962,5.713984,0.000000,0.350832,0.469456
grass_field,image (46).jfif,G:\내 드라이브\데이터셋\grass_field\image (46).jfif,147.758448,0.367743,9.377068,5.731643,0.006791,0.235095,0.468347
grass_field,image (47).jfif,G:\내 드라이브\데이터셋\grass_field\image (47).jfif,95.354780,0.604537,19.744085,5.431185,0.000000,0.286845,0.566418
grass_field,image (48).jfif,G:\내 드라이브\데이터셋\grass_field\image (48).jfif,180.045670,0.541705,13.214989,5.657672,0.000000,0.299055,0.491851
grass_field,image (488).jfif,G:\내 드라이브\데이터셋\grass_field\image (488).jfif,174.725868,0.579236,11.854779,5.700609,0.000000,0.356620,0.491231
grass_field,image (49).jfif,G:\내 드라이브\데이터셋\grass_field\image (49).jfif,124.795657,0.390803,6.196238,5.720865,0.000000,0.339046,0.462949
grass_field,image (490).jfif,G:\내 드라이브\데이터셋\grass_field\image (490).jfif,87.933194,0.432475,7.942408,5.100318,0.000000,0.349523,0.520982
grass_field,image (498).jfif,G:\내 드라이브\데이터셋\grass_field\image (498).jfif,70.432037,0.575370,10.207963,5.041109,0.000000,0.343114,0.561073
grass_field,image (5).jfif,G:\내 드라이브\데이터셋\grass_field\image (5).jfif,125.452932,0.326901,8.234862,5.439106,0.000000,0.257252,0.464326
grass_field,image (5).jpg,G:\내 드라이브\데이터셋\grass_field\image (5).jpg,145.718273,0.404258,5.028090,5.386511,0.000000,0.331749,0.456294
grass_field,image (504).jfif,G:\내 드라이브\데이터셋\grass_field\image (504).jfif,141.575350,0.381635,7.885889,5.625650,0.000000,0.295935,0.466559
grass_field,image (51).jfif,G:\내 드라이브\데이터셋\grass_field\image (51).jfif,175.930250,0.552492,10.761201,5.703237,0.000000,0.367945,0.487238
grass_field,image (513).jfif,G:\내 드라이브\데이터셋\grass_field\image (513).jfif,94.550595,0.411870,6.983278,5.484984,0.000000,0.343527,0.513744
grass_field,image (515).jfif,G:\내 드라이브\데이터셋\grass_field\image (515).jfif,208.761648,0.325232,8.533915,5.083005,0.619120,0.328675,0.542789
grass_field,image (52).jfif,G:\내 드라이브\데이터셋\grass_field\image (52).jfif,95.291910,0.447442,7.133993,5.504230,0.000000,0.336303,0.512369
grass_field,image (520).jfif,G:\내 드라이브\데이터셋\grass_field\image (520).jfif,134.095815,0.259651,6.083003,5.002972,0.000000,0.244169,0.439697
grass_field,image (523).jfif,G:\내 드라이브\데이터셋\grass_field\image (523).jfif,95.685329,0.578645,24.351881,5.647432,0.000000,0.254373,0.584164
grass_field,image (53).jfif,G:\내 드라이브\데이터셋\grass_field\image (53).jfif,123.669601,0.569677,13.010484,5.475198,0.081953,0.308405,0.502481
grass_field,image (530).jfif,G:\내 드라이브\데이터셋\grass_field\image (530).jfif,114.008418,0.624209,9.403210,5.759642,0.000000,0.231329,0.478195
grass_field,image (535).jfif,G:\내 드라이브\데이터셋\grass_field\image (535).jfif,56.757894,0.413816,7.772474,5.242061,0.000000,0.320724,0.579185
grass_field,image (538).jfif,G:\내 드라이브\데이터셋\grass_field\image (538).jfif,123.332684,0.678713,14.733082,5.467990,0.082161,0.337356,0.513478
grass_field,image (54).jfif,G:\내 드라이브\데이터셋\grass_field\image (54).jfif,134.105036,0.245328,6.092914,5.016068,0.000000,0.250345,0.440797
grass_field,image (544).jfif,G:\내 드라이브\데이터셋\grass_field\image (544).jfif,201.842093,0.869453,14.448615,4.693531,0.604795,0.413816,0.564184
grass_field,image (547).jfif,G:\내 드라이브\데이터셋\grass_field\image (547).jfif,65.675476,0.358339,7.722119,4.990641,0.000000,0.320901,0.554237
grass_field,image (55).jfif,G:\내 드라이브\데이터셋\grass_field\image (55).jfif,74.364277,0.569516,10.867785,5.080241,0.000000,0.358866,0.559836
grass_field,image (552).jfif,G:\내 드라이브\데이터셋\grass_field\image (552).jfif,97.343317,0.354528,10.690733,5.069673,0.000000,0.297402,0.510379
grass_field,image (553).jfif,G:\내 드라이브\데이터셋\grass_field\image (553).jfif,244.556743,0.633286,12.029660,4.760109,0.667657,0.383072,0.560162
grass_field,image (554).jfif,G:\내 드라이브\데이터셋\grass_field\image (554).jfif,64.431325,0.235775,6.409301,5.596085,0.000000,0.306165,0.562536
grass_field,image (558).jfif,G:\내 드라이브\데이터셋\grass_field\image (558).jfif,100.225135,0.592471,12.888426,5.800064,0.000000,0.299719,0.526640
grass_field,image (559).jfif,G:\내 드라이브\데이터셋\grass_field\image (559).jfif,64.506402,0.223047,6.030111,5.596771,0.000000,0.307077,0.560712
grass_field,image (56).jfif,G:\내 드라이브\데이터셋\grass_field\image (56).jfif,84.510069,0.797166,11.706557,4.803442,0.260385,0.394377,0.573342
grass_field,image (560).jfif,G:\내 드라이브\데이터셋\grass_field\image (560).jfif,83.844503,0.784476,11.420571,4.756083,0.267103,0.379629,0.571041
grass_field,image (564).jfif,G:\내 드라이브\데이터셋\grass_field\image (564).jfif,106.374455,0.591642,13.844871,5.824901,0.000000,0.289652,0.518843
grass_field,image (567).jfif,G:\내 드라이브\데이터셋\grass_field\image (567).jfif,73.588616,0.428905,6.689196,5.325150,0.000000,0.369806,0.550929
grass_field,image (57).jfif,G:\내 드라이브\데이터셋\grass_field\image (57).jfif,143.280237,0.698114,24.151325,5.523465,0.000000,0.281684,0.541378
grass_field,image (573).jfif,G:\내 드라이브\데이터셋\grass_field\image (573).jfif,148.806932,0.590922,18.217979,5.526345,0.000000,0.263300,0.511727
grass_field,image (579).jfif,G:\내 드라이브\데이터셋\grass_field\image (579).jfif,83.600046,0.158573,4.968131,5.459029,0.000000,0.271406,0.455735
grass_field,image (58).jfif,G:\내 드라이브\데이터셋\grass_field\image (58).jfif,245.343405,0.515739,10.659123,4.768672,0.668289,0.374906,0.553289
grass_field,image (587).jfif,G:\내 드라이브\데이터셋\grass_field\image (587).jfif,141.568448,0.559602,15.848351,5.312224,0.000000,0.278591,0.499222
grass_field,image (589).jfif,G:\내 드라이브\데이터셋\grass_field\image (589).jfif,154.283995,0.593429,21.935305,5.627914,0.000000,0.272700,0.530092
grass_field,image (59).jfif,G:\내 드라이브\데이터셋\grass_field\image (59).jfif,64.629447,0.176686,4.715443,5.598433,0.000000,0.319028,0.512205
grass_field,image (595).jfif,G:\내 드라이브\데이터셋\grass_field\image (595).jfif,117.591774,0.323907,5.900024,5.701492,0.000000,0.316185,0.463690
grass_field,image (6).jfif,G:\내 드라이브\데이터셋\grass_field\image (6).jfif,139.563694,0.471381,9.763700,5.352506,0.000000,0.334392,0.477623
grass_field,image (6).jpg,G:\내 드라이브\데이터셋\grass_field\image (6).jpg,192.752078,0.671528,16.274639,5.754800,0.000000,0.380358,0.514323
grass_field,image (60).jfif,G:\내 드라이브\데이터셋\grass_field\image (60).jfif,55.813774,0.112366,3.619128,5.369448,0.000000,0.261986,0.452185
grass_field,image (602).jfif,G:\내 드라이브\데이터셋\grass_field\image (602).jfif,141.562660,0.146273,3.285901,5.695341,0.000000,0.344495,0.376125
grass_field,image (61).jfif,G:\내 드라이브\데이터셋\grass_field\image (61).jfif,109.260893,0.579338,14.555574,5.848312,0.000000,0.285672,0.516485
grass_field,image (616).jfif,G:\내 드라이브\데이터셋\grass_field\image (616).jfif,147.702683,0.409583,13.823530,5.735418,0.000000,0.266669,0.491465
grass_field,image (62).jfif,G:\내 드라이브\데이터셋\grass_field\image (62).jfif,144.031595,0.559155,16.598600,5.368981,0.000000,0.281000,0.504872
grass_field,image (62).jpg,G:\내 드라이브\데이터셋\grass_field\image (62).jpg,140.646131,0.281477,8.957275,5.141281,0.386369,0.294955,0.513087
grass_field,image (625).jfif,G:\내 드라이브\데이터셋\grass_field\image (625).jfif,179.171396,0.769124,23.231228,5.835274,0.000000,0.329963,0.541893
grass_field,image (627).jfif,G:\내 드라이브\데이터셋\grass_field\image (627).jfif,165.335068,0.594463,11.881040,5.215920,0.000000,0.357262,0.485283
grass_field,image (63).jfif,G:\내 드라이브\데이터셋\grass_field\image (63).jfif,114.015594,0.656412,15.039346,5.486066,0.000000,0.336141,0.515082
grass_field,image (64).jfif,G:\내 드라이브\데이터셋\grass_field\image (64).jfif,123.404698,0.468921,8.971959,5.189789,0.000000,0.324369,0.467486
grass_field,image (64).jpg,G:\내 드라이브\데이터셋\grass_field\image (64).jpg,89.597266,0.725140,20.768114,5.690684,0.000000,0.307870,0.583876
grass_field,image (644).jfif,G:\내 드라이브\데이터셋\grass_field\image (644).jfif,74.887225,0.177202,4.960623,5.666375,0.000000,0.287259,0.491887
grass_field,image (648).jfif,G:\내 드라이브\데이터셋\grass_field\image (648).jfif,80.328813,0.447343,11.065153,4.368251,0.557918,0.358804,0.598616
grass_field,image (65).jfif,G:\내 드라이브\데이터셋\grass_field\image (65).jfif,117.733081,0.267278,4.966346,5.705674,0.000000,0.330886,0.460524
grass_field,image (66).jfif,G:\내 드라이브\데이터셋\grass_field\image (66).jfif,141.583521,0.112833,2.798112,5.703872,0.000000,0.348140,0.340764
grass_field,image (660).jfif,G:\내 드라이브\데이터셋\grass_field\image (660).jfif,118.933391,0.444160,10.282846,5.713313,0.000000,0.286495,0.478806
grass_field,image (667).jfif,G:\내 드라이브\데이터셋\grass_field\image (667).jfif,112.223929,0.415770,12.203167,5.496801,0.000000,0.299548,0.501413
grass_field,image (67).jfif,G:\내 드라이브\데이터셋\grass_field\image (67).jfif,148.556340,0.374686,12.443976,5.731511,0.000000,0.277175,0.486049
grass_field,image (673).jfif,G:\내 드라이브\데이터셋\grass_field\image (673).jfif,140.983301,0.966602,25.617579,5.182093,0.719342,0.368620,0.643195
grass_field,image (674).jfif,G:\내 드라이브\데이터셋\grass_field\image (674).jfif,189.876785,0.894749,30.978264,5.644305,0.711995,0.361752,0.673945
grass_field,image (68).jfif,G:\내 드라이브\데이터셋\grass_field\image (68).jfif,167.660363,0.534306,8.711246,5.244177,0.000000,0.360682,0.471708
grass_field,image (69).jfif,G:\내 드라이브\데이터셋\grass_field\image (69).jfif,116.635412,0.681306,24.308567,5.783508,0.000000,0.288198,0.548935
grass_field,image (69).jpg,G:\내 드라이브\데이터셋\grass_field\image (69).jpg,42.612050,0.571754,10.331236,4.975711,0.000000,0.301636,0.606326
grass_field,image (7).jfif,G:\내 드라이브\데이터셋\grass_field\image (7).jfif,105.845919,0.618990,16.697567,5.111956,0.000000,0.308486,0.525466
grass_field,image (7).jpg,G:\내 드라이브\데이터셋\grass_field\image (7).jpg,94.639026,0.607609,7.889489,5.680030,0.000000,0.346616,0.518139
grass_field,image (70).jfif,G:\내 드라이브\데이터셋\grass_field\image (70).jfif,198.982756,0.769984,24.842386,5.628036,0.712781,0.362476,0.645358
grass_field,image (706).jfif,G:\내 드라이브\데이터셋\grass_field\image (706).jfif,207.300725,0.518067,13.298088,5.642638,0.117157,0.294279,0.506993
grass_field,image (71).jfif,G:\내 드라이브\데이터셋\grass_field\image (71).jfif,136.672063,0.524631,7.508776,5.524609,0.000000,0.369861,0.472183
grass_field,image (711).jfif,G:\내 드라이브\데이터셋\grass_field\image (711).jfif,205.399460,0.133105,5.016497,5.502625,0.000000,0.256184,0.362238
grass_field,image (72).jfif,G:\내 드라이브\데이터셋\grass_field\image (72).jfif,125.792882,0.632895,14.629496,5.338886,0.580730,0.345363,0.576570
grass_field,image (72).jpg,G:\내 드라이브\데이터셋\grass_field\image (72).jpg,130.168153,0.504907,11.251070,5.550629,0.000000,0.283662,0.481106
grass_field,image (720).jfif,G:\내 드라이브\데이터셋\grass_field\image (720).jfif,78.233277,0.147653,5.297068,5.641656,0.000000,0.252579,0.454313
grass_field,image (728).jfif,G:\내 드라이브\데이터셋\grass_field\image (728).jfif,103.839655,0.601796,23.215704,5.776748,0.000000,0.266969,0.565148
grass_field,image (729).jfif,G:\내 드라이브\데이터셋\grass_field\image (729).jfif,145.114604,0.805586,14.185613,5.016490,0.492856,0.384937,0.556276
grass_field,image (73).jfif,G:\내 드라이브\데이터셋\grass_field\image (73).jfif,136.241795,0.560681,19.305567,5.842607,0.000000,0.266537,0.517149
grass_field,image (737).jfif,G:\내 드라이브\데이터셋\grass_field\image (737).jfif,61.657192,0.513922,14.631177,5.823472,0.000000,0.266519,0.602197
grass_field,image (74).jfif,G:\내 드라이브\데이터셋\grass_field\image (74).jfif,86.157605,0.353116,5.956995,5.354403,0.000000,0.315381,0.519986
grass_field,image (740).jfif,G:\내 드라이브\데이터셋\grass_field\image (740).jfif,96.980500,0.496809,7.816742,5.659627,0.000000,0.333617,0.512205
grass_field,image (745).jfif,G:\내 드라이브\데이터셋\grass_field\image (745).jfif,124.282059,0.715110,17.299788,5.337378,0.581322,0.359137,0.590491
grass_field,image (75).jfif,G:\내 드라이브\데이터셋\grass_field\image (75).jfif,116.491088,0.663801,18.247187,5.577786,0.000000,0.317909,0.523758
grass_field,image (75).jpg,G:\내 드라이브\데이터셋\grass_field\image (75).jpg,71.344236,0.363272,10.066076,5.514588,0.242405,0.291885,0.597088
grass_field,image (752).jfif,G:\내 드라이브\데이터셋\grass_field\image (752).jfif,100.763767,0.381581,6.160943,4.572701,0.000000,0.317374,0.468307
grass_field,image (756).jfif,G:\내 드라이브\데이터셋\grass_field\image (756).jfif,74.592580,0.295671,6.852780,5.461927,0.000000,0.269860,0.542355
grass_field,image (76).jfif,G:\내 드라이브\데이터셋\grass_field\image (76).jfif,112.740998,0.259553,6.361701,4.767842,0.551858,0.297089,0.523507
grass_field,image (766).jfif,G:\내 드라이브\데이터셋\grass_field\image (766).jfif,44.852344,0.127686,2.977947,5.123382,0.000000,0.277470,0.477942
grass_field,image (767).jfif,G:\내 드라이브\데이터셋\grass_field\image (767).jfif,103.707672,0.394707,7.367618,5.339721,0.000000,0.307620,0.493158
grass_field,image (77).jfif,G:\내 드라이브\데이터셋\grass_field\image (77).jfif,101.405884,0.376994,9.545104,5.598777,0.000000,0.249910,0.503823
grass_field,image (770).jfif,G:\내 드라이브\데이터셋\grass_field\image (770).jfif,113.934501,0.294231,5.704490,5.073246,0.000000,0.351331,0.462101
grass_field,image (778).jfif,G:\내 드라이브\데이터셋\grass_field\image (778).jfif,161.259369,0.650098,12.960075,4.537777,0.214863,0.354611,0.495403
grass_field,image (779).jfif,G:\내 드라이브\데이터셋\grass_field\image (779).jfif,142.942952,0.666814,13.878831,5.383488,0.000000,0.338884,0.498395
grass_field,image (78).jfif,G:\내 드라이브\데이터셋\grass_field\image (78).jfif,112.069786,0.368069,10.810849,5.492960,0.000000,0.315064,0.496721
grass_field,image (780).jfif,G:\내 드라이브\데이터셋\grass_field\image (780).jfif,82.012995,0.548541,9.052341,5.256403,0.000000,0.298460,0.537135
grass_field,image (784).jfif,G:\내 드라이브\데이터셋\grass_field\image (784).jfif,149.318818,0.430670,7.754174,5.363767,0.000000,0.329973,0.468137
grass_field,image (785).jfif,G:\내 드라이브\데이터셋\grass_field\image (785).jfif,152.856387,0.506084,10.541708,5.179995,0.000000,0.316765,0.473757
grass_field,image (786).jfif,G:\내 드라이브\데이터셋\grass_field\image (786).jfif,196.231827,0.677254,16.354551,5.756727,0.000000,0.384890,0.515151
grass_field,image (788).jfif,G:\내 드라이브\데이터셋\grass_field\image (788).jfif,130.716793,0.480998,6.672058,4.661654,0.489270,0.386298,0.508899
grass_field,image (79).jfif,G:\내 드라이브\데이터셋\grass_field\image (79).jfif,105.418417,0.556850,21.686407,5.795238,0.000000,0.281822,0.556570
grass_field,image (790).jfif,G:\내 드라이브\데이터셋\grass_field\image (790).jfif,115.836076,0.425701,8.201844,5.083037,0.000000,0.315924,0.467107
grass_field,image (792).jfif,G:\내 드라이브\데이터셋\grass_field\image (792).jfif,131.054568,0.386193,8.304761,5.240002,0.000000,0.314597,0.465055
grass_field,image (793).jfif,G:\내 드라이브\데이터셋\grass_field\image (793).jfif,140.752260,0.472182,13.830718,5.853018,0.000000,0.291811,0.494013
grass_field,image (794).jfif,G:\내 드라이브\데이터셋\grass_field\image (794).jfif,123.962176,0.823251,15.749312,5.294989,0.000000,0.390278,0.509352
grass_field,image (795).jfif,G:\내 드라이브\데이터셋\grass_field\image (795).jfif,90.863567,0.500543,11.123472,5.670858,0.000000,0.333927,0.538951
grass_field,image (796).jfif,G:\내 드라이브\데이터셋\grass_field\image (796).jfif,169.773401,0.596969,17.534565,5.717898,0.000000,0.267762,0.508970
grass_field,image (797).jfif,G:\내 드라이브\데이터셋\grass_field\image (797).jfif,97.294888,0.084674,2.502532,4.822272,0.000000,0.345670,0.333340
grass_field,image (798).jfif,G:\내 드라이브\데이터셋\grass_field\image (798).jfif,176.767728,0.381003,7.320457,4.667799,0.000000,0.281668,0.438075
grass_field,image (8).jfif,G:\내 드라이브\데이터셋\grass_field\image (8).jfif,86.910213,0.257725,6.292100,4.616195,0.000000,0.232331,0.487265
grass_field,image (8).jpg,G:\내 드라이브\데이터셋\grass_field\image (8).jpg,127.772450,0.689656,16.127077,5.329146,0.000000,0.329241,0.506158
grass_field,image (80).jfif,G:\내 드라이브\데이터셋\grass_field\image (80).jfif,144.404439,0.473955,11.658307,5.661651,0.000000,0.277915,0.482440
grass_field,image (80).jpg,G:\내 드라이브\데이터셋\grass_field\image (80).jpg,75.951396,0.446644,12.200002,5.762247,0.000000,0.243070,0.562250
grass_field,image (800).jfif,G:\내 드라이브\데이터셋\grass_field\image (800).jfif,164.697235,0.152552,3.763709,4.666166,0.000000,0.288387,0.354572
grass_field,image (801).jfif,G:\내 드라이브\데이터셋\grass_field\image (801).jfif,151.051960,0.646288,19.211725,5.641165,0.000000,0.364033,0.526458
grass_field,image (804).jfif,G:\내 드라이브\데이터셋\grass_field\image (804).jfif,79.614716,0.597766,14.748807,5.475266,0.000000,0.338340,0.577009
grass_field,image (806).jfif,G:\내 드라이브\데이터셋\grass_field\image (806).jfif,213.827101,0.234839,5.679152,5.110560,0.573745,0.311744,0.522734
grass_field,image (809).jfif,G:\내 드라이브\데이터셋\grass_field\image (809).jfif,175.812196,0.559713,13.607799,4.962658,0.541710,0.376241,0.557255
grass_field,image (81).jfif,G:\내 드라이브\데이터셋\grass_field\image (81).jfif,44.744002,0.107648,2.462022,5.122221,0.000000,0.318760,0.459774
grass_field,image (81).jpg,G:\내 드라이브\데이터셋\grass_field\image (81).jpg,128.639606,0.543500,15.304961,5.685146,0.000000,0.293615,0.501104
grass_field,image (810).jfif,G:\내 드라이브\데이터셋\grass_field\image (810).jfif,104.291391,0.746396,20.876551,5.560376,0.584701,0.383052,0.640974
grass_field,image (811).jfif,G:\내 드라이브\데이터셋\grass_field\image (811).jfif,105.800542,0.633883,21.447529,5.529344,0.557442,0.315182,0.630553
grass_field,image (813).jfif,G:\내 드라이브\데이터셋\grass_field\image (813).jfif,76.645383,0.715677,6.465116,5.629147,0.000000,0.358747,0.545663
grass_field,image (815).jfif,G:\내 드라이브\데이터셋\grass_field\image (815).jfif,118.872688,0.675539,11.842970,5.439487,0.000000,0.279362,0.485517
grass_field,image (816).jfif,G:\내 드라이브\데이터셋\grass_field\image (816).jfif,95.986777,0.234529,5.255668,5.758988,0.000000,0.323763,0.501036
grass_field,image (818).jfif,G:\내 드라이브\데이터셋\grass_field\image (818).jfif,134.443806,0.654002,6.964884,5.393646,0.000000,0.365516,0.468988
grass_field,image (819).jfif,G:\내 드라이브\데이터셋\grass_field\image (819).jfif,66.385100,0.450156,10.770508,5.613127,0.000000,0.265335,0.575314
grass_field,image (82).jfif,G:\내 드라이브\데이터셋\grass_field\image (82).jfif,116.955268,0.416329,6.277954,5.020800,0.000000,0.362775,0.458647
grass_field,image (820).jfif,G:\내 드라이브\데이터셋\grass_field\image (820).jfif,85.510444,0.532122,11.203276,5.608988,0.000000,0.344041,0.550150
grass_field,image (823).jfif,G:\내 드라이브\데이터셋\grass_field\image (823).jfif,79.236987,0.384851,10.230289,5.869393,0.000000,0.266421,0.549329
grass_field,image (826).jfif,G:\내 드라이브\데이터셋\grass_field\image (826).jfif,195.706480,0.234437,5.203951,5.180326,0.000000,0.284178,0.445489
grass_field,image (828).jfif,G:\내 드라이브\데이터셋\grass_field\image (828).jfif,127.716452,0.460926,13.260621,5.900416,0.000000,0.297549,0.491914
grass_field,image (83).jfif,G:\내 드라이브\데이터셋\grass_field\image (83).jfif,144.965137,0.732084,12.154640,5.024727,0.492301,0.402809,0.548746
grass_field,image (830).jfif,G:\내 드라이브\데이터셋\grass_field\image (830).jfif,57.072104,0.233741,5.957319,3.949423,0.000000,0.315340,0.526474
grass_field,image (832).jfif,G:\내 드라이브\데이터셋\grass_field\image (832).jfif,68.373414,0.331757,6.156943,4.913408,0.000000,0.255894,0.532879
grass_field,image (833).jfif,G:\내 드라이브\데이터셋\grass_field\image (833).jfif,112.304429,0.576784,19.247116,5.806717,0.000000,0.272243,0.531554
grass_field,image (834).jfif,G:\내 드라이브\데이터셋\grass_field\image (834).jfif,110.442923,0.127780,3.274822,4.861457,0.000000,0.300114,0.352712
grass_field,image (836).jfif,G:\내 드라이브\데이터셋\grass_field\image (836).jfif,125.172610,0.472478,8.467397,4.943867,0.000000,0.324965,0.456983
grass_field,image (838).jfif,G:\내 드라이브\데이터셋\grass_field\image (838).jfif,79.386181,0.315402,6.881186,5.155810,0.000000,0.324151,0.530990
grass_field,image (839).jfif,G:\내 드라이브\데이터셋\grass_field\image (839).jfif,65.311067,0.575005,15.346612,4.926786,0.000000,0.341270,0.590553
grass_field,image (84).jfif,G:\내 드라이브\데이터셋\grass_field\image (84).jfif,100.855868,0.329087,5.386292,4.579954,0.000000,0.325840,0.465595
grass_field,image (843).jfif,G:\내 드라이브\데이터셋\grass_field\image (843).jfif,109.357554,0.679732,16.999821,5.478228,0.085346,0.341785,0.544471
grass_field,image (85).jfif,G:\내 드라이브\데이터셋\grass_field\image (85).jfif,125.674050,0.552933,16.261412,5.512341,0.000000,0.254111,0.501636
grass_field,image (852).jfif,G:\내 드라이브\데이터셋\grass_field\image (852).jfif,153.493834,0.316234,7.978294,5.764148,0.000000,0.287447,0.466143
grass_field,image (855).jfif,G:\내 드라이브\데이터셋\grass_field\image (855).jfif,224.909787,0.500372,6.897604,4.940328,0.534756,0.305395,0.517068
grass_field,image (86).jfif,G:\내 드라이브\데이터셋\grass_field\image (86).jfif,143.014929,0.350137,8.236788,5.166898,0.308011,0.303881,0.501269
grass_field,image (86).jpg,G:\내 드라이브\데이터셋\grass_field\image (86).jpg,104.690892,0.302665,9.714317,5.697568,0.000000,0.195463,0.493149
grass_field,image (861).jfif,G:\내 드라이브\데이터셋\grass_field\image (861).jfif,107.475666,0.626615,11.713845,5.253903,0.000000,0.370850,0.510085
grass_field,image (87).jfif,G:\내 드라이브\데이터셋\grass_field\image (87).jfif,161.716491,0.540768,11.647360,4.546242,0.211824,0.356775,0.489353
grass_field,image (872).jfif,G:\내 드라이브\데이터셋\grass_field\image (872).jfif,58.410127,0.661740,23.674927,5.583069,0.155191,0.365659,0.680632
grass_field,image (877).jfif,G:\내 드라이브\데이터셋\grass_field\image (877).jfif,89.478342,0.447757,15.401396,4.754583,0.000000,0.304512,0.537088
grass_field,image (879).jfif,G:\내 드라이브\데이터셋\grass_field\image (879).jfif,123.045498,0.761451,31.730822,5.775908,0.000000,0.298154,0.578554
grass_field,image (88).jfif,G:\내 드라이브\데이터셋\grass_field\image (88).jfif,143.379900,0.583214,12.217847,5.416032,0.000000,0.315362,0.488807
grass_field,image (884).jfif,G:\내 드라이브\데이터셋\grass_field\image (884).jfif,172.660930,0.411278,7.142734,5.391262,0.000000,0.309290,0.464119
grass_field,image (885).jfif,G:\내 드라이브\데이터셋\grass_field\image (885).jfif,96.120378,0.374436,10.476983,5.380019,0.000000,0.246277,0.516852
grass_field,image (89).jfif,G:\내 드라이브\데이터셋\grass_field\image (89).jfif,174.133342,0.427362,7.936873,5.659783,0.000000,0.310292,0.468233
grass_field,image (895).jfif,G:\내 드라이브\데이터셋\grass_field\image (895).jfif,200.846765,0.694560,8.598667,5.455848,0.000000,0.364595,0.476766
grass_field,image (898).jfif,G:\내 드라이브\데이터셋\grass_field\image (898).jfif,125.680042,0.353261,8.404011,5.380834,0.000000,0.327900,0.471545
grass_field,image (9).jfif,G:\내 드라이브\데이터셋\grass_field\image (9).jfif,84.556348,0.619399,13.959185,5.183229,0.000000,0.308980,0.554086
grass_field,image (9).jpg,G:\내 드라이브\데이터셋\grass_field\image (9).jpg,128.612850,0.535701,18.699108,5.406391,0.000000,0.265203,0.514172
grass_field,image (90).jfif,G:\내 드라이브\데이터셋\grass_field\image (90).jfif,103.161415,0.044771,1.587456,4.808135,0.000000,0.331998,0.276553
grass_field,image (90).jpg,G:\내 드라이브\데이터셋\grass_field\image (90).jpg,92.350272,0.294531,8.397214,5.592491,0.000000,0.231654,0.513218
grass_field,image (904).jfif,G:\내 드라이브\데이터셋\grass_field\image (904).jfif,143.383227,0.747055,20.127146,5.577091,0.000000,0.348557,0.529202
grass_field,image (909).jfif,G:\내 드라이브\데이터셋\grass_field\image (909).jfif,140.417397,0.095914,3.553004,4.644188,0.722775,0.301770,0.391513
grass_field,image (91).jfif,G:\내 드라이브\데이터셋\grass_field\image (91).jfif,132.666884,0.511768,11.278684,5.351367,0.000000,0.299172,0.481165
grass_field,image (912).jfif,G:\내 드라이브\데이터셋\grass_field\image (912).jfif,110.669903,0.411147,10.428176,5.493359,0.000000,0.318833,0.497871
grass_field,image (915).jfif,G:\내 드라이브\데이터셋\grass_field\image (915).jfif,159.756894,0.594838,23.847591,5.688036,0.000000,0.292640,0.541050
grass_field,image (92).jfif,G:\내 드라이브\데이터셋\grass_field\image (92).jfif,179.575520,0.510950,8.113611,5.475176,0.000000,0.367669,0.474799
grass_field,image (92).jpg,G:\내 드라이브\데이터셋\grass_field\image (92).jpg,143.078095,0.538639,14.788292,5.499824,0.000000,0.289231,0.498243
grass_field,image (923).jfif,G:\내 드라이브\데이터셋\grass_field\image (923).jfif,74.451685,0.230049,5.148943,5.680227,0.000000,0.305649,0.538206
grass_field,image (924).jfif,G:\내 드라이브\데이터셋\grass_field\image (924).jfif,53.168616,0.451703,7.048399,4.533043,0.000000,0.366553,0.563320
grass_field,image (927).jfif,G:\내 드라이브\데이터셋\grass_field\image (927).jfif,110.288723,0.559866,14.049293,5.524498,0.000000,0.339447,0.517605
grass_field,image (928).jfif,G:\내 드라이브\데이터셋\grass_field\image (928).jfif,116.607284,0.341801,4.566561,5.502275,0.000000,0.355445,0.463170
grass_field,image (93).jfif,G:\내 드라이브\데이터셋\grass_field\image (93).jfif,157.846509,0.521013,13.433015,5.776118,0.000000,0.280708,0.491038
grass_field,image (938).jfif,G:\내 드라이브\데이터셋\grass_field\image (938).jfif,71.185175,0.352888,6.257048,5.219210,0.000000,0.358866,0.548684
grass_field,image (94).jfif,G:\내 드라이브\데이터셋\grass_field\image (94).jfif,189.177778,0.653348,12.214222,5.003944,0.000000,0.342934,0.478346
grass_field,image (941).jfif,G:\내 드라이브\데이터셋\grass_field\image (941).jfif,107.208984,0.316852,9.561590,5.519697,0.000000,0.294576,0.497728
grass_field,image (95).jfif,G:\내 드라이브\데이터셋\grass_field\image (95).jfif,90.381886,0.676507,17.210791,5.314963,0.000000,0.328527,0.564994
grass_field,image (955).jfif,G:\내 드라이브\데이터셋\grass_field\image (955).jfif,117.236132,0.097356,3.533728,4.733101,0.452806,0.312562,0.366879
grass_field,image (956).jfif,G:\내 드라이브\데이터셋\grass_field\image (956).jfif,198.383064,0.912306,26.138638,5.195339,0.883313,0.403290,0.670862
grass_field,image (96).jfif,G:\내 드라이브\데이터셋\grass_field\image (96).jfif,101.405884,0.376994,9.545104,5.598777,0.000000,0.249910,0.503823
grass_field,image (97).jfif,G:\내 드라이브\데이터셋\grass_field\image (97).jfif,74.512861,0.313747,5.176361,5.350596,0.000000,0.311160,0.537126
grass_field,image (98).jfif,G:\내 드라이브\데이터셋\grass_field\image (98).jfif,164.488875,0.664439,19.070093,5.477359,0.000000,0.289929,0.518384
grass_field,image (983).jfif,G:\내 드라이브\데이터셋\grass_field\image (983).jfif,122.040987,0.602264,11.283083,5.300282,0.000000,0.300397,0.479605
grass_field,image (987).jfif,G:\내 드라이브\데이터셋\grass_field\image (987).jfif,192.491302,0.370658,10.256753,5.321555,0.383697,0.293554,0.524700
grass_field,image (99).jfif,G:\내 드라이브\데이터셋\grass_field\image (99).jfif,139.746082,0.211828,4.368307,5.687212,0.000000,0.348238,0.447128
grass_field,image (993).jfif,G:\내 드라이브\데이터셋\grass_field\image (993).jfif,68.920724,0.318541,6.269664,5.627583,0.000000,0.283997,0.551434
grass_field,image (995).jfif,G:\내 드라이브\데이터셋\grass_field\image (995).jfif,86.997158,0.307331,8.630561,5.191573,0.000000,0.314408,0.525454
leaf_ground,autumn-ground-forest.jpg,G:\내 드라이브\데이터셋\leaf_ground\autumn-ground-forest.jpg,135.833122,0.760898,21.601948,5.496678,0.048237,0.360892,0.543619
leaf_ground,autumn-landscape-forest.jpg,G:\내 드라이브\데이터셋\leaf_ground\autumn-landscape-forest.jpg,93.557669,0.659531,19.053370,4.862035,0.627399,0.347835,0.636203
leaf_ground,bamboo-forest-landscape.jpg,G:\내 드라이브\데이터셋\leaf_ground\bamboo-forest-landscape.jpg,108.572045,0.134220,4.050456,4.762275,0.622630,0.303066,0.444149
leaf_ground,high-angle-shot-dry-leaves-ground-sunlight-autumn-malta.jpg,G:\내 드라이브\데이터셋\leaf_ground\high-angle-shot-dry-leaves-ground-sunlight-autumn-malta.jpg,104.302873,0.570965,12.131832,5.319877,0.611096,0.380979,0.600516
leaf_ground,imgi_1015_pexels-photo-11742397.jpg,G:\내 드라이브\데이터셋\leaf_ground\imgi_1015_pexels-photo-11742397.jpg,75.181883,0.760184,19.279959,4.708161,0.792752,0.354727,0.688010
leaf_ground,imgi_1037_pexels-photo-9944610.jpg,G:\내 드라이브\데이터셋\leaf_ground\imgi_1037_pexels-photo-9944610.jpg,107.909518,0.774668,15.654219,5.424217,0.377755,0.412798,0.585933
leaf_ground,imgi_1038_pexels-photo-14516673.jpg,G:\내 드라이브\데이터셋\leaf_ground\imgi_1038_pexels-photo-14516673.jpg,199.797891,0.534992,7.537787,4.923027,0.722274,0.354695,0.548799
leaf_ground,imgi_1044_pexels-photo-4198404.jpg,G:\내 드라이브\데이터셋\leaf_ground\imgi_1044_pexels-photo-4198404.jpg,115.742325,0.705875,21.345304,5.878436,0.685790,0.336064,0.630621
leaf_ground,imgi_1050_pexels-photo-34445376.jpg,G:\내 드라이브\데이터셋\leaf_ground\imgi_1050_pexels-photo-34445376.jpg,188.995156,0.822050,35.465260,5.871527,0.795830,0.340704,0.687528
leaf_ground,imgi_1051_pexels-photo-13214228.jpg,G:\내 드라이브\데이터셋\leaf_ground\imgi_1051_pexels-photo-13214228.jpg,184.484342,0.557101,18.376955,5.354687,0.447658,0.306488,0.573476
leaf_ground,imgi_1056_pexels-photo-14972530.jpg,G:\내 드라이브\데이터셋\leaf_ground\imgi_1056_pexels-photo-14972530.jpg,75.654939,0.652604,14.305530,4.272134,0.814134,0.370088,0.653607
leaf_ground,imgi_1058_pexels-photo-11255715.jpg,G:\내 드라이브\데이터셋\leaf_ground\imgi_1058_pexels-photo-11255715.jpg,53.284432,0.974733,37.931759,5.645455,0.957320,0.351403,0.831904
leaf_ground,imgi_1074_pexels-photo-34226656.jpg,G:\내 드라이브\데이터셋\leaf_ground\imgi_1074_pexels-photo-34226656.jpg,128.821521,0.807691,29.310823,5.456875,0.569128,0.347849,0.646166
leaf_ground,imgi_1080_pexels-photo-10014803.jpg,G:\내 드라이브\데이터셋\leaf_ground\imgi_1080_pexels-photo-10014803.jpg,115.543079,0.700732,15.030604,4.889356,0.517857,0.364031,0.565330
leaf_ground,imgi_1107_pexels-photo-36755854.jpg,G:\내 드라이브\데이터셋\leaf_ground\imgi_1107_pexels-photo-36755854.jpg,177.067707,0.371501,8.706758,4.757588,0.467722,0.331849,0.513388
leaf_ground,imgi_1113_pexels-photo-11255719.jpg,G:\내 드라이브\데이터셋\leaf_ground\imgi_1113_pexels-photo-11255719.jpg,47.645886,0.836476,20.511635,5.633023,0.805027,0.356240,0.769075
leaf_ground,imgi_1120_pexels-photo-29708694.jpg,G:\내 드라이브\데이터셋\leaf_ground\imgi_1120_pexels-photo-29708694.jpg,182.684138,0.737894,18.701643,5.373582,0.457891,0.370250,0.583334
leaf_ground,imgi_1128_pexels-photo-5744530.jpg,G:\내 드라이브\데이터셋\leaf_ground\imgi_1128_pexels-photo-5744530.jpg,169.266745,0.336128,9.043010,5.469300,0.481559,0.302130,0.535205
leaf_ground,imgi_1144_pexels-photo-16473932.jpg,G:\내 드라이브\데이터셋\leaf_ground\imgi_1144_pexels-photo-16473932.jpg,207.901250,0.339840,9.062425,4.345445,0.567418,0.305065,0.511599
leaf_ground,imgi_1154_pexels-photo-10175850.jpg,G:\내 드라이브\데이터셋\leaf_ground\imgi_1154_pexels-photo-10175850.jpg,116.424209,0.637932,15.960268,4.814922,0.478119,0.306524,0.554675
leaf_ground,imgi_1180_pexels-photo-3013963.jpg,G:\내 드라이브\데이터셋\leaf_ground\imgi_1180_pexels-photo-3013963.jpg,111.440640,0.666030,21.704191,4.708169,0.760366,0.344164,0.627634
leaf_ground,imgi_1183_pexels-photo-3274847.jpg,G:\내 드라이브\데이터셋\leaf_ground\imgi_1183_pexels-photo-3274847.jpg,171.884383,0.765277,16.300354,5.210907,0.626184,0.387713,0.590280
leaf_ground,imgi_1191_pexels-photo-14467741.jpg,G:\내 드라이브\데이터셋\leaf_ground\imgi_1191_pexels-photo-14467741.jpg,149.356793,0.446982,13.191636,5.417407,0.586175,0.323430,0.570382
leaf_ground,imgi_1205_pexels-photo-34582970.jpg,G:\내 드라이브\데이터셋\leaf_ground\imgi_1205_pexels-photo-34582970.jpg,180.872391,0.653201,14.044973,5.201188,0.653045,0.376379,0.581742
leaf_ground,imgi_1211_pexels-photo-30841463.jpg,G:\내 드라이브\데이터셋\leaf_ground\imgi_1211_pexels-photo-30841463.jpg,117.077564,0.894157,26.680616,5.569978,0.698854,0.363735,0.657648
leaf_ground,imgi_1217_pexels-photo-7538351.jpg,G:\내 드라이브\데이터셋\leaf_ground\imgi_1217_pexels-photo-7538351.jpg,93.625615,0.589631,8.825465,4.558099,0.644613,0.327801,0.578239
leaf_ground,imgi_1243_pexels-photo-10141342.jpg,G:\내 드라이브\데이터셋\leaf_ground\imgi_1243_pexels-photo-10141342.jpg,130.731709,0.390147,9.026495,5.592550,0.559770,0.334025,0.548484
leaf_ground,imgi_1271_pexels-photo-16388314.jpg,G:\내 드라이브\데이터셋\leaf_ground\imgi_1271_pexels-photo-16388314.jpg,155.749466,0.574157,14.958415,4.487747,0.215858,0.329949,0.500766
leaf_ground,imgi_1271_pexels-photo-18534698.jpg,G:\내 드라이브\데이터셋\leaf_ground\imgi_1271_pexels-photo-18534698.jpg,121.403461,0.690615,15.664654,5.539333,0.183800,0.336679,0.530990
leaf_ground,imgi_1279_pexels-photo-25650160.jpg,G:\내 드라이브\데이터셋\leaf_ground\imgi_1279_pexels-photo-25650160.jpg,116.202487,0.526171,10.875826,5.156493,0.563743,0.364412,0.559553
leaf_ground,imgi_1282_pexels-photo-34237672.jpg,G:\내 드라이브\데이터셋\leaf_ground\imgi_1282_pexels-photo-34237672.jpg,119.934315,0.764682,18.212378,5.645914,0.548165,0.391167,0.595869
leaf_ground,imgi_1285_pexels-photo-10222211.jpg,G:\내 드라이브\데이터셋\leaf_ground\imgi_1285_pexels-photo-10222211.jpg,179.413962,0.718723,15.645923,5.487552,0.530114,0.378498,0.580105
leaf_ground,imgi_1285_pexels-photo-19653609.jpg,G:\내 드라이브\데이터셋\leaf_ground\imgi_1285_pexels-photo-19653609.jpg,142.780858,0.483699,7.913786,4.703415,0.720124,0.352372,0.542730
leaf_ground,imgi_1295_pexels-photo-9568878.jpg,G:\내 드라이브\데이터셋\leaf_ground\imgi_1295_pexels-photo-9568878.jpg,128.741473,0.560916,9.143580,5.293316,0.708236,0.314827,0.562858
leaf_ground,imgi_1311_pexels-photo-29429328.jpg,G:\내 드라이브\데이터셋\leaf_ground\imgi_1311_pexels-photo-29429328.jpg,123.946363,0.460082,9.401039,5.696752,0.459330,0.339272,0.537707
leaf_ground,imgi_1313_pexels-photo-11723494.jpg,G:\내 드라이브\데이터셋\leaf_ground\imgi_1313_pexels-photo-11723494.jpg,60.783519,0.466134,8.735010,5.550729,0.471561,0.371663,0.647978
leaf_ground,imgi_1321_pexels-photo-36582598.jpg,G:\내 드라이브\데이터셋\leaf_ground\imgi_1321_pexels-photo-36582598.jpg,184.030690,0.509274,12.615100,5.735340,0.768883,0.323729,0.591461
leaf_ground,imgi_1323_pexels-photo-34568027.jpg,G:\내 드라이브\데이터셋\leaf_ground\imgi_1323_pexels-photo-34568027.jpg,115.540629,0.787421,20.410448,5.596814,0.699162,0.382743,0.633015
leaf_ground,imgi_1332_pexels-photo-19797779.jpg,G:\내 드라이브\데이터셋\leaf_ground\imgi_1332_pexels-photo-19797779.jpg,98.268959,0.611490,15.972524,5.444333,0.705237,0.354614,0.641854
leaf_ground,imgi_1335_pexels-photo-36582600.jpg,G:\내 드라이브\데이터셋\leaf_ground\imgi_1335_pexels-photo-36582600.jpg,201.014054,0.399869,9.078076,5.460105,0.850008,0.321449,0.585199
leaf_ground,imgi_1346_pexels-photo-11255718.jpg,G:\내 드라이브\데이터셋\leaf_ground\imgi_1346_pexels-photo-11255718.jpg,76.758816,0.932683,34.939842,5.739619,0.961853,0.348450,0.789161
leaf_ground,imgi_1347_pexels-photo-29692087.jpg,G:\내 드라이브\데이터셋\leaf_ground\imgi_1347_pexels-photo-29692087.jpg,198.467615,0.739745,20.041756,5.652359,0.776718,0.317115,0.626631
leaf_ground,imgi_1349_pexels-photo-695207.jpg,G:\내 드라이브\데이터셋\leaf_ground\imgi_1349_pexels-photo-695207.jpg,210.771417,0.533254,13.759166,5.548517,0.558132,0.344712,0.571524
leaf_ground,imgi_1352_pexels-photo-19460268.jpg,G:\내 드라이브\데이터셋\leaf_ground\imgi_1352_pexels-photo-19460268.jpg,176.492897,0.239137,5.311316,5.057092,0.382975,0.314104,0.494664
leaf_ground,imgi_1354_pexels-photo-18217170.jpg,G:\내 드라이브\데이터셋\leaf_ground\imgi_1354_pexels-photo-18217170.jpg,76.596128,0.894481,33.054878,5.840476,0.591304,0.358354,0.742279
leaf_ground,imgi_1355_pexels-photo-5466465.jpg,G:\내 드라이브\데이터셋\leaf_ground\imgi_1355_pexels-photo-5466465.jpg,137.619574,0.816673,12.858338,5.177957,0.151228,0.419665,0.514498
leaf_ground,imgi_1356_pexels-photo-11255717.jpg,G:\내 드라이브\데이터셋\leaf_ground\imgi_1356_pexels-photo-11255717.jpg,66.392068,0.955870,35.601791,5.810771,0.957181,0.354763,0.808191
leaf_ground,imgi_1359_pexels-photo-10318383.jpg,G:\내 드라이브\데이터셋\leaf_ground\imgi_1359_pexels-photo-10318383.jpg,140.870295,0.703551,19.614649,5.790228,0.803059,0.370076,0.633349
leaf_ground,imgi_1362_pexels-photo-14566560.jpg,G:\내 드라이브\데이터셋\leaf_ground\imgi_1362_pexels-photo-14566560.jpg,95.307083,0.687259,16.747149,5.387664,0.120701,0.359373,0.574990
leaf_ground,imgi_1364_pexels-photo-33746037.jpg,G:\내 드라이브\데이터셋\leaf_ground\imgi_1364_pexels-photo-33746037.jpg,114.187888,0.414759,7.334703,4.900267,0.325915,0.351954,0.505944
leaf_ground,imgi_1365_pexels-photo-6607942.jpg,G:\내 드라이브\데이터셋\leaf_ground\imgi_1365_pexels-photo-6607942.jpg,100.527654,0.619164,15.255775,5.198174,0.614790,0.313360,0.611742
leaf_ground,imgi_1366_free-photo-of-jonsdorf.jpg,G:\내 드라이브\데이터셋\leaf_ground\imgi_1366_free-photo-of-jonsdorf.jpg,90.138372,0.885924,27.754736,5.709365,0.581269,0.366753,0.697087
leaf_ground,imgi_1368_pexels-photo-5866144.jpg,G:\내 드라이브\데이터셋\leaf_ground\imgi_1368_pexels-photo-5866144.jpg,133.269922,0.639924,16.831850,5.789237,0.626905,0.350877,0.595485
leaf_ground,imgi_1375_pexels-photo-30383303.jpg,G:\내 드라이브\데이터셋\leaf_ground\imgi_1375_pexels-photo-30383303.jpg,85.199028,0.558335,12.539194,4.454759,0.618981,0.366599,0.608199
leaf_ground,imgi_1376_pexels-photo-5696894.jpg,G:\내 드라이브\데이터셋\leaf_ground\imgi_1376_pexels-photo-5696894.jpg,201.586953,0.779472,22.540361,5.427056,0.768489,0.366497,0.642211
leaf_ground,imgi_1377_pexels-photo-14709960.jpg,G:\내 드라이브\데이터셋\leaf_ground\imgi_1377_pexels-photo-14709960.jpg,126.129699,0.611531,10.356367,5.260083,0.725500,0.369035,0.575100
leaf_ground,imgi_1379_pexels-photo-7581287.jpg,G:\내 드라이브\데이터셋\leaf_ground\imgi_1379_pexels-photo-7581287.jpg,36.317693,0.530800,12.294979,5.661229,0.550097,0.357929,0.718356
leaf_ground,imgi_1380_pexels-photo-10413045.jpg,G:\내 드라이브\데이터셋\leaf_ground\imgi_1380_pexels-photo-10413045.jpg,171.784262,0.855308,35.988743,5.713510,0.823172,0.334495,0.690462
leaf_ground,imgi_1394_pexels-photo-30773157.jpg,G:\내 드라이브\데이터셋\leaf_ground\imgi_1394_pexels-photo-30773157.jpg,97.968563,0.818146,24.505056,5.472956,0.588669,0.362785,0.668064
leaf_ground,imgi_1396_pexels-photo-13713222.jpg,G:\내 드라이브\데이터셋\leaf_ground\imgi_1396_pexels-photo-13713222.jpg,139.803557,0.418003,8.960024,5.720408,0.451015,0.336486,0.534281
leaf_ground,imgi_1400_pexels-photo-30162494.jpg,G:\내 드라이브\데이터셋\leaf_ground\imgi_1400_pexels-photo-30162494.jpg,138.520261,0.544102,15.043953,5.134096,0.083624,0.287536,0.501280
leaf_ground,imgi_1410_pexels-photo-4577815.jpg,G:\내 드라이브\데이터셋\leaf_ground\imgi_1410_pexels-photo-4577815.jpg,94.465655,0.839076,21.099577,5.387103,0.657035,0.385112,0.669213
leaf_ground,imgi_1412_pexels-photo-29268137.jpg,G:\내 드라이브\데이터셋\leaf_ground\imgi_1412_pexels-photo-29268137.jpg,162.182785,0.354731,9.792066,5.385420,0.705610,0.331753,0.570319
leaf_ground,imgi_1412_pexels-photo-34457931.jpg,G:\내 드라이브\데이터셋\leaf_ground\imgi_1412_pexels-photo-34457931.jpg,184.834001,0.154220,4.116559,4.252208,0.563788,0.321125,0.420662
leaf_ground,imgi_1416_pexels-photo-34790506.jpg,G:\내 드라이브\데이터셋\leaf_ground\imgi_1416_pexels-photo-34790506.jpg,132.986410,0.433073,9.145878,4.955575,0.381538,0.343193,0.511976
leaf_ground,imgi_1420_pexels-photo-3933988.jpg,G:\내 드라이브\데이터셋\leaf_ground\imgi_1420_pexels-photo-3933988.jpg,172.350155,0.737782,22.340008,5.165212,0.282158,0.386821,0.572255
leaf_ground,imgi_1424_pexels-photo-34383346.jpg,G:\내 드라이브\데이터셋\leaf_ground\imgi_1424_pexels-photo-34383346.jpg,178.816144,0.703890,30.721569,5.867958,0.769384,0.317954,0.675823
leaf_ground,imgi_1428_pexels-photo-4850517.jpg,G:\내 드라이브\데이터셋\leaf_ground\imgi_1428_pexels-photo-4850517.jpg,102.666941,0.254795,5.549901,4.759296,0.413321,0.266027,0.516770
leaf_ground,imgi_1432_pexels-photo-12195980.jpg,G:\내 드라이브\데이터셋\leaf_ground\imgi_1432_pexels-photo-12195980.jpg,53.481920,0.596854,18.881041,5.708092,0.700164,0.354328,0.736909
leaf_ground,imgi_1434_pexels-photo-10109910.jpg,G:\내 드라이브\데이터셋\leaf_ground\imgi_1434_pexels-photo-10109910.jpg,163.901289,0.451582,10.812890,5.372561,0.674644,0.337282,0.571203
leaf_ground,imgi_1434_pexels-photo-37456699.jpg,G:\내 드라이브\데이터셋\leaf_ground\imgi_1434_pexels-photo-37456699.jpg,197.617252,0.597389,13.144418,5.586303,0.722866,0.361214,0.591709
leaf_ground,imgi_1442_pexels-photo-13214205.jpg,G:\내 드라이브\데이터셋\leaf_ground\imgi_1442_pexels-photo-13214205.jpg,56.348362,0.279367,5.188856,5.128188,0.637249,0.318172,0.646617
leaf_ground,imgi_1444_pexels-photo-30317404.jpg,G:\내 드라이브\데이터셋\leaf_ground\imgi_1444_pexels-photo-30317404.jpg,174.985049,0.216081,5.588617,5.063090,0.656862,0.331580,0.529597
leaf_ground,imgi_1446_pexels-photo-13428129.jpg,G:\내 드라이브\데이터셋\leaf_ground\imgi_1446_pexels-photo-13428129.jpg,191.342093,0.621598,13.904672,5.572735,0.640044,0.379998,0.586384
leaf_ground,imgi_1450_pexels-photo-27892274.jpg,G:\내 드라이브\데이터셋\leaf_ground\imgi_1450_pexels-photo-27892274.jpg,108.487455,0.423826,14.148143,5.802877,0.758746,0.317749,0.617838
leaf_ground,imgi_1453_pexels-photo-13961081.jpg,G:\내 드라이브\데이터셋\leaf_ground\imgi_1453_pexels-photo-13961081.jpg,116.105985,0.439901,10.090443,5.126312,0.328476,0.303422,0.518359
leaf_ground,imgi_1453_pexels-photo-35126090.jpg,G:\내 드라이브\데이터셋\leaf_ground\imgi_1453_pexels-photo-35126090.jpg,152.728649,0.502272,11.648503,5.854572,0.454150,0.297964,0.543438
leaf_ground,imgi_1467_pexels-photo-12983268.jpg,G:\내 드라이브\데이터셋\leaf_ground\imgi_1467_pexels-photo-12983268.jpg,179.864005,0.533808,9.827540,4.947378,0.545439,0.370615,0.538948
leaf_ground,imgi_1475_pexels-photo-30563607.jpg,G:\내 드라이브\데이터셋\leaf_ground\imgi_1475_pexels-photo-30563607.jpg,128.797163,0.514209,9.934829,5.007063,0.219468,0.352927,0.497295
leaf_ground,imgi_1478_pexels-photo-35001150.jpg,G:\내 드라이브\데이터셋\leaf_ground\imgi_1478_pexels-photo-35001150.jpg,99.602209,0.467263,9.225810,5.409809,0.652277,0.367633,0.602201
leaf_ground,imgi_1480_pexels-photo-10323256.jpg,G:\내 드라이브\데이터셋\leaf_ground\imgi_1480_pexels-photo-10323256.jpg,125.931820,0.144627,3.250002,4.921680,0.602660,0.311950,0.433458
leaf_ground,imgi_1480_pexels-photo-698489.jpg,G:\내 드라이브\데이터셋\leaf_ground\imgi_1480_pexels-photo-698489.jpg,73.778052,0.523046,13.820785,4.627871,0.790437,0.352771,0.661821
leaf_ground,imgi_1481_pexels-photo-7538350.jpg,G:\내 드라이브\데이터셋\leaf_ground\imgi_1481_pexels-photo-7538350.jpg,95.680355,0.599423,9.409050,4.573195,0.642241,0.329163,0.577538
leaf_ground,imgi_1482_pexels-photo-34043386.jpg,G:\내 드라이브\데이터셋\leaf_ground\imgi_1482_pexels-photo-34043386.jpg,184.023276,0.704302,14.581748,5.702724,0.693503,0.385366,0.597044
leaf_ground,imgi_1487_pexels-photo-13214232.jpg,G:\내 드라이브\데이터셋\leaf_ground\imgi_1487_pexels-photo-13214232.jpg,146.916517,0.632179,16.673849,5.786709,0.588612,0.365490,0.591227
leaf_ground,imgi_1493_pexels-photo-20409916.jpg,G:\내 드라이브\데이터셋\leaf_ground\imgi_1493_pexels-photo-20409916.jpg,170.736808,0.796631,21.143513,5.795579,0.674483,0.357724,0.622565
leaf_ground,imgi_1496_pexels-photo-15190147.jpg,G:\내 드라이브\데이터셋\leaf_ground\imgi_1496_pexels-photo-15190147.jpg,110.998389,0.318982,7.344900,4.694134,0.775024,0.337292,0.561886
leaf_ground,imgi_1499_pexels-photo-14732717.jpg,G:\내 드라이브\데이터셋\leaf_ground\imgi_1499_pexels-photo-14732717.jpg,108.113280,0.762587,21.656277,5.377488,0.664582,0.376496,0.646601
leaf_ground,imgi_1505_pexels-photo-34969801.jpg,G:\내 드라이브\데이터셋\leaf_ground\imgi_1505_pexels-photo-34969801.jpg,105.538321,0.703404,14.257071,5.936657,0.505185,0.388660,0.597883
leaf_ground,imgi_1506_pexels-photo-34623668.jpg,G:\내 드라이브\데이터셋\leaf_ground\imgi_1506_pexels-photo-34623668.jpg,195.855797,0.750455,21.492949,5.753716,0.745130,0.364119,0.634027
leaf_ground,imgi_1520_pexels-photo-11255619.jpg,G:\내 드라이브\데이터셋\leaf_ground\imgi_1520_pexels-photo-11255619.jpg,62.333701,0.950861,32.819286,5.715458,0.921184,0.358837,0.811359
leaf_ground,imgi_1523_pexels-photo-29511153.jpg,G:\내 드라이브\데이터셋\leaf_ground\imgi_1523_pexels-photo-29511153.jpg,198.448420,0.822547,33.040226,5.815300,0.777705,0.345657,0.685667
leaf_ground,imgi_1526_pexels-photo-34792968.jpg,G:\내 드라이브\데이터셋\leaf_ground\imgi_1526_pexels-photo-34792968.jpg,126.652929,0.744260,10.614153,5.592668,0.619031,0.425342,0.572762
leaf_ground,imgi_1530_pexels-photo-5540161.jpg,G:\내 드라이브\데이터셋\leaf_ground\imgi_1530_pexels-photo-5540161.jpg,216.563169,0.481276,14.334430,5.330327,0.559816,0.308808,0.568527
leaf_ground,imgi_1533_pexels-photo-33929946.jpg,G:\내 드라이브\데이터셋\leaf_ground\imgi_1533_pexels-photo-33929946.jpg,154.592392,0.847330,17.946339,5.328759,0.790574,0.347369,0.619260
leaf_ground,imgi_1539_pexels-photo-8535268.jpg,G:\내 드라이브\데이터셋\leaf_ground\imgi_1539_pexels-photo-8535268.jpg,65.620503,0.533994,13.523203,5.559091,0.617953,0.342926,0.677712
leaf_ground,imgi_1542_pexels-photo-19584706.jpg,G:\내 드라이브\데이터셋\leaf_ground\imgi_1542_pexels-photo-19584706.jpg,92.942432,0.849166,20.407686,5.855524,0.620059,0.366928,0.662567
leaf_ground,imgi_1550_pexels-photo-14325348.jpg,G:\내 드라이브\데이터셋\leaf_ground\imgi_1550_pexels-photo-14325348.jpg,87.987689,0.158336,4.502670,3.931250,0.605812,0.322271,0.480156
leaf_ground,imgi_1554_pexels-photo-10200088.jpg,G:\내 드라이브\데이터셋\leaf_ground\imgi_1554_pexels-photo-10200088.jpg,98.871786,0.160473,4.404634,5.054434,0.590697,0.339989,0.499126
leaf_ground,imgi_1554_pexels-photo-18466415.jpg,G:\내 드라이브\데이터셋\leaf_ground\imgi_1554_pexels-photo-18466415.jpg,142.214950,0.785772,12.792224,5.489363,0.742774,0.401664,0.596691
leaf_ground,imgi_1554_pexels-photo-5466466.jpg,G:\내 드라이브\데이터셋\leaf_ground\imgi_1554_pexels-photo-5466466.jpg,142.488499,0.738788,8.782808,4.897356,0.015466,0.420729,0.468498
leaf_ground,imgi_1557_pexels-photo-6133048.jpg,G:\내 드라이브\데이터셋\leaf_ground\imgi_1557_pexels-photo-6133048.jpg,156.161993,0.590812,11.053894,5.009687,0.662286,0.357606,0.560663
leaf_ground,imgi_1559_pexels-photo-34943415.jpg,G:\내 드라이브\데이터셋\leaf_ground\imgi_1559_pexels-photo-34943415.jpg,127.577558,0.711987,17.749432,5.622710,0.738590,0.376587,0.616876
leaf_ground,imgi_1560_pexels-photo-33621068.jpg,G:\내 드라이브\데이터셋\leaf_ground\imgi_1560_pexels-photo-33621068.jpg,151.300271,0.522769,10.971694,4.815427,0.234852,0.337300,0.496205
leaf_ground,imgi_1564_pexels-photo-14537000.jpg,G:\내 드라이브\데이터셋\leaf_ground\imgi_1564_pexels-photo-14537000.jpg,205.262075,0.247402,5.549563,5.307880,0.766287,0.324998,0.555060
leaf_ground,imgi_1566_pexels-photo-11214009.jpg,G:\내 드라이브\데이터셋\leaf_ground\imgi_1566_pexels-photo-11214009.jpg,100.318858,0.664064,8.565418,5.665026,0.456665,0.382224,0.573821
leaf_ground,imgi_1567_pexels-photo-12306333.jpg,G:\내 드라이브\데이터셋\leaf_ground\imgi_1567_pexels-photo-12306333.jpg,46.023868,0.862789,16.707712,5.600981,0.677013,0.431792,0.745131
leaf_ground,imgi_1568_pexels-photo-34723743.jpg,G:\내 드라이브\데이터셋\leaf_ground\imgi_1568_pexels-photo-34723743.jpg,194.913418,0.789374,9.211902,4.781737,0.718668,0.402329,0.556232
leaf_ground,imgi_1577_pexels-photo-18713536.jpg,G:\내 드라이브\데이터셋\leaf_ground\imgi_1577_pexels-photo-18713536.jpg,132.622841,0.848564,22.065405,5.866513,0.667671,0.332363,0.623465
leaf_ground,imgi_1584_pexels-photo-10150800.jpg,G:\내 드라이브\데이터셋\leaf_ground\imgi_1584_pexels-photo-10150800.jpg,173.202168,0.967201,27.957193,5.512783,0.769280,0.353707,0.666426
leaf_ground,imgi_1584_pexels-photo-34763704.jpg,G:\내 드라이브\데이터셋\leaf_ground\imgi_1584_pexels-photo-34763704.jpg,208.233687,0.096187,3.594640,5.341836,0.523920,0.325502,0.391757
leaf_ground,imgi_1584_pexels-photo-36358045.jpg,G:\내 드라이브\데이터셋\leaf_ground\imgi_1584_pexels-photo-36358045.jpg,134.815007,0.357660,11.718928,5.622976,0.435686,0.296703,0.541242
leaf_ground,imgi_1586_pexels-photo-31083772.jpg,G:\내 드라이브\데이터셋\leaf_ground\imgi_1586_pexels-photo-31083772.jpg,96.839307,0.404362,6.795445,5.218458,0.565650,0.347725,0.576571
leaf_ground,imgi_1592_pexels-photo-27898852.jpg,G:\내 드라이브\데이터셋\leaf_ground\imgi_1592_pexels-photo-27898852.jpg,139.361623,0.770569,24.774696,5.497025,0.741220,0.366328,0.649123
leaf_ground,imgi_1594_pexels-photo-36050263.jpg,G:\내 드라이브\데이터셋\leaf_ground\imgi_1594_pexels-photo-36050263.jpg,158.166828,0.795458,18.500994,5.795613,0.542177,0.374783,0.594685
leaf_ground,imgi_1595_pexels-photo-6023589.jpg,G:\내 드라이브\데이터셋\leaf_ground\imgi_1595_pexels-photo-6023589.jpg,150.447655,0.314019,11.571029,5.640234,0.489586,0.294809,0.547366
leaf_ground,imgi_1597_pexels-photo-3070898.jpg,G:\내 드라이브\데이터셋\leaf_ground\imgi_1597_pexels-photo-3070898.jpg,165.298181,0.477671,10.122039,4.765093,0.527756,0.340190,0.528911
leaf_ground,imgi_1600_pexels-photo-5876640.jpg,G:\내 드라이브\데이터셋\leaf_ground\imgi_1600_pexels-photo-5876640.jpg,171.180863,0.723521,13.225029,5.427792,0.714558,0.381124,0.592997
leaf_ground,imgi_1604_pexels-photo-29907409.jpg,G:\내 드라이브\데이터셋\leaf_ground\imgi_1604_pexels-photo-29907409.jpg,119.073798,0.416021,7.781469,5.263757,0.679105,0.327791,0.554695
leaf_ground,imgi_1607_pexels-photo-2300890.jpg,G:\내 드라이브\데이터셋\leaf_ground\imgi_1607_pexels-photo-2300890.jpg,101.525436,0.565601,13.189932,5.675660,0.408272,0.332932,0.582066
leaf_ground,imgi_1609_pexels-photo-34396294.jpg,G:\내 드라이브\데이터셋\leaf_ground\imgi_1609_pexels-photo-34396294.jpg,126.328904,0.776674,21.368610,5.808001,0.723168,0.395396,0.633717
leaf_ground,imgi_1616_pexels-photo-14538783.jpg,G:\내 드라이브\데이터셋\leaf_ground\imgi_1616_pexels-photo-14538783.jpg,152.098276,0.424208,7.405605,5.081566,0.712009,0.341665,0.550827
leaf_ground,imgi_1620_pexels-photo-11356761.jpg,G:\내 드라이브\데이터셋\leaf_ground\imgi_1620_pexels-photo-11356761.jpg,118.865486,0.463349,9.453577,4.718102,0.264440,0.278205,0.485861
leaf_ground,imgi_1621_pexels-photo-195045.jpg,G:\내 드라이브\데이터셋\leaf_ground\imgi_1621_pexels-photo-195045.jpg,121.745774,0.652264,11.649649,5.785745,0.405921,0.380769,0.545454
leaf_ground,imgi_1622_pexels-photo-10339069.jpg,G:\내 드라이브\데이터셋\leaf_ground\imgi_1622_pexels-photo-10339069.jpg,104.333572,0.573987,10.842085,5.218139,0.518120,0.340514,0.574889
leaf_ground,imgi_1625_pexels-photo-8128576.jpg,G:\내 드라이브\데이터셋\leaf_ground\imgi_1625_pexels-photo-8128576.jpg,93.270431,0.675972,14.979067,5.809697,0.536403,0.358915,0.624843
leaf_ground,imgi_1629_pexels-photo-3117223.jpg,G:\내 드라이브\데이터셋\leaf_ground\imgi_1629_pexels-photo-3117223.jpg,105.400085,0.529784,11.320244,5.292782,0.647477,0.332736,0.593702
leaf_ground,imgi_1632_pexels-photo-10591256.jpg,G:\내 드라이브\데이터셋\leaf_ground\imgi_1632_pexels-photo-10591256.jpg,72.898454,0.540332,11.313904,4.990525,0.618955,0.362011,0.642403
leaf_ground,imgi_1635_pexels-photo-16504313.jpg,G:\내 드라이브\데이터셋\leaf_ground\imgi_1635_pexels-photo-16504313.jpg,38.226846,0.475360,12.583231,4.357558,0.599149,0.353444,0.687387
leaf_ground,imgi_1639_pexels-photo-34227100.jpg,G:\내 드라이브\데이터셋\leaf_ground\imgi_1639_pexels-photo-34227100.jpg,149.237909,0.550122,14.818284,5.739054,0.723705,0.328659,0.596408
leaf_ground,imgi_1643_pexels-photo-6086558.jpg,G:\내 드라이브\데이터셋\leaf_ground\imgi_1643_pexels-photo-6086558.jpg,94.580092,0.643038,18.592390,4.792870,0.920357,0.383787,0.671542
leaf_ground,imgi_1644_pexels-photo-35000451.jpg,G:\내 드라이브\데이터셋\leaf_ground\imgi_1644_pexels-photo-35000451.jpg,108.920998,0.861821,23.506298,5.741754,0.564224,0.409462,0.644793
leaf_ground,imgi_1644_pexels-photo-36840017.jpg,G:\내 드라이브\데이터셋\leaf_ground\imgi_1644_pexels-photo-36840017.jpg,172.952470,0.551760,12.962765,5.376554,0.769651,0.347798,0.594816
leaf_ground,imgi_1646_pexels-photo-19084572.jpg,G:\내 드라이브\데이터셋\leaf_ground\imgi_1646_pexels-photo-19084572.jpg,136.031517,0.338289,6.729928,5.272380,0.298955,0.287425,0.494899
leaf_ground,imgi_1648_pexels-photo-3154140.jpg,G:\내 드라이브\데이터셋\leaf_ground\imgi_1648_pexels-photo-3154140.jpg,197.814701,0.722478,8.676417,5.072355,0.766530,0.387674,0.568165
leaf_ground,imgi_1660_pexels-photo-14710733.jpg,G:\내 드라이브\데이터셋\leaf_ground\imgi_1660_pexels-photo-14710733.jpg,138.852906,0.598445,9.070276,5.101690,0.716410,0.373778,0.563084
leaf_ground,imgi_1661_pexels-photo-10323402.jpg,G:\내 드라이브\데이터셋\leaf_ground\imgi_1661_pexels-photo-10323402.jpg,138.857956,0.178456,3.741721,4.824945,0.666262,0.319846,0.475425
leaf_ground,imgi_1665_pexels-photo-17216165.jpg,G:\내 드라이브\데이터셋\leaf_ground\imgi_1665_pexels-photo-17216165.jpg,81.119552,0.450290,10.709651,4.793145,0.524205,0.326525,0.602053
leaf_ground,imgi_1668_pexels-photo-29429366.jpg,G:\내 드라이브\데이터셋\leaf_ground\imgi_1668_pexels-photo-29429366.jpg,120.333170,0.601078,15.858787,5.865442,0.612700,0.340905,0.588080
leaf_ground,imgi_1669_pexels-photo-18514267.jpg,G:\내 드라이브\데이터셋\leaf_ground\imgi_1669_pexels-photo-18514267.jpg,118.629197,0.421507,10.155950,5.414144,0.799214,0.337230,0.587740
leaf_ground,imgi_1670_pexels-photo-7233241.jpg,G:\내 드라이브\데이터셋\leaf_ground\imgi_1670_pexels-photo-7233241.jpg,94.906010,0.282146,7.726107,4.429402,0.439905,0.298182,0.536874
leaf_ground,imgi_1672_pexels-photo-19147468.jpg,G:\내 드라이브\데이터셋\leaf_ground\imgi_1672_pexels-photo-19147468.jpg,147.678577,0.526902,11.483160,5.367693,0.669422,0.360312,0.575807
leaf_ground,imgi_1680_pexels-photo-14710731.jpg,G:\내 드라이브\데이터셋\leaf_ground\imgi_1680_pexels-photo-14710731.jpg,123.848864,0.469725,7.587116,4.889344,0.639639,0.345109,0.536207
leaf_ground,imgi_1682_pexels-photo-34777577.jpg,G:\내 드라이브\데이터셋\leaf_ground\imgi_1682_pexels-photo-34777577.jpg,69.575946,0.362425,8.451846,5.511547,0.638189,0.334997,0.648526
leaf_ground,imgi_1683_pexels-photo-5685658.jpg,G:\내 드라이브\데이터셋\leaf_ground\imgi_1683_pexels-photo-5685658.jpg,52.400162,0.581790,12.615211,5.853974,0.721703,0.366322,0.713520
leaf_ground,imgi_1685_pexels-photo-14254770.jpg,G:\내 드라이브\데이터셋\leaf_ground\imgi_1685_pexels-photo-14254770.jpg,112.416671,0.428379,10.216512,5.561487,0.639854,0.332593,0.578233
leaf_ground,imgi_1686_pexels-photo-19147132.jpg,G:\내 드라이브\데이터셋\leaf_ground\imgi_1686_pexels-photo-19147132.jpg,162.741938,0.787530,12.895076,5.536674,0.530324,0.408971,0.570285
leaf_ground,imgi_1687_pexels-photo-11255716.jpg,G:\내 드라이브\데이터셋\leaf_ground\imgi_1687_pexels-photo-11255716.jpg,108.766279,0.641140,13.916613,5.510987,0.932214,0.384236,0.645441
leaf_ground,imgi_1689_pexels-photo-10282293.jpg,G:\내 드라이브\데이터셋\leaf_ground\imgi_1689_pexels-photo-10282293.jpg,172.933848,0.400646,9.344984,5.149498,0.720551,0.317459,0.560872
leaf_ground,imgi_1692_pexels-photo-34348247.jpg,G:\내 드라이브\데이터셋\leaf_ground\imgi_1692_pexels-photo-34348247.jpg,142.498620,0.637109,16.148966,5.723429,0.691122,0.366237,0.602168
leaf_ground,imgi_1698_pexels-photo-7263757.jpg,G:\내 드라이브\데이터셋\leaf_ground\imgi_1698_pexels-photo-7263757.jpg,178.063558,0.634786,20.641371,5.634192,0.339253,0.326766,0.573536
leaf_ground,imgi_1699_pexels-photo-9957877.jpg,G:\내 드라이브\데이터셋\leaf_ground\imgi_1699_pexels-photo-9957877.jpg,189.799033,0.260312,7.050031,5.157154,0.287849,0.320448,0.494417
leaf_ground,imgi_1703_pexels-photo-34564995.jpg,G:\내 드라이브\데이터셋\leaf_ground\imgi_1703_pexels-photo-34564995.jpg,135.383694,0.647098,14.085342,5.734069,0.632070,0.375261,0.585720
leaf_ground,imgi_1705_pexels-photo-9741477.jpg,G:\내 드라이브\데이터셋\leaf_ground\imgi_1705_pexels-photo-9741477.jpg,78.422393,0.732731,8.623328,4.635390,0.373669,0.387075,0.578445
leaf_ground,imgi_1708_pexels-photo-29237860.jpg,G:\내 드라이브\데이터셋\leaf_ground\imgi_1708_pexels-photo-29237860.jpg,229.514030,0.351408,7.190756,5.330743,0.510299,0.338401,0.531577
leaf_ground,imgi_1712_pexels-photo-18799935.jpg,G:\내 드라이브\데이터셋\leaf_ground\imgi_1712_pexels-photo-18799935.jpg,138.266447,0.661011,8.982021,4.737034,0.593373,0.357108,0.532854
leaf_ground,imgi_1715_pexels-photo-13961086.jpg,G:\내 드라이브\데이터셋\leaf_ground\imgi_1715_pexels-photo-13961086.jpg,65.584889,0.397467,9.566399,4.666359,0.782518,0.284909,0.650367
leaf_ground,imgi_1718_pexels-photo-5912888.jpg,G:\내 드라이브\데이터셋\leaf_ground\imgi_1718_pexels-photo-5912888.jpg,180.115481,0.663478,22.322929,5.766222,0.722349,0.347577,0.633302
leaf_ground,imgi_1721_pexels-photo-10439123.jpg,G:\내 드라이브\데이터셋\leaf_ground\imgi_1721_pexels-photo-10439123.jpg,115.127661,0.636216,7.609573,5.412508,0.534534,0.375259,0.551618
leaf_ground,imgi_1727_pexels-photo-11890672.jpg,G:\내 드라이브\데이터셋\leaf_ground\imgi_1727_pexels-photo-11890672.jpg,139.718267,0.487872,14.236209,5.801802,0.646646,0.323577,0.583154
leaf_ground,imgi_1727_pexels-photo-1774722.jpg,G:\내 드라이브\데이터셋\leaf_ground\imgi_1727_pexels-photo-1774722.jpg,117.954823,0.191381,4.401924,4.371449,0.841232,0.328922,0.503732
leaf_ground,imgi_1734_pexels-photo-15143958.jpg,G:\내 드라이브\데이터셋\leaf_ground\imgi_1734_pexels-photo-15143958.jpg,230.498214,0.601050,7.529975,5.350676,0.719237,0.332204,0.560374
leaf_ground,imgi_1742_pexels-photo-34445369.jpg,G:\내 드라이브\데이터셋\leaf_ground\imgi_1742_pexels-photo-34445369.jpg,172.984826,0.776125,23.612316,5.808531,0.797322,0.370242,0.651359
leaf_ground,imgi_1748_pexels-photo-34805124.jpg,G:\내 드라이브\데이터셋\leaf_ground\imgi_1748_pexels-photo-34805124.jpg,170.522911,0.571279,14.415994,5.751997,0.598648,0.346264,0.580026
leaf_ground,imgi_1749_pexels-photo-11215833.jpg,G:\내 드라이브\데이터셋\leaf_ground\imgi_1749_pexels-photo-11215833.jpg,84.358573,0.341054,5.993808,4.456024,0.524920,0.318373,0.562050
leaf_ground,imgi_1758_pexels-photo-11121770.jpg,G:\내 드라이브\데이터셋\leaf_ground\imgi_1758_pexels-photo-11121770.jpg,173.137435,0.643157,19.918850,5.292915,0.679746,0.337248,0.611892
leaf_ground,imgi_1764_pexels-photo-5768072.jpg,G:\내 드라이브\데이터셋\leaf_ground\imgi_1764_pexels-photo-5768072.jpg,171.556972,0.926298,20.732487,5.502769,0.716979,0.340076,0.624398
leaf_ground,imgi_1765_pexels-photo-5869933.jpg,G:\내 드라이브\데이터셋\leaf_ground\imgi_1765_pexels-photo-5869933.jpg,106.557333,0.593895,10.661053,5.362899,0.700547,0.345546,0.599007
leaf_ground,imgi_1769_pexels-photo-34395912.jpg,G:\내 드라이브\데이터셋\leaf_ground\imgi_1769_pexels-photo-34395912.jpg,102.809060,0.822750,22.849068,5.743071,0.710238,0.375047,0.668457
leaf_ground,imgi_1771_pexels-photo-34704706.jpg,G:\내 드라이브\데이터셋\leaf_ground\imgi_1771_pexels-photo-34704706.jpg,125.253219,0.589045,11.131197,4.915562,0.294279,0.356798,0.509966
leaf_ground,imgi_1774_pexels-photo-35201774.jpg,G:\내 드라이브\데이터셋\leaf_ground\imgi_1774_pexels-photo-35201774.jpg,164.601098,0.367283,5.989795,5.094867,0.537070,0.346936,0.522419
leaf_ground,imgi_1779_pexels-photo-35563527.jpg,G:\내 드라이브\데이터셋\leaf_ground\imgi_1779_pexels-photo-35563527.jpg,128.626704,0.392706,9.723081,5.629844,0.716219,0.331262,0.571812
leaf_ground,imgi_1781_pexels-photo-34282638.jpg,G:\내 드라이브\데이터셋\leaf_ground\imgi_1781_pexels-photo-34282638.jpg,149.666186,0.679917,16.130222,5.697936,0.410641,0.363039,0.565298
leaf_ground,imgi_1781_pexels-photo-5899208.jpg,G:\내 드라이브\데이터셋\leaf_ground\imgi_1781_pexels-photo-5899208.jpg,135.207890,0.871974,24.299290,5.575815,0.642923,0.373081,0.634791
leaf_ground,imgi_1787_pexels-photo-18198508.jpg,G:\내 드라이브\데이터셋\leaf_ground\imgi_1787_pexels-photo-18198508.jpg,102.861436,0.738868,15.649688,5.610614,0.043553,0.373325,0.547773
leaf_ground,imgi_1788_pexels-photo-5720361.jpg,G:\내 드라이브\데이터셋\leaf_ground\imgi_1788_pexels-photo-5720361.jpg,167.265402,0.710078,11.835708,5.353311,0.579040,0.378872,0.567086
leaf_ground,imgi_1791_pexels-photo-9741480.jpg,G:\내 드라이브\데이터셋\leaf_ground\imgi_1791_pexels-photo-9741480.jpg,78.391473,0.759470,9.394877,4.896993,0.556309,0.406338,0.616508
leaf_ground,imgi_1792_pexels-photo-35172089.jpg,G:\내 드라이브\데이터셋\leaf_ground\imgi_1792_pexels-photo-35172089.jpg,163.254596,0.395933,9.448338,5.388877,0.760695,0.335902,0.576399
leaf_ground,imgi_1795_pexels-photo-10023010.jpg,G:\내 드라이브\데이터셋\leaf_ground\imgi_1795_pexels-photo-10023010.jpg,125.936043,0.740733,15.091638,5.709328,0.632119,0.374608,0.590378
leaf_ground,imgi_1796_pexels-photo-18353732.jpg,G:\내 드라이브\데이터셋\leaf_ground\imgi_1796_pexels-photo-18353732.jpg,120.752881,0.450525,7.615938,5.053894,0.502295,0.342025,0.523664
leaf_ground,imgi_1800_pexels-photo-5876183.jpg,G:\내 드라이브\데이터셋\leaf_ground\imgi_1800_pexels-photo-5876183.jpg,170.966234,0.538429,7.449182,5.264031,0.661751,0.340567,0.550470
leaf_ground,imgi_1808_pexels-photo-13415791.jpg,G:\내 드라이브\데이터셋\leaf_ground\imgi_1808_pexels-photo-13415791.jpg,138.294128,0.791752,24.762934,5.658988,0.493685,0.356037,0.615859
leaf_ground,imgi_1809_pexels-photo-10165420.jpg,G:\내 드라이브\데이터셋\leaf_ground\imgi_1809_pexels-photo-10165420.jpg,162.387731,0.596730,11.631010,5.587918,0.390553,0.320024,0.537295
leaf_ground,imgi_1810_pexels-photo-37482735.jpg,G:\내 드라이브\데이터셋\leaf_ground\imgi_1810_pexels-photo-37482735.jpg,149.802850,0.466712,9.659170,5.184902,0.674246,0.365882,0.562348
leaf_ground,imgi_1816_pexels-photo-34093061.jpg,G:\내 드라이브\데이터셋\leaf_ground\imgi_1816_pexels-photo-34093061.jpg,115.332541,0.593219,11.670838,5.315815,0.750367,0.372567,0.595262
leaf_ground,imgi_1821_pexels-photo-36755850.jpg,G:\내 드라이브\데이터셋\leaf_ground\imgi_1821_pexels-photo-36755850.jpg,173.437170,0.213010,5.824547,5.002671,0.657750,0.323684,0.524944
leaf_ground,imgi_1822_pexels-photo-632077.jpg,G:\내 드라이브\데이터셋\leaf_ground\imgi_1822_pexels-photo-632077.jpg,216.268832,0.642765,18.031616,5.728278,0.821844,0.351340,0.626497
leaf_ground,imgi_1825_pexels-photo-36755852.jpg,G:\내 드라이브\데이터셋\leaf_ground\imgi_1825_pexels-photo-36755852.jpg,172.525140,0.184426,4.840869,4.843081,0.497920,0.321891,0.465472
leaf_ground,imgi_1828_pexels-photo-5993853.jpg,G:\내 드라이브\데이터셋\leaf_ground\imgi_1828_pexels-photo-5993853.jpg,131.035175,0.586848,15.191399,5.565734,0.700544,0.337114,0.595992
leaf_ground,imgi_1831_pexels-photo-7766482.jpg,G:\내 드라이브\데이터셋\leaf_ground\imgi_1831_pexels-photo-7766482.jpg,181.502643,0.729108,25.556458,5.706939,0.736951,0.349521,0.650552
leaf_ground,imgi_1835_pexels-photo-11275163.jpg,G:\내 드라이브\데이터셋\leaf_ground\imgi_1835_pexels-photo-11275163.jpg,150.375604,0.542488,12.063063,5.421589,0.535828,0.344238,0.560627
leaf_ground,imgi_1837_pexels-photo-35446569.jpg,G:\내 드라이브\데이터셋\leaf_ground\imgi_1837_pexels-photo-35446569.jpg,140.050789,0.246139,6.364587,5.500465,0.485363,0.311235,0.524055
leaf_ground,imgi_1838_pexels-photo-5955796.jpg,G:\내 드라이브\데이터셋\leaf_ground\imgi_1838_pexels-photo-5955796.jpg,169.674427,0.644270,9.784809,5.510501,0.658625,0.358203,0.567308
leaf_ground,imgi_1842_pexels-photo-14145584.jpg,G:\내 드라이브\데이터셋\leaf_ground\imgi_1842_pexels-photo-14145584.jpg,165.643076,0.473005,13.062699,5.661733,0.773572,0.331224,0.594918
leaf_ground,imgi_1846_pexels-photo-34273699.jpg,G:\내 드라이브\데이터셋\leaf_ground\imgi_1846_pexels-photo-34273699.jpg,151.022713,0.459457,8.738987,5.413894,0.589280,0.331645,0.550735
leaf_ground,imgi_1847_pexels-photo-14644590.jpg,G:\내 드라이브\데이터셋\leaf_ground\imgi_1847_pexels-photo-14644590.jpg,129.918114,0.446645,9.358271,4.994652,0.655376,0.356084,0.551163
leaf_ground,imgi_1848_pexels-photo-10040631.jpg,G:\내 드라이브\데이터셋\leaf_ground\imgi_1848_pexels-photo-10040631.jpg,117.568689,0.593037,11.351659,5.474400,0.213219,0.363591,0.521746
leaf_ground,imgi_1848_pexels-photo-16590815.jpg,G:\내 드라이브\데이터셋\leaf_ground\imgi_1848_pexels-photo-16590815.jpg,180.510052,0.426972,9.727161,4.083915,0.340813,0.317596,0.477792
leaf_ground,imgi_1848_pexels-photo-29824668.jpg,G:\내 드라이브\데이터셋\leaf_ground\imgi_1848_pexels-photo-29824668.jpg,140.157459,0.510342,9.655250,5.712984,0.322433,0.323983,0.519574
leaf_ground,imgi_1852_pexels-photo-14600571.jpg,G:\내 드라이브\데이터셋\leaf_ground\imgi_1852_pexels-photo-14600571.jpg,185.957676,0.891944,15.013872,5.341376,0.767288,0.384085,0.606579
leaf_ground,imgi_1861_pexels-photo-34374536.jpg,G:\내 드라이브\데이터셋\leaf_ground\imgi_1861_pexels-photo-34374536.jpg,149.404742,0.844041,17.950764,5.542433,0.584444,0.403852,0.600507
leaf_ground,imgi_1863_pexels-photo-29907480.jpg,G:\내 드라이브\데이터셋\leaf_ground\imgi_1863_pexels-photo-29907480.jpg,138.886187,0.254768,4.771202,5.221149,0.590157,0.325191,0.525643
leaf_ground,imgi_1865_pexels-photo-32391155.jpg,G:\내 드라이브\데이터셋\leaf_ground\imgi_1865_pexels-photo-32391155.jpg,205.861619,0.642399,12.887761,5.673748,0.602053,0.375523,0.576231
leaf_ground,imgi_1866_pexels-photo-34144523.jpg,G:\내 드라이브\데이터셋\leaf_ground\imgi_1866_pexels-photo-34144523.jpg,177.432773,0.660194,21.540129,5.863535,0.674111,0.375944,0.626198
leaf_ground,imgi_1868_pexels-photo-29185432.jpg,G:\내 드라이브\데이터셋\leaf_ground\imgi_1868_pexels-photo-29185432.jpg,184.921602,0.677005,14.863034,5.654902,0.809761,0.356590,0.610598
leaf_ground,imgi_1872_pexels-photo-35382782.jpg,G:\내 드라이브\데이터셋\leaf_ground\imgi_1872_pexels-photo-35382782.jpg,144.471847,0.535218,9.106406,5.355246,0.721118,0.350439,0.569984
leaf_ground,imgi_1873_pexels-photo-5699811.jpg,G:\내 드라이브\데이터셋\leaf_ground\imgi_1873_pexels-photo-5699811.jpg,154.382074,0.618527,11.880810,5.506605,0.325478,0.356893,0.533693
leaf_ground,imgi_1876_pexels-photo-29895325.jpg,G:\내 드라이브\데이터셋\leaf_ground\imgi_1876_pexels-photo-29895325.jpg,168.805521,0.313324,9.605326,5.260562,0.698085,0.327881,0.563916
leaf_ground,imgi_1883_pexels-photo-10360924.jpg,G:\내 드라이브\데이터셋\leaf_ground\imgi_1883_pexels-photo-10360924.jpg,127.385541,0.351276,7.550256,5.250272,0.703792,0.324542,0.554348
leaf_ground,imgi_1888_pexels-photo-34065200.jpg,G:\내 드라이브\데이터셋\leaf_ground\imgi_1888_pexels-photo-34065200.jpg,94.749010,0.579560,18.794247,4.830206,0.622942,0.277435,0.624124
leaf_ground,imgi_1896_pexels-photo-5711185.jpg,G:\내 드라이브\데이터셋\leaf_ground\imgi_1896_pexels-photo-5711185.jpg,160.563667,0.939829,18.485634,5.229427,0.721901,0.367777,0.611590
leaf_ground,imgi_1903_pexels-photo-2760324.jpg,G:\내 드라이브\데이터셋\leaf_ground\imgi_1903_pexels-photo-2760324.jpg,153.271574,0.801618,15.285427,5.886508,0.567664,0.392110,0.584658
leaf_ground,imgi_1912_pexels-photo-24902617.jpg,G:\내 드라이브\데이터셋\leaf_ground\imgi_1912_pexels-photo-24902617.jpg,171.014886,0.458232,10.828345,5.484196,0.460655,0.336194,0.544262
leaf_ground,imgi_1915_pexels-photo-29429533.jpg,G:\내 드라이브\데이터셋\leaf_ground\imgi_1915_pexels-photo-29429533.jpg,146.865143,0.519793,12.117787,5.853626,0.686794,0.339539,0.580039
leaf_ground,imgi_1918_pexels-photo-28916606.jpg,G:\내 드라이브\데이터셋\leaf_ground\imgi_1918_pexels-photo-28916606.jpg,199.459848,0.415786,8.511144,4.832079,0.650829,0.361998,0.541773
leaf_ground,imgi_1929_pexels-photo-30222145.jpg,G:\내 드라이브\데이터셋\leaf_ground\imgi_1929_pexels-photo-30222145.jpg,150.580589,0.477796,8.515179,4.757153,0.196035,0.354074,0.479379
leaf_ground,imgi_1931_pexels-photo-34422175.jpg,G:\내 드라이브\데이터셋\leaf_ground\imgi_1931_pexels-photo-34422175.jpg,140.577635,0.662831,16.008654,5.760353,0.773380,0.355658,0.611146
leaf_ground,imgi_1932_pexels-photo-10484906.jpg,G:\내 드라이브\데이터셋\leaf_ground\imgi_1932_pexels-photo-10484906.jpg,148.757796,0.266383,5.763775,5.007939,0.562420,0.331623,0.520226
leaf_ground,imgi_1937_pexels-photo-34093060.jpg,G:\내 드라이브\데이터셋\leaf_ground\imgi_1937_pexels-photo-34093060.jpg,121.443197,0.367700,7.640098,5.287850,0.690066,0.344275,0.556211
leaf_ground,imgi_1937_pexels-photo-9832230.jpg,G:\내 드라이브\데이터셋\leaf_ground\imgi_1937_pexels-photo-9832230.jpg,98.208254,0.710922,17.278265,5.583520,0.685572,0.335747,0.643642
leaf_ground,imgi_1939_pexels-photo-34746547.jpg,G:\내 드라이브\데이터셋\leaf_ground\imgi_1939_pexels-photo-34746547.jpg,144.571800,0.289529,7.868769,5.648126,0.659622,0.320511,0.554687
leaf_ground,imgi_1940_pexels-photo-14407303.jpg,G:\내 드라이브\데이터셋\leaf_ground\imgi_1940_pexels-photo-14407303.jpg,178.445819,0.760792,19.823627,5.753541,0.591871,0.385342,0.608401
leaf_ground,imgi_1942_pexels-photo-29237844.jpg,G:\내 드라이브\데이터셋\leaf_ground\imgi_1942_pexels-photo-29237844.jpg,232.662145,0.305768,6.002961,4.906982,0.667990,0.333213,0.531865
leaf_ground,imgi_1943_pexels-photo-5539977.jpg,G:\내 드라이브\데이터셋\leaf_ground\imgi_1943_pexels-photo-5539977.jpg,206.374708,0.441719,10.965800,5.593471,0.617168,0.311849,0.562819
leaf_ground,imgi_1948_pexels-photo-34442142.jpg,G:\내 드라이브\데이터셋\leaf_ground\imgi_1948_pexels-photo-34442142.jpg,149.059573,0.434832,11.403926,5.885555,0.602796,0.309646,0.562784
leaf_ground,imgi_1953_pexels-photo-18218172.jpg,G:\내 드라이브\데이터셋\leaf_ground\imgi_1953_pexels-photo-18218172.jpg,128.004147,0.133017,4.270229,4.276588,0.685505,0.322341,0.416937
leaf_ground,imgi_1975_pexels-photo-18809503.jpg,G:\내 드라이브\데이터셋\leaf_ground\imgi_1975_pexels-photo-18809503.jpg,191.884621,0.347300,7.662885,5.207486,0.481954,0.329156,0.525072
leaf_ground,imgi_1975_pexels-photo-29005170.jpg,G:\내 드라이브\데이터셋\leaf_ground\imgi_1975_pexels-photo-29005170.jpg,168.467614,0.722274,25.699995,5.918449,0.826187,0.348878,0.662761
leaf_ground,imgi_1988_pexels-photo-29429332.jpg,G:\내 드라이브\데이터셋\leaf_ground\imgi_1988_pexels-photo-29429332.jpg,131.698287,0.618756,18.402128,5.918186,0.694477,0.342020,0.610744
leaf_ground,imgi_1992_pexels-photo-19207397.jpg,G:\내 드라이브\데이터셋\leaf_ground\imgi_1992_pexels-photo-19207397.jpg,175.410645,0.729948,10.458148,5.456646,0.809269,0.393581,0.593586
leaf_ground,imgi_2020_pexels-photo-29085924.jpg,G:\내 드라이브\데이터셋\leaf_ground\imgi_2020_pexels-photo-29085924.jpg,75.865208,0.533909,11.367222,5.315002,0.701453,0.338488,0.656402
leaf_ground,imgi_2032_pexels-photo-10356719.jpg,G:\내 드라이브\데이터셋\leaf_ground\imgi_2032_pexels-photo-10356719.jpg,192.918361,0.288339,7.397253,5.054257,0.622994,0.327791,0.536918
leaf_ground,imgi_2042_pexels-photo-35970309.jpg,G:\내 드라이브\데이터셋\leaf_ground\imgi_2042_pexels-photo-35970309.jpg,163.228739,0.415699,10.592495,5.753688,0.536041,0.306389,0.549977
leaf_ground,imgi_2044_pexels-photo-29429330.jpg,G:\내 드라이브\데이터셋\leaf_ground\imgi_2044_pexels-photo-29429330.jpg,132.359651,0.492619,9.763421,5.672338,0.416295,0.352042,0.535089
leaf_ground,imgi_2058_pexels-photo-34442482.jpg,G:\내 드라이브\데이터셋\leaf_ground\imgi_2058_pexels-photo-34442482.jpg,197.744967,0.484582,9.214584,5.323230,0.649332,0.367830,0.561831
leaf_ground,imgi_2072_pexels-photo-34445377.jpg,G:\내 드라이브\데이터셋\leaf_ground\imgi_2072_pexels-photo-34445377.jpg,191.163636,0.756765,31.937569,5.863886,0.793143,0.340278,0.686844
leaf_ground,imgi_2074_pexels-photo-19297913.jpg,G:\내 드라이브\데이터셋\leaf_ground\imgi_2074_pexels-photo-19297913.jpg,153.104344,0.559444,10.964941,4.790022,0.786176,0.323121,0.565580
leaf_ground,imgi_2076_pexels-photo-225842.jpg,G:\내 드라이브\데이터셋\leaf_ground\imgi_2076_pexels-photo-225842.jpg,151.127080,0.765757,14.866138,5.702588,0.688353,0.381995,0.597370
leaf_ground,imgi_2088_pexels-photo-5790969.jpg,G:\내 드라이브\데이터셋\leaf_ground\imgi_2088_pexels-photo-5790969.jpg,120.962107,0.783407,18.264582,5.828932,0.665726,0.379950,0.610155
leaf_ground,imgi_2100_pexels-photo-19343167.jpg,G:\내 드라이브\데이터셋\leaf_ground\imgi_2100_pexels-photo-19343167.jpg,60.035308,0.752597,12.274063,5.479197,0.591445,0.406911,0.685049
leaf_ground,imgi_2106_pexels-photo-34911962.jpg,G:\내 드라이브\데이터셋\leaf_ground\imgi_2106_pexels-photo-34911962.jpg,180.514787,0.181837,5.371395,5.462528,0.453932,0.311121,0.477139
leaf_ground,imgi_2108_pexels-photo-7674796.jpg,G:\내 드라이브\데이터셋\leaf_ground\imgi_2108_pexels-photo-7674796.jpg,173.984853,0.290193,6.847219,5.502601,0.426367,0.313637,0.518888
leaf_ground,imgi_2110_pexels-photo-10488615.jpg,G:\내 드라이브\데이터셋\leaf_ground\imgi_2110_pexels-photo-10488615.jpg,193.834939,0.332353,8.124906,5.127840,0.560084,0.343239,0.536148
leaf_ground,imgi_2186_pexels-photo-10104401.jpg,G:\내 드라이브\데이터셋\leaf_ground\imgi_2186_pexels-photo-10104401.jpg,201.999867,0.485719,12.949900,5.330264,0.699342,0.338444,0.583137
leaf_ground,imgi_2274_pexels-photo-10246142.jpg,G:\내 드라이브\데이터셋\leaf_ground\imgi_2274_pexels-photo-10246142.jpg,147.544787,0.438005,6.791246,4.603846,0.535459,0.370191,0.511924
leaf_ground,imgi_227_pexels-photo-35217415.jpg,G:\내 드라이브\데이터셋\leaf_ground\imgi_227_pexels-photo-35217415.jpg,210.813063,0.660283,16.109331,4.989221,0.548033,0.373664,0.570431
leaf_ground,imgi_241_pexels-photo-7069159.jpg,G:\내 드라이브\데이터셋\leaf_ground\imgi_241_pexels-photo-7069159.jpg,104.864796,0.844232,23.372051,5.475955,0.557692,0.352229,0.645027
leaf_ground,imgi_243_pexels-photo-10329369.jpg,G:\내 드라이브\데이터셋\leaf_ground\imgi_243_pexels-photo-10329369.jpg,185.095952,0.829548,25.475920,5.686810,0.479302,0.358520,0.617580
leaf_ground,imgi_269_pexels-photo-34942431.jpg,G:\내 드라이브\데이터셋\leaf_ground\imgi_269_pexels-photo-34942431.jpg,172.538770,0.491959,11.220983,5.541280,0.588888,0.331796,0.562333
leaf_ground,imgi_290_pexels-photo-11255566.jpg,G:\내 드라이브\데이터셋\leaf_ground\imgi_290_pexels-photo-11255566.jpg,21.095066,0.965613,30.232582,5.471167,0.956540,0.352964,0.882688
leaf_ground,imgi_302_pexels-photo-9718757.jpg,G:\내 드라이브\데이터셋\leaf_ground\imgi_302_pexels-photo-9718757.jpg,210.188586,0.654388,16.254070,5.641644,0.311956,0.363150,0.553060
leaf_ground,imgi_308_pexels-photo-9697227.jpg,G:\내 드라이브\데이터셋\leaf_ground\imgi_308_pexels-photo-9697227.jpg,83.838790,0.746363,20.838047,5.611475,0.558004,0.355376,0.672052
leaf_ground,imgi_390_pexels-photo-12255453.jpg,G:\내 드라이브\데이터셋\leaf_ground\imgi_390_pexels-photo-12255453.jpg,61.705063,0.758457,15.568128,5.069066,0.597365,0.377134,0.684189
leaf_ground,imgi_544_pexels-photo-11255713.jpg,G:\내 드라이브\데이터셋\leaf_ground\imgi_544_pexels-photo-11255713.jpg,25.989408,0.976783,30.690157,5.390751,0.920748,0.349655,0.870567
leaf_ground,imgi_642_pexels-photo-27793711.jpg,G:\내 드라이브\데이터셋\leaf_ground\imgi_642_pexels-photo-27793711.jpg,175.751446,0.939797,31.500013,5.644916,0.758110,0.356649,0.681875
leaf_ground,imgi_742_pexels-photo-29358414.jpg,G:\내 드라이브\데이터셋\leaf_ground\imgi_742_pexels-photo-29358414.jpg,169.895756,0.697435,17.780153,5.392289,0.674290,0.353308,0.606076
leaf_ground,imgi_764_pexels-photo-34247314.jpg,G:\내 드라이브\데이터셋\leaf_ground\imgi_764_pexels-photo-34247314.jpg,89.043699,0.796719,19.551386,5.501113,0.289769,0.382867,0.624357
leaf_ground,imgi_934_pexels-photo-11255753.jpg,G:\내 드라이브\데이터셋\leaf_ground\imgi_934_pexels-photo-11255753.jpg,23.606505,0.975502,29.973244,5.321752,0.958476,0.361282,0.875343
mixed,imgi_1000_pexels-photo-10518306.jpg,G:\내 드라이브\데이터셋\mixed\imgi_1000_pexels-photo-10518306.jpg,110.824656,0.414331,11.123914,5.421625,0.288497,0.273386,0.533808
mixed,imgi_1010_pexels-photo-10111303.jpg,G:\내 드라이브\데이터셋\mixed\imgi_1010_pexels-photo-10111303.jpg,203.331171,0.764574,24.161907,5.671768,0.740449,0.353221,0.644840
mixed,imgi_101_135232100-soil-background-ground-texture-top-view.jpg,G:\내 드라이브\데이터셋\mixed\imgi_101_135232100-soil-background-ground-texture-top-view.jpg,80.846990,0.919315,24.631348,5.150902,0.528009,0.393670,0.686945
mixed,imgi_101_92629900-8603-493d-9969-8d3d616470a9_scaled.jpg,G:\내 드라이브\데이터셋\mixed\imgi_101_92629900-8603-493d-9969-8d3d616470a9_scaled.jpg,81.964781,0.975591,38.517532,5.703431,0.643642,0.368006,0.740205
mixed,imgi_101_b2grouds023.jpg,G:\내 드라이브\데이터셋\mixed\imgi_101_b2grouds023.jpg,81.051444,0.917854,20.996500,5.183963,0.764472,0.407961,0.702803
mixed,imgi_101_dry-leaves-green-grass-seamless-texture-oak-young-tileable-40527345.jpg,G:\내 드라이브\데이터셋\mixed\imgi_101_dry-leaves-green-grass-seamless-texture-oak-young-tileable-40527345.jpg,173.053427,0.965444,31.925312,5.462992,0.914662,0.355023,0.704058
mixed,imgi_101_forest-ground-with-stones-and-grass-2048x2048.jpg,G:\내 드라이브\데이터셋\mixed\imgi_101_forest-ground-with-stones-and-grass-2048x2048.jpg,34.084755,0.940146,40.730446,5.964654,0.752448,0.362789,0.841609
mixed,imgi_101_seamless-forest-ground-path-texture-229-render-03.jpg,G:\내 드라이브\데이터셋\mixed\imgi_101_seamless-forest-ground-path-texture-229-render-03.jpg,116.653609,0.949982,30.034098,5.514732,0.398826,0.362950,0.635062
mixed,imgi_101_the-texture-of-the-dirty-soil-contains-gravel-and-dry-leaves-free-photo.jpg,G:\내 드라이브\데이터셋\mixed\imgi_101_the-texture-of-the-dirty-soil-contains-gravel-and-dry-leaves-free-photo.jpg,143.044702,0.923941,33.144787,5.826994,0.594099,0.346224,0.661855
mixed,imgi_1020_pexels-photo-12480434.jpg,G:\내 드라이브\데이터셋\mixed\imgi_1020_pexels-photo-12480434.jpg,132.425283,0.871360,30.422369,5.713298,0.000000,0.363467,0.578952
mixed,imgi_1029_pexels-photo-2293048.jpg,G:\내 드라이브\데이터셋\mixed\imgi_1029_pexels-photo-2293048.jpg,169.147909,0.492934,15.567639,5.145775,0.000000,0.346661,0.499165
mixed,imgi_1039_pexels-photo-34328600.jpg,G:\내 드라이브\데이터셋\mixed\imgi_1039_pexels-photo-34328600.jpg,87.774442,0.419956,6.781423,5.437084,0.000000,0.355864,0.526455
mixed,imgi_104_seamless-rocky-ground-moss-texture-background-gray-102824844.jpg,G:\내 드라이브\데이터셋\mixed\imgi_104_seamless-rocky-ground-moss-texture-background-gray-102824844.jpg,31.508862,0.973523,33.445633,5.624662,0.687319,0.347760,0.836361
mixed,imgi_1058_pexels-photo-8984453.jpg,G:\내 드라이브\데이터셋\mixed\imgi_1058_pexels-photo-8984453.jpg,73.732219,0.379026,11.326155,5.498075,0.000000,0.296126,0.567528
mixed,imgi_105_dirtygrassseamless_color.jpg,G:\내 드라이브\데이터셋\mixed\imgi_105_dirtygrassseamless_color.jpg,42.803573,0.749867,15.534208,5.169512,0.735610,0.352201,0.737510
mixed,imgi_105_Dry oak - healthy_0.jpg,G:\내 드라이브\데이터셋\mixed\imgi_105_Dry oak - healthy_0.jpg,115.714449,0.944194,31.938528,5.607969,0.164700,0.364806,0.615460
mixed,imgi_105_Ground-Nature_Texture_A_P4091800.jpg,G:\내 드라이브\데이터셋\mixed\imgi_105_Ground-Nature_Texture_A_P4091800.jpg,141.220485,0.920848,24.534567,5.488420,0.679932,0.360793,0.639476
mixed,imgi_106_647 Baltic Mixed Forests Rhinomind cc.jpg,G:\내 드라이브\데이터셋\mixed\imgi_106_647 Baltic Mixed Forests Rhinomind cc.jpg,188.455383,0.876278,39.648041,5.734192,0.302950,0.333293,0.622713
mixed,imgi_107_close-up-cinematic-view-of-tall-dense-forest-trees-with-lush-green-vegetation-on-the-ground-perfect-for-concepts-of-wilderness-ecology-environment-untouched-nature-and-outdoor-exploration-video.jpg,G:\내 드라이브\데이터셋\mixed\imgi_107_close-up-cinematic-view-of-tall-dense-forest-trees-with-lush-green-vegetation-on-the-ground-perfect-for-concepts-of-wilderness-ecology-environment-untouched-nature-and-outdoor-exploration-video.jpg,166.122938,0.663910,12.381218,4.459118,0.171483,0.376053,0.486572
mixed,imgi_107_forest-leafing-deciduous-trees-Haanja-Upland-Estonia.jpg,G:\내 드라이브\데이터셋\mixed\imgi_107_forest-leafing-deciduous-trees-Haanja-Upland-Estonia.jpg,65.946450,0.554834,10.577228,5.507593,0.000000,0.327311,0.581410
mixed,imgi_1082_pexels-photo-30439201.jpg,G:\내 드라이브\데이터셋\mixed\imgi_1082_pexels-photo-30439201.jpg,78.697038,0.107913,3.191570,5.410530,0.000000,0.322803,0.410875
mixed,imgi_108_D869_9_854_1200.jpg,G:\내 드라이브\데이터셋\mixed\imgi_108_D869_9_854_1200.jpg,138.034403,0.939197,26.998941,5.635048,0.264495,0.355012,0.596443
mixed,imgi_108_JonasArmellini_ForestGround_RenderDay_02-scaled.jpg,G:\내 드라이브\데이터셋\mixed\imgi_108_JonasArmellini_ForestGround_RenderDay_02-scaled.jpg,108.698958,0.928533,27.320328,5.328981,0.539076,0.368655,0.653361
mixed,imgi_109_WeedsDirtAndLeaves_S.jpg,G:\내 드라이브\데이터셋\mixed\imgi_109_WeedsDirtAndLeaves_S.jpg,48.689146,0.885968,19.888874,5.124912,0.648499,0.404304,0.739531
mixed,imgi_110_enter-enchanted-realm-unknown-with-this-captivating-forest-floor-texture-immerse-yourself-its-mysterious-ambiance-as-leaves-moss-twigs-intertwine-creating-seamless-ta_14117-62831.jpg,G:\내 드라이브\데이터셋\mixed\imgi_110_enter-enchanted-realm-unknown-with-this-captivating-forest-floor-texture-immerse-yourself-its-mysterious-ambiance-as-leaves-moss-twigs-intertwine-creating-seamless-ta_14117-62831.jpg,80.351132,0.790208,15.458109,4.829653,0.480018,0.369885,0.625529
mixed,imgi_111_detailed-close-up-view-on-a-forest-ground-texture-with-moss-and-branches-photo.jpg,G:\내 드라이브\데이터셋\mixed\imgi_111_detailed-close-up-view-on-a-forest-ground-texture-with-moss-and-branches-photo.jpg,91.391702,0.913908,34.756668,5.759267,0.750254,0.349086,0.734890
mixed,imgi_111_everytexture.com-stock-nature-dirt-texture-00025.jpg,G:\내 드라이브\데이터셋\mixed\imgi_111_everytexture.com-stock-nature-dirt-texture-00025.jpg,31.777033,0.817732,25.992075,5.606138,0.706276,0.386509,0.814047
mixed,imgi_112_detailed-close-up-view-on-a-forest-ground-texture-with-moss-and-branches-photo.jpg,G:\내 드라이브\데이터셋\mixed\imgi_112_detailed-close-up-view-on-a-forest-ground-texture-with-moss-and-branches-photo.jpg,125.117181,0.890057,33.681339,5.607792,0.649471,0.354079,0.669839
mixed,imgi_113_2011-06-11-09614.jpg,G:\내 드라이브\데이터셋\mixed\imgi_113_2011-06-11-09614.jpg,115.618704,0.818238,30.730570,5.819353,0.787082,0.357253,0.690128
mixed,imgi_113_free-rough-debris-strewn-soil-texture-339_2.webp,G:\내 드라이브\데이터셋\mixed\imgi_113_free-rough-debris-strewn-soil-texture-339_2.webp,35.145382,0.920742,21.163343,5.094551,0.761422,0.396902,0.783263
mixed,imgi_113_seamless-forest-gravel-ground-texture-little-grass-seamless-forest-gravel-ground-texture-215571654.jpg,G:\내 드라이브\데이터셋\mixed\imgi_113_seamless-forest-gravel-ground-texture-little-grass-seamless-forest-gravel-ground-texture-215571654.jpg,63.091837,0.932612,23.959295,5.062963,0.778776,0.366245,0.743272
mixed,imgi_114_0013-ground-texture-seamless.jpg,G:\내 드라이브\데이터셋\mixed\imgi_114_0013-ground-texture-seamless.jpg,100.671567,0.976731,40.957054,5.755664,0.933895,0.338293,0.740671
mixed,imgi_114_forest-moss-forest-floor-nature-6a6f9b9e1a98dcf451a45efddd6c01e1.jpg,G:\내 드라이브\데이터셋\mixed\imgi_114_forest-moss-forest-floor-nature-6a6f9b9e1a98dcf451a45efddd6c01e1.jpg,153.771918,0.631737,13.410817,5.624830,0.000000,0.350642,0.497927
mixed,imgi_115_a-dirt-road-with-leaves-and-grass-photo.jpg,G:\내 드라이브\데이터셋\mixed\imgi_115_a-dirt-road-with-leaves-and-grass-photo.jpg,53.684791,0.811580,17.335737,4.865294,0.736494,0.394360,0.720196
mixed,imgi_116_forest-floor-terrain_0001_02_S_enl.jpg,G:\내 드라이브\데이터셋\mixed\imgi_116_forest-floor-terrain_0001_02_S_enl.jpg,43.899772,0.975309,39.432621,5.652463,0.861022,0.357187,0.837169
mixed,imgi_116_materials-of-the-world-forest-ground-leaves-render-01.jpg,G:\내 드라이브\데이터셋\mixed\imgi_116_materials-of-the-world-forest-ground-leaves-render-01.jpg,155.084463,0.882774,28.840336,5.715270,0.778998,0.370944,0.673553
mixed,imgi_117_1280px-Forest-floor076.jpg,G:\내 드라이브\데이터셋\mixed\imgi_117_1280px-Forest-floor076.jpg,97.804184,0.900615,35.586857,5.734292,0.099648,0.341475,0.637794
mixed,imgi_117_Forest-floor076.jpg,G:\내 드라이브\데이터셋\mixed\imgi_117_Forest-floor076.jpg,94.868066,0.725359,23.670183,5.652891,0.099620,0.326125,0.602592
mixed,imgi_117_forest-ground-pbr-pack-81-13.jpg,G:\내 드라이브\데이터셋\mixed\imgi_117_forest-ground-pbr-pack-81-13.jpg,36.579968,0.967694,29.834862,5.482080,0.744488,0.357597,0.825331
mixed,imgi_117_Scan211310.jpg,G:\내 드라이브\데이터셋\mixed\imgi_117_Scan211310.jpg,146.979679,0.783568,29.905470,5.576054,0.000000,0.301360,0.570318
mixed,imgi_118_0063-ground-texture-seamless.jpg,G:\내 드라이브\데이터셋\mixed\imgi_118_0063-ground-texture-seamless.jpg,51.397650,0.982057,41.076721,5.690516,0.860060,0.350535,0.822632
mixed,imgi_118_0078-ground-with-mixed-pebbles-texture-seamless-hr.jpg,G:\내 드라이브\데이터셋\mixed\imgi_118_0078-ground-with-mixed-pebbles-texture-seamless-hr.jpg,25.716417,0.952102,43.214390,5.910972,0.304400,0.356191,0.798044
mixed,imgi_118_free-photo-of-moss-covered-rock-on-the-forest-floor.jpg,G:\내 드라이브\데이터셋\mixed\imgi_118_free-photo-of-moss-covered-rock-on-the-forest-floor.jpg,213.933692,0.221933,6.336009,5.092744,0.499658,0.290110,0.513425
mixed,imgi_118_nature-texture.jpg,G:\내 드라이브\데이터셋\mixed\imgi_118_nature-texture.jpg,135.077411,0.702799,14.123967,4.937970,0.840059,0.403979,0.600411
mixed,imgi_119_detailed-close-up-view-on-a-forest-ground-texture-with-moss-video.jpg,G:\내 드라이브\데이터셋\mixed\imgi_119_detailed-close-up-view-on-a-forest-ground-texture-with-moss-video.jpg,147.919279,0.436328,9.909805,4.615498,0.193312,0.336506,0.479083
mixed,imgi_119_IMG_8193_2048x.jpg,G:\내 드라이브\데이터셋\mixed\imgi_119_IMG_8193_2048x.jpg,132.905040,0.880267,34.567722,5.890476,0.872997,0.365652,0.700055
mixed,imgi_119_seamless-texture-rocky-soil-covered-withered-dry-grass-leaves-shells-big-size-33677305.jpg,G:\내 드라이브\데이터셋\mixed\imgi_119_seamless-texture-rocky-soil-covered-withered-dry-grass-leaves-shells-big-size-33677305.jpg,90.278880,0.977280,32.610748,5.498316,0.940043,0.351391,0.761833
mixed,imgi_120_forest 12.png,G:\내 드라이브\데이터셋\mixed\imgi_120_forest 12.png,100.303567,0.932825,30.719557,5.637964,0.829803,0.352145,0.723197
mixed,imgi_121_IMG_6673-scaled.jpg,G:\내 드라이브\데이터셋\mixed\imgi_121_IMG_6673-scaled.jpg,83.808614,0.880408,34.609631,5.926070,0.234362,0.374812,0.684299
mixed,imgi_121_rocky-path-through-grass_1012221-50524.jpg,G:\내 드라이브\데이터셋\mixed\imgi_121_rocky-path-through-grass_1012221-50524.jpg,58.342737,0.967633,40.669395,5.781550,0.217836,0.344377,0.725795
mixed,imgi_122_top-view-lush-green-moss-forest-ground-cover-grass-pine-needles-dry-leaves-natural-woodland-texture-sunlight-426762356.jpg,G:\내 드라이브\데이터셋\mixed\imgi_122_top-view-lush-green-moss-forest-ground-cover-grass-pine-needles-dry-leaves-natural-woodland-texture-sunlight-426762356.jpg,87.449814,0.980648,35.337948,5.588334,0.496695,0.346643,0.708910
mixed,imgi_123_grass-leaf-ground-dirt.jpg,G:\내 드라이브\데이터셋\mixed\imgi_123_grass-leaf-ground-dirt.jpg,40.161333,0.430208,9.059034,5.498347,0.726157,0.340416,0.717277
mixed,imgi_123_ground-texture-dry-grass-small-rare-tufts-green-plants-early-spring-snow-soil-top-view-ground-texture-dry-116466080.jpg,G:\내 드라이브\데이터셋\mixed\imgi_123_ground-texture-dry-grass-small-rare-tufts-green-plants-early-spring-snow-soil-top-view-ground-texture-dry-116466080.jpg,119.427763,0.962900,31.403131,5.533463,0.731322,0.359318,0.679255
mixed,imgi_124_0035-ground-texture-seamless.jpg,G:\내 드라이브\데이터셋\mixed\imgi_124_0035-ground-texture-seamless.jpg,51.712133,0.981666,34.698257,5.564704,0.892122,0.356169,0.826787
mixed,imgi_124_5neveo3chinb1.jpg,G:\내 드라이브\데이터셋\mixed\imgi_124_5neveo3chinb1.jpg,90.470831,0.764095,25.538408,5.654602,0.476454,0.363268,0.672114
mixed,imgi_124_pexels-photo-11255616.jpg,G:\내 드라이브\데이터셋\mixed\imgi_124_pexels-photo-11255616.jpg,54.379137,0.941586,37.058933,5.784324,0.920623,0.352817,0.825268
mixed,imgi_125_autumn-trees-and-leaves-in-nature-for-landscape-natural-environment-and-healthy-ecosystem-fall-season-plants-and-walkway-in-wilderness-for-growth-sustainability-and-forest-with-colorful-texture-photo.jpg,G:\내 드라이브\데이터셋\mixed\imgi_125_autumn-trees-and-leaves-in-nature-for-landscape-natural-environment-and-healthy-ecosystem-fall-season-plants-and-walkway-in-wilderness-for-growth-sustainability-and-forest-with-colorful-texture-photo.jpg,165.747818,0.837822,26.159740,5.718051,0.041450,0.351726,0.563185
mixed,imgi_125_COLOURBOX7586771.jpg,G:\내 드라이브\데이터셋\mixed\imgi_125_COLOURBOX7586771.jpg,90.929789,0.962536,32.175957,5.586168,0.907459,0.355014,0.756767
mixed,imgi_125_LEAF-LITTER.jpg,G:\내 드라이브\데이터셋\mixed\imgi_125_LEAF-LITTER.jpg,132.844733,0.648942,20.724730,5.255920,0.188207,0.331889,0.550000
mixed,imgi_126_1261a1ec840d6595c536ae33e6b3cabe74fc998f.jpg,G:\내 드라이브\데이터셋\mixed\imgi_126_1261a1ec840d6595c536ae33e6b3cabe74fc998f.jpg,174.700567,0.493656,9.488173,4.732056,0.000000,0.312529,0.453464
mixed,imgi_126_GrassAndDirt_S.jpg,G:\내 드라이브\데이터셋\mixed\imgi_126_GrassAndDirt_S.jpg,70.765057,0.864229,15.677083,4.923966,0.581258,0.455550,0.669001
mixed,imgi_129_overhead-vertical-shot-greenery-maksimir-park-zagreb-croatia-springtime_181624-15269.jpg,G:\내 드라이브\데이터셋\mixed\imgi_129_overhead-vertical-shot-greenery-maksimir-park-zagreb-croatia-springtime_181624-15269.jpg,133.415380,0.908930,36.456829,5.604332,0.386762,0.362951,0.636574
mixed,imgi_130_moss 5.png,G:\내 드라이브\데이터셋\mixed\imgi_130_moss 5.png,117.852187,0.955650,27.387732,5.422544,0.559439,0.365655,0.641610
mixed,imgi_131_2011-06-11-09251.jpg,G:\내 드라이브\데이터셋\mixed\imgi_131_2011-06-11-09251.jpg,121.773445,0.673432,18.621601,5.675298,0.652596,0.361733,0.608300
mixed,imgi_131_ground_forest_01-color-l.jpg,G:\내 드라이브\데이터셋\mixed\imgi_131_ground_forest_01-color-l.jpg,75.250480,0.958117,27.916313,5.302058,0.916634,0.356381,0.764434
mixed,imgi_131_IMG_5948_2.jpg,G:\내 드라이브\데이터셋\mixed\imgi_131_IMG_5948_2.jpg,71.766639,0.850644,31.628792,5.863991,0.055675,0.372661,0.681192
mixed,imgi_131_pexels-photo-11255617.jpg,G:\내 드라이브\데이터셋\mixed\imgi_131_pexels-photo-11255617.jpg,62.437321,0.955225,44.037415,5.922434,0.946678,0.345540,0.813154
mixed,imgi_132_free-photo-of-plants-on-ground-in-forest.png,G:\내 드라이브\데이터셋\mixed\imgi_132_free-photo-of-plants-on-ground-in-forest.png,122.392769,0.212846,5.749928,4.909755,0.173724,0.298983,0.455939
mixed,imgi_133_forest-floor-terrain_0046_01_S_enl.jpg,G:\내 드라이브\데이터셋\mixed\imgi_133_forest-floor-terrain_0046_01_S_enl.jpg,164.853829,0.900133,28.209768,5.559480,0.875675,0.344718,0.680543
mixed,imgi_134_9585d414cd6f310794eabf633ae3d4172ca06676.jpg,G:\내 드라이브\데이터셋\mixed\imgi_134_9585d414cd6f310794eabf633ae3d4172ca06676.jpg,121.318907,0.860798,19.537859,5.171728,0.204898,0.369142,0.547526
mixed,imgi_134_Western_Hemlock_litter.jpg,G:\내 드라이브\데이터셋\mixed\imgi_134_Western_Hemlock_litter.jpg,38.054009,0.824030,20.758579,5.700859,0.373847,0.380783,0.734219
mixed,imgi_135_forest_floor.png,G:\내 드라이브\데이터셋\mixed\imgi_135_forest_floor.png,87.864272,0.962991,27.730156,5.210847,0.858699,0.362003,0.730427
mixed,imgi_136_118466102-dry-grass-field-as-background-and-texture.jpg,G:\내 드라이브\데이터셋\mixed\imgi_136_118466102-dry-grass-field-as-background-and-texture.jpg,114.732817,0.983332,35.223927,5.566585,0.684085,0.355938,0.684181
mixed,imgi_136_P1010331-scaled-e1674657978598.jpg,G:\내 드라이브\데이터셋\mixed\imgi_136_P1010331-scaled-e1674657978598.jpg,127.581495,0.724618,20.368319,5.583086,0.000000,0.350116,0.530488
mixed,imgi_137_dark-brown-soil-texture-with-lots-of-stones-and-dry-leavesgraphed-during-the-day-free-photo.jpg,G:\내 드라이브\데이터셋\mixed\imgi_137_dark-brown-soil-texture-with-lots-of-stones-and-dry-leavesgraphed-during-the-day-free-photo.jpg,45.665255,0.905717,26.077896,5.672578,0.476589,0.369271,0.757404
mixed,imgi_138_30722366-a-ground-road-in-a-field-with-high-grass-in-krasnoyarsk-area-in-russia.jpg,G:\내 드라이브\데이터셋\mixed\imgi_138_30722366-a-ground-road-in-a-field-with-high-grass-in-krasnoyarsk-area-in-russia.jpg,109.345051,0.732535,17.561296,5.501532,0.000000,0.307814,0.532634
mixed,imgi_138_87940166-forest-foliage-background-forest-floor-background-and-texture-organic-texture-roots-and-leaves-in.jpg,G:\내 드라이브\데이터셋\mixed\imgi_138_87940166-forest-foliage-background-forest-floor-background-and-texture-organic-texture-roots-and-leaves-in.jpg,53.948435,0.776754,16.612514,4.882869,0.581857,0.393678,0.696737
mixed,imgi_139_muhammx-sohail-anwar-forest-ground-006.jpg,G:\내 드라이브\데이터셋\mixed\imgi_139_muhammx-sohail-anwar-forest-ground-006.jpg,106.262146,0.956162,44.270355,5.785326,0.699491,0.341549,0.700275
mixed,imgi_140_CavenRockSwitchgrass4ft_2048x.jpg,G:\내 드라이브\데이터셋\mixed\imgi_140_CavenRockSwitchgrass4ft_2048x.jpg,81.300237,0.777966,16.298653,5.555132,0.000000,0.350449,0.582394
mixed,imgi_140_depositphotos_22583097-stock-photo-soil-with-the-sprouted-grass.jpg,G:\내 드라이브\데이터셋\mixed\imgi_140_depositphotos_22583097-stock-photo-soil-with-the-sprouted-grass.jpg,96.975222,0.962255,40.502598,5.737763,0.788721,0.344045,0.729150
mixed,imgi_140_N1oneyear.jpg,G:\내 드라이브\데이터셋\mixed\imgi_140_N1oneyear.jpg,160.526440,0.818350,22.585962,5.751398,0.000000,0.343352,0.540207
mixed,imgi_140_ole-groenbaek-screenshot009.jpg,G:\내 드라이브\데이터셋\mixed\imgi_140_ole-groenbaek-screenshot009.jpg,81.793011,0.932747,22.211899,5.089162,0.625536,0.368091,0.681932
mixed,imgi_140_pbr-craft-1.jpg,G:\내 드라이브\데이터셋\mixed\imgi_140_pbr-craft-1.jpg,88.101774,0.948441,28.410992,5.266837,0.543599,0.359638,0.693850
mixed,imgi_141_forest-floor-terrain_0001_01_S_enl.jpg,G:\내 드라이브\데이터셋\mixed\imgi_141_forest-floor-terrain_0001_01_S_enl.jpg,51.127442,0.969859,32.930275,5.489015,0.785395,0.355962,0.813964
mixed,imgi_141_free-photo-of-lush-forest-floor-with-moss-and-trees.jpg,G:\내 드라이브\데이터셋\mixed\imgi_141_free-photo-of-lush-forest-floor-with-moss-and-trees.jpg,80.475745,0.492016,10.543696,5.499864,0.157134,0.286333,0.570945
mixed,imgi_142_Adirondack-Habitats-Mixed-Forest-Jenkins-Mountain-Trail-Paul-Smiths-VIC-12-August-2013-71.jpg,G:\내 드라이브\데이터셋\mixed\imgi_142_Adirondack-Habitats-Mixed-Forest-Jenkins-Mountain-Trail-Paul-Smiths-VIC-12-August-2013-71.jpg,95.942696,0.880029,20.442562,5.551575,0.231481,0.388656,0.608888
mixed,imgi_142_ole-groenbaek-screenshot000.jpg,G:\내 드라이브\데이터셋\mixed\imgi_142_ole-groenbaek-screenshot000.jpg,90.238805,0.860814,20.400162,5.255902,0.702139,0.355957,0.672259
mixed,imgi_143_2011-06-11-09276.jpg,G:\내 드라이브\데이터셋\mixed\imgi_143_2011-06-11-09276.jpg,52.483489,0.719815,20.318895,5.840218,0.621017,0.368103,0.736568
mixed,imgi_143_high-resolution-seamless-forest-floor-texture-1.jpg,G:\내 드라이브\데이터셋\mixed\imgi_143_high-resolution-seamless-forest-floor-texture-1.jpg,154.026261,0.964245,32.071304,5.652670,0.656949,0.368459,0.672249
mixed,imgi_144_leaves-autumn-leaf-litter-24889.jpg,G:\내 드라이브\데이터셋\mixed\imgi_144_leaves-autumn-leaf-litter-24889.jpg,178.263668,0.897779,29.889795,5.722760,0.164989,0.352671,0.596824
mixed,imgi_144_pexels-photo-11255566.jpg,G:\내 드라이브\데이터셋\mixed\imgi_144_pexels-photo-11255566.jpg,23.254619,0.930634,27.672867,5.563435,0.955987,0.380412,0.869403
mixed,imgi_144_seamless-rocky-forest-ground-texture-3.jpg,G:\내 드라이브\데이터셋\mixed\imgi_144_seamless-rocky-forest-ground-texture-3.jpg,134.642169,0.913616,29.733816,5.722100,0.680804,0.364741,0.664356
mixed,imgi_145_muddy-forest-floor-stockcake.jpg,G:\내 드라이브\데이터셋\mixed\imgi_145_muddy-forest-floor-stockcake.jpg,80.840509,0.901250,25.318775,5.476630,0.000000,0.372653,0.627739
mixed,imgi_145_woodland_terrain_render7.jpg,G:\내 드라이브\데이터셋\mixed\imgi_145_woodland_terrain_render7.jpg,141.378167,0.623383,9.561775,4.850892,0.316192,0.393851,0.507007
mixed,imgi_146_0003-ground-texture-seamless.jpg,G:\내 드라이브\데이터셋\mixed\imgi_146_0003-ground-texture-seamless.jpg,61.778826,0.918145,27.809807,5.550635,0.825108,0.367177,0.781079
mixed,imgi_147_99e4b4ee-137d-4c00-a8fc-364caeb993ba_scaled.jpg,G:\내 드라이브\데이터셋\mixed\imgi_147_99e4b4ee-137d-4c00-a8fc-364caeb993ba_scaled.jpg,112.106143,0.980979,44.808765,5.830219,0.609665,0.354962,0.679225
mixed,imgi_147_detailed-close-up-view-on-a-forest-ground-texture-with-moss-and-branches-photo.jpg,G:\내 드라이브\데이터셋\mixed\imgi_147_detailed-close-up-view-on-a-forest-ground-texture-with-moss-and-branches-photo.jpg,122.404531,0.963423,42.740246,5.681265,0.828994,0.370678,0.694837
mixed,imgi_147_everytexture.com-stock-nature-mold-moss-texture-00130-1024x768.jpg,G:\내 드라이브\데이터셋\mixed\imgi_147_everytexture.com-stock-nature-mold-moss-texture-00130-1024x768.jpg,86.280333,0.965240,34.860214,5.729182,0.554731,0.356882,0.719623
mixed,imgi_147_forest-floor.jpg,G:\내 드라이브\데이터셋\mixed\imgi_147_forest-floor.jpg,114.581954,0.884797,28.816137,5.710842,0.000000,0.329759,0.577985
mixed,imgi_147_Ground-Nature_Texture_A_P4120948.jpg,G:\내 드라이브\데이터셋\mixed\imgi_147_Ground-Nature_Texture_A_P4120948.jpg,63.566451,0.954269,23.104631,5.114000,0.732452,0.382709,0.735721
mixed,imgi_148_forest-beech-New-Forest-England-UK.jpg,G:\내 드라이브\데이터셋\mixed\imgi_148_forest-beech-New-Forest-England-UK.jpg,84.491765,0.902432,23.023624,5.472283,0.660453,0.404120,0.699293
mixed,imgi_148_forest-floor-terrain_0008_01_S_enl.jpg,G:\내 드라이브\데이터셋\mixed\imgi_148_forest-floor-terrain_0008_01_S_enl.jpg,83.878408,0.983810,48.338142,5.928087,0.911755,0.346610,0.769412
mixed,imgi_149_depositphotos_67211003-stock-photo-soil-is-covered-with-moss.jpg,G:\내 드라이브\데이터셋\mixed\imgi_149_depositphotos_67211003-stock-photo-soil-is-covered-with-moss.jpg,112.706491,0.974154,30.259340,5.357281,0.914702,0.354331,0.708132
mixed,imgi_149_DirtBarkAndLeaves_S.jpg,G:\내 드라이브\데이터셋\mixed\imgi_149_DirtBarkAndLeaves_S.jpg,60.418834,0.908383,28.886183,5.686967,0.755817,0.367640,0.779656
mixed,imgi_149_pngtree-giraffe-in-the-savannah-nature-animal-camouflage-photo-picture-image_4218188.jpg,G:\내 드라이브\데이터셋\mixed\imgi_149_pngtree-giraffe-in-the-savannah-nature-animal-camouflage-photo-picture-image_4218188.jpg,97.364087,0.577974,9.153416,5.055605,0.105053,0.359561,0.522539
mixed,imgi_149_seamless-forest-dirty-ground-texture-seamless-forest-gravel-dirty-ground-texture-215420182.jpg,G:\내 드라이브\데이터셋\mixed\imgi_149_seamless-forest-dirty-ground-texture-seamless-forest-gravel-dirty-ground-texture-215420182.jpg,61.660950,0.886381,18.752768,4.696549,0.834659,0.374744,0.717390
mixed,imgi_149_widen_2440x0.jpg,G:\내 드라이브\데이터셋\mixed\imgi_149_widen_2440x0.jpg,142.055593,0.329333,6.313289,4.662423,0.000000,0.311256,0.436133
mixed,imgi_151_forest_leaves_04.png,G:\내 드라이브\데이터셋\mixed\imgi_151_forest_leaves_04.png,99.597027,0.940273,26.376751,5.115350,0.827992,0.365878,0.695785
mixed,imgi_152_closeup-shot-fallen-oak-leaves-forest-floor-during-autumn-1-2000x1333.jpg,G:\내 드라이브\데이터셋\mixed\imgi_152_closeup-shot-fallen-oak-leaves-forest-floor-during-autumn-1-2000x1333.jpg,153.754080,0.502190,12.456358,5.283918,0.000000,0.326345,0.487154
mixed,imgi_153_christoph-schindelar-muddy-forest-floor-01-testrender-01.jpg,G:\내 드라이브\데이터셋\mixed\imgi_153_christoph-schindelar-muddy-forest-floor-01-testrender-01.jpg,41.121892,0.827596,20.181667,5.443645,0.609959,0.375372,0.756043
mixed,imgi_153_emerald-patchwork-grass-texture-4708_2.webp,G:\내 드라이브\데이터셋\mixed\imgi_153_emerald-patchwork-grass-texture-4708_2.webp,111.784774,0.790100,11.033360,4.147219,0.776532,0.382227,0.564193
mixed,imgi_153_img_0682-1.jpg,G:\내 드라이브\데이터셋\mixed\imgi_153_img_0682-1.jpg,96.396114,0.873758,30.201000,5.794878,0.051913,0.369244,0.628514
mixed,imgi_153_seamless-forest-floor-texture-render-03.jpg,G:\내 드라이브\데이터셋\mixed\imgi_153_seamless-forest-floor-texture-render-03.jpg,124.105694,0.960121,31.442623,5.712122,0.503887,0.360103,0.648903
mixed,imgi_155_0028-dry-grass-texture-seamless.jpg,G:\내 드라이브\데이터셋\mixed\imgi_155_0028-dry-grass-texture-seamless.jpg,87.900649,0.982784,38.890938,5.669986,0.862865,0.340296,0.755051
mixed,imgi_155_COLOURBOX7482737.jpg,G:\내 드라이브\데이터셋\mixed\imgi_155_COLOURBOX7482737.jpg,81.510122,0.966942,32.183220,5.595621,0.880435,0.354172,0.770439
mixed,imgi_155_high-resolution-seamless-texture-forest-ground-moss-nuts-229716938.jpg,G:\내 드라이브\데이터셋\mixed\imgi_155_high-resolution-seamless-texture-forest-ground-moss-nuts-229716938.jpg,131.686156,0.958888,30.218937,5.408773,0.753393,0.359684,0.675561
mixed,imgi_155_pexels-photo-5876390.jpg,G:\내 드라이브\데이터셋\mixed\imgi_155_pexels-photo-5876390.jpg,174.791256,0.617343,11.478395,5.115379,0.454107,0.324480,0.535799
mixed,imgi_156_647 Baltic Mixed Forests Rhinomind cc2.jpg,G:\내 드라이브\데이터셋\mixed\imgi_156_647 Baltic Mixed Forests Rhinomind cc2.jpg,136.353963,0.931505,40.420902,5.871363,0.322289,0.334432,0.625341
mixed,imgi_156_file.jpg,G:\내 드라이브\데이터셋\mixed\imgi_156_file.jpg,86.255942,0.963663,27.750299,5.329237,0.857637,0.363222,0.737400
mixed,imgi_156_ForestFloors_300x200_Landscape-300Dpi-72Dpi.jpg,G:\내 드라이브\데이터셋\mixed\imgi_156_ForestFloors_300x200_Landscape-300Dpi-72Dpi.jpg,44.296939,0.825796,13.447629,4.924960,0.414325,0.368503,0.676703
mixed,imgi_157_Forest_floor_(close-up)_of_a_community_from_the_Dicrano-Pinion.jpg,G:\내 드라이브\데이터셋\mixed\imgi_157_Forest_floor_(close-up)_of_a_community_from_the_Dicrano-Pinion.jpg,64.114990,0.443680,14.592201,5.438472,0.046167,0.311471,0.608006
mixed,imgi_158_1000_F_352538435_FpeRjblaugTKUt3hOxY0Bg1DUbCTQZbV.jpg,G:\내 드라이브\데이터셋\mixed\imgi_158_1000_F_352538435_FpeRjblaugTKUt3hOxY0Bg1DUbCTQZbV.jpg,81.794327,0.978765,40.105419,5.713799,0.784761,0.345268,0.756589
mixed,imgi_158_2022-07-27-09-03-51-1350x936.jpg,G:\내 드라이브\데이터셋\mixed\imgi_158_2022-07-27-09-03-51-1350x936.jpg,168.978314,0.951060,20.727549,5.243975,0.429798,0.391058,0.586939
mixed,imgi_158_Dry oak - plantings.jpg,G:\내 드라이브\데이터셋\mixed\imgi_158_Dry oak - plantings.jpg,65.299231,0.941376,35.454212,5.884851,0.000000,0.352543,0.685539
mixed,imgi_159_101111443-forest-soil-with-grass-top-view-forest-ground-with-plants.jpg,G:\내 드라이브\데이터셋\mixed\imgi_159_101111443-forest-soil-with-grass-top-view-forest-ground-with-plants.jpg,156.900724,0.961932,34.043541,5.613004,0.539395,0.347350,0.654856
mixed,imgi_159_39b23d4b-fd0a-4026-87b3-855a0cc86d6c.jpg,G:\내 드라이브\데이터셋\mixed\imgi_159_39b23d4b-fd0a-4026-87b3-855a0cc86d6c.jpg,83.784818,0.563006,14.784319,5.798155,0.000000,0.286226,0.564319
mixed,imgi_159_closeup-texture-lush-green-grass-with-variety-blades-leaves_14117-1013102.jpg,G:\내 드라이브\데이터셋\mixed\imgi_159_closeup-texture-lush-green-grass-with-variety-blades-leaves_14117-1013102.jpg,167.940535,0.949355,26.665245,5.171492,0.895512,0.350743,0.668867
mixed,imgi_159_Stone-Nature-Reserve-N7-N6.jpg,G:\내 드라이브\데이터셋\mixed\imgi_159_Stone-Nature-Reserve-N7-N6.jpg,137.406434,0.913324,28.932207,5.813135,0.220438,0.357697,0.600046
mixed,imgi_160_0039-ground-texture-seamless.jpg,G:\내 드라이브\데이터셋\mixed\imgi_160_0039-ground-texture-seamless.jpg,80.783791,0.979152,36.327148,5.686566,0.903242,0.350649,0.774383
mixed,imgi_161_forest 14.png,G:\내 드라이브\데이터셋\mixed\imgi_161_forest 14.png,95.455330,0.974422,32.785774,5.511082,0.856550,0.358608,0.742211
mixed,imgi_161_forest-ground-wallpaper.jpg,G:\내 드라이브\데이터셋\mixed\imgi_161_forest-ground-wallpaper.jpg,22.297483,0.974581,49.377316,5.934288,0.689146,0.345051,0.853215
mixed,imgi_161_SB+Honeysuckle_11-9-24.jpg,G:\내 드라이브\데이터셋\mixed\imgi_161_SB+Honeysuckle_11-9-24.jpg,56.666682,0.929922,30.673002,5.862410,0.000000,0.354963,0.695387
mixed,imgi_162_pngtree-top-view-of-patchy-lawn-with-brown-spots-picture-image_16511457.jpg,G:\내 드라이브\데이터셋\mixed\imgi_162_pngtree-top-view-of-patchy-lawn-with-brown-spots-picture-image_16511457.jpg,140.852860,0.953315,29.382462,5.619444,0.374734,0.347325,0.621178
mixed,imgi_162_psDEVA_AA_572_W.png,G:\내 드라이브\데이터셋\mixed\imgi_162_psDEVA_AA_572_W.png,92.870395,0.571081,12.402742,5.698680,0.000000,0.335493,0.541425
mixed,imgi_162_seamless-forest-floor-texture-render-01.jpg,G:\내 드라이브\데이터셋\mixed\imgi_162_seamless-forest-floor-texture-render-01.jpg,119.967828,0.945228,30.610655,5.683416,0.653257,0.362037,0.664674
mixed,imgi_163_snow_rocks_02.jpg,G:\내 드라이브\데이터셋\mixed\imgi_163_snow_rocks_02.jpg,52.748703,0.930239,21.534315,5.264922,0.722614,0.408880,0.754561
mixed,imgi_163_unnamed-file-5-1024x768.jpg,G:\내 드라이브\데이터셋\mixed\imgi_163_unnamed-file-5-1024x768.jpg,17.326079,0.902713,19.255716,5.195993,0.686622,0.408389,0.801796
mixed,imgi_165_free-photo-of-cracked-dry-earth-with-dead-leaves-and-grass.jpg,G:\내 드라이브\데이터셋\mixed\imgi_165_free-photo-of-cracked-dry-earth-with-dead-leaves-and-grass.jpg,105.996069,0.791521,35.555466,5.618610,0.811026,0.314006,0.712508
mixed,imgi_165_Ground-Nature_Texture_A_P4120924.jpg,G:\내 드라이브\데이터셋\mixed\imgi_165_Ground-Nature_Texture_A_P4120924.jpg,145.979680,0.871379,13.648941,4.391674,0.787128,0.427018,0.575397
mixed,imgi_166_stefan-oprisan-tm-roots-test-02-output-2.jpg,G:\내 드라이브\데이터셋\mixed\imgi_166_stefan-oprisan-tm-roots-test-02-output-2.jpg,84.938008,0.838691,18.490408,5.172061,0.742033,0.366108,0.676431
mixed,imgi_167_detailed-close-up-view-on-a-forest-ground-texture-with-moss-and-branches-photo.jpg,G:\내 드라이브\데이터셋\mixed\imgi_167_detailed-close-up-view-on-a-forest-ground-texture-with-moss-and-branches-photo.jpg,153.822458,0.956864,44.149918,5.925189,0.290847,0.345310,0.622341
mixed,imgi_167_high-resolution-seamless-forest-road-texture-2.jpg,G:\내 드라이브\데이터셋\mixed\imgi_167_high-resolution-seamless-forest-road-texture-2.jpg,118.816091,0.808761,22.558424,5.607091,0.436674,0.336681,0.598349
mixed,imgi_167_lizard-bling-forest-floor-top.jpg,G:\내 드라이브\데이터셋\mixed\imgi_167_lizard-bling-forest-floor-top.jpg,99.975982,0.338934,7.156025,3.904769,0.607108,0.355073,0.534845
mixed,imgi_168_2018-11-12-13-40-11-1200x900.jpg,G:\내 드라이브\데이터셋\mixed\imgi_168_2018-11-12-13-40-11-1200x900.jpg,92.171479,0.863684,24.443592,5.791952,0.216002,0.374378,0.631116
mixed,imgi_168_ziuBzZ9mpQuaeebSHBxicX.jpg,G:\내 드라이브\데이터셋\mixed\imgi_168_ziuBzZ9mpQuaeebSHBxicX.jpg,177.162650,0.690785,20.865641,5.704103,0.244533,0.361079,0.565705
mixed,imgi_169_0129-pebbles-and-icy-grass-texture-seamless.jpg,G:\내 드라이브\데이터셋\mixed\imgi_169_0129-pebbles-and-icy-grass-texture-seamless.jpg,39.836975,0.981015,46.402958,5.918787,0.794525,0.341615,0.834415
mixed,imgi_169_faeff5edf213e0e4a41c9fcc59bc199f5925cc6f.jpg,G:\내 드라이브\데이터셋\mixed\imgi_169_faeff5edf213e0e4a41c9fcc59bc199f5925cc6f.jpg,77.236565,0.929558,18.011782,4.964103,0.843110,0.378675,0.695772
mixed,imgi_170_low-work-water-mix-hero.jpg,G:\내 드라이브\데이터셋\mixed\imgi_170_low-work-water-mix-hero.jpg,158.567113,0.971739,38.830143,5.808107,0.000000,0.351060,0.585106
mixed,imgi_171_89846939-natural-pine-forest-ground-with-some-leaves-twigs-and-cones-forest-soil-texture-background.jpg,G:\내 드라이브\데이터셋\mixed\imgi_171_89846939-natural-pine-forest-ground-with-some-leaves-twigs-and-cones-forest-soil-texture-background.jpg,103.742640,0.943727,47.337337,5.870184,0.610631,0.344700,0.693657
mixed,imgi_171_free-photo-of-moss-covered-autumn-forest-rocks.jpg,G:\내 드라이브\데이터셋\mixed\imgi_171_free-photo-of-moss-covered-autumn-forest-rocks.jpg,188.137503,0.878447,20.783180,5.800660,0.162295,0.378032,0.556323
mixed,imgi_171_ground-texture-orange-leaves-with-green-grass.jpg,G:\내 드라이브\데이터셋\mixed\imgi_171_ground-texture-orange-leaves-with-green-grass.jpg,152.797492,0.775021,31.821455,5.768542,0.736188,0.351422,0.680010
mixed,imgi_175_3pLuh.jpg,G:\내 드라이브\데이터셋\mixed\imgi_175_3pLuh.jpg,56.599228,0.942880,29.344074,5.492139,0.256335,0.353991,0.722508
mixed,imgi_175_seamless-grassy-forest-ground-texture-hires-216014056.jpg,G:\내 드라이브\데이터셋\mixed\imgi_175_seamless-grassy-forest-ground-texture-hires-216014056.jpg,140.739419,0.888409,17.911098,4.659925,0.698164,0.407370,0.590787
mixed,imgi_176_full-frame-shot-tree-trunk_1599738-4384.jpg,G:\내 드라이브\데이터셋\mixed\imgi_176_full-frame-shot-tree-trunk_1599738-4384.jpg,92.035819,0.833662,39.215729,5.883432,0.618260,0.328120,0.714453
mixed,imgi_177_birch_with_groundcover_2.jpg,G:\내 드라이브\데이터셋\mixed\imgi_177_birch_with_groundcover_2.jpg,72.187985,0.588000,16.157381,5.443729,0.142039,0.374966,0.619355
mixed,imgi_177_closeup-of-mini-elephant-grass-spreading-across-bright-sunlit-soil-ground-photo.jpg,G:\내 드라이브\데이터셋\mixed\imgi_177_closeup-of-mini-elephant-grass-spreading-across-bright-sunlit-soil-ground-photo.jpg,163.203382,0.808047,20.766729,5.266136,0.703989,0.365320,0.620932
mixed,imgi_177_materials-of-the-world-256-forest-root-ground-render-01.jpg,G:\내 드라이브\데이터셋\mixed\imgi_177_materials-of-the-world-256-forest-root-ground-render-01.jpg,137.075744,0.961345,27.689127,5.421027,0.688264,0.366996,0.655967
mixed,imgi_177_Scheels-Outfitters_075_Spring25_2.jpg,G:\내 드라이브\데이터셋\mixed\imgi_177_Scheels-Outfitters_075_Spring25_2.jpg,165.173880,0.717844,16.840807,4.561489,0.547193,0.365242,0.558650
mixed,imgi_178_2011-06-11-09278.jpg,G:\내 드라이브\데이터셋\mixed\imgi_178_2011-06-11-09278.jpg,51.911118,0.695776,18.984484,5.789117,0.540590,0.349034,0.718999
mixed,imgi_178_33006681-green-grass-and-dry-leaves-on-ground-surface-texture-background.jpg,G:\내 드라이브\데이터셋\mixed\imgi_178_33006681-green-grass-and-dry-leaves-on-ground-surface-texture-background.jpg,145.013805,0.916764,29.999044,5.518684,0.785337,0.353766,0.678091
mixed,imgi_178_5b04b839263b95789ab45c6a13618a33c30daeae.jpg,G:\내 드라이브\데이터셋\mixed\imgi_178_5b04b839263b95789ab45c6a13618a33c30daeae.jpg,76.727851,0.921603,17.153610,4.887152,0.862760,0.384213,0.693225
mixed,imgi_178_mossy-rocks.jpg,G:\내 드라이브\데이터셋\mixed\imgi_178_mossy-rocks.jpg,49.442811,0.926461,29.092085,5.553508,0.387859,0.359533,0.752099
mixed,imgi_178_ole-groenbaek-screenshot005.jpg,G:\내 드라이브\데이터셋\mixed\imgi_178_ole-groenbaek-screenshot005.jpg,110.137064,0.956686,30.149128,5.403035,0.695105,0.344383,0.684208
mixed,imgi_178_original_3d4efe3c-11dc-4e9d-88a8-06a5f2684652_PXL_20211010_103744464.jpg,G:\내 드라이브\데이터셋\mixed\imgi_178_original_3d4efe3c-11dc-4e9d-88a8-06a5f2684652_PXL_20211010_103744464.jpg,66.687456,0.816276,23.025448,5.782902,0.000000,0.372899,0.642961
mixed,imgi_179_user_54_forest-floor-mushroom-clusters.webp,G:\내 드라이브\데이터셋\mixed\imgi_179_user_54_forest-floor-mushroom-clusters.webp,59.646455,0.667899,16.347284,5.255245,0.633917,0.367699,0.701630
mixed,imgi_180_N9Hedge2023Re.jpg,G:\내 드라이브\데이터셋\mixed\imgi_180_N9Hedge2023Re.jpg,109.889831,0.912405,30.784004,5.852077,0.000000,0.362730,0.599108
mixed,imgi_181_fabio-nuzzo-rockyterrain2-basecolor.jpg,G:\내 드라이브\데이터셋\mixed\imgi_181_fabio-nuzzo-rockyterrain2-basecolor.jpg,128.654698,0.866002,16.384577,5.235553,0.484188,0.381454,0.572411
mixed,imgi_182_forest-ground-pbr-pack-10-04.jpg,G:\내 드라이브\데이터셋\mixed\imgi_182_forest-ground-pbr-pack-10-04.jpg,50.201356,0.957971,28.821863,5.424943,0.830394,0.372065,0.808224
mixed,imgi_183_leaves_forest_ground.png,G:\내 드라이브\데이터셋\mixed\imgi_183_leaves_forest_ground.png,105.907228,0.896437,29.261272,5.415515,0.801340,0.360914,0.703265
mixed,imgi_184_Litterk_headerfigure-2hdzo11-768x1024.jpg,G:\내 드라이브\데이터셋\mixed\imgi_184_Litterk_headerfigure-2hdzo11-768x1024.jpg,149.553172,0.805847,19.318645,5.506351,0.000000,0.378153,0.528371
mixed,imgi_185_free-photo-of-sunlit-forest-with-mossy-rocks-in-autumn.jpg,G:\내 드라이브\데이터셋\mixed\imgi_185_free-photo-of-sunlit-forest-with-mossy-rocks-in-autumn.jpg,122.347890,0.674606,20.319296,5.067804,0.269047,0.327430,0.551893
mixed,imgi_187_forest-ground-pbr-pack-10-01.jpg,G:\내 드라이브\데이터셋\mixed\imgi_187_forest-ground-pbr-pack-10-01.jpg,48.000917,0.962737,29.152466,5.416367,0.866651,0.369788,0.818294
mixed,imgi_191_COLOURBOX7545135.jpg,G:\내 드라이브\데이터셋\mixed\imgi_191_COLOURBOX7545135.jpg,125.320303,0.980112,39.805130,5.730442,0.936747,0.354808,0.707258
mixed,imgi_191_Wet-and-damp-soils-scaled.webp,G:\내 드라이브\데이터셋\mixed\imgi_191_Wet-and-damp-soils-scaled.webp,114.709497,0.541024,14.220251,5.597299,0.000000,0.352249,0.511582
mixed,imgi_194_2023-07-04-07-49-36-1344x896.jpg,G:\내 드라이브\데이터셋\mixed\imgi_194_2023-07-04-07-49-36-1344x896.jpg,64.136224,0.863344,17.844063,4.939664,0.542138,0.398116,0.681006
mixed,imgi_197_P1010702.jpg,G:\내 드라이브\데이터셋\mixed\imgi_197_P1010702.jpg,114.818684,0.699788,16.185242,5.712566,0.000000,0.355703,0.520938
mixed,imgi_211_dry-soil-various-small-rocks-pebbles-featuring-mix-warm-brown-gray-tones-sparse-vegetation-includes-green-leaves-418037993.jpg,G:\내 드라이브\데이터셋\mixed\imgi_211_dry-soil-various-small-rocks-pebbles-featuring-mix-warm-brown-gray-tones-sparse-vegetation-includes-green-leaves-418037993.jpg,97.835855,0.929525,29.093393,5.558996,0.445426,0.345053,0.669420
mixed,imgi_225_Heathland-low-vegetation-ground-texture-PatternPictures-5941.jpg,G:\내 드라이브\데이터셋\mixed\imgi_225_Heathland-low-vegetation-ground-texture-PatternPictures-5941.jpg,71.315595,0.888005,25.283228,5.519489,0.595255,0.368757,0.722029
mixed,imgi_228_HGIC-native-Phlox-stolonifera-Sherwood-Purple-MT.jpg,G:\내 드라이브\데이터셋\mixed\imgi_228_HGIC-native-Phlox-stolonifera-Sherwood-Purple-MT.jpg,128.434446,0.908536,23.828634,5.526974,0.000000,0.377481,0.549445
mixed,imgi_235_cracked-glade-ground-with-moss-seamless-texture-dry-land-with-grass-background-ecology-terrain-backdrop-summer-desert-with-mossy-cracks-surface-hot-grunge-weather-climate-pattern-photo.jpg,G:\내 드라이브\데이터셋\mixed\imgi_235_cracked-glade-ground-with-moss-seamless-texture-dry-land-with-grass-background-ecology-terrain-backdrop-summer-desert-with-mossy-cracks-surface-hot-grunge-weather-climate-pattern-photo.jpg,128.983490,0.887176,14.101238,5.071846,0.363080,0.412584,0.543620
mixed,imgi_3207_pexels-photo-698489.jpg,G:\내 드라이브\데이터셋\mixed\imgi_3207_pexels-photo-698489.jpg,73.831056,0.523044,13.820802,4.627867,0.790475,0.352764,0.661728
mixed,imgi_3257_pexels-photo-34374437.jpg,G:\내 드라이브\데이터셋\mixed\imgi_3257_pexels-photo-34374437.jpg,83.533142,0.572191,9.561968,5.605605,0.000000,0.304066,0.542084
mixed,imgi_3269_pexels-photo-3136711.jpg,G:\내 드라이브\데이터셋\mixed\imgi_3269_pexels-photo-3136711.jpg,170.335673,0.465481,12.674317,5.207241,0.000000,0.331527,0.486138
mixed,imgi_3279_pexels-photo-28211324.jpg,G:\내 드라이브\데이터셋\mixed\imgi_3279_pexels-photo-28211324.jpg,64.517004,0.517758,11.389157,5.618728,0.469897,0.330993,0.649292
mixed,imgi_328_pexels-photo-5889254.jpg,G:\내 드라이브\데이터셋\mixed\imgi_328_pexels-photo-5889254.jpg,151.494046,0.912888,20.875923,5.412280,0.383148,0.384439,0.586109
mixed,imgi_3321_pexels-photo-29662824.jpg,G:\내 드라이브\데이터셋\mixed\imgi_3321_pexels-photo-29662824.jpg,120.806595,0.571053,14.299187,4.783445,0.246077,0.322446,0.510710
mixed,imgi_3328_pexels-photo-34578528.jpg,G:\내 드라이브\데이터셋\mixed\imgi_3328_pexels-photo-34578528.jpg,66.612901,0.552095,14.133368,5.656534,0.295523,0.321267,0.634671
mixed,imgi_3335_pexels-photo-30414779.jpg,G:\내 드라이브\데이터셋\mixed\imgi_3335_pexels-photo-30414779.jpg,42.118342,0.362395,9.420966,5.110999,0.000000,0.317896,0.609100
mixed,imgi_3342_pexels-photo-7404380.jpg,G:\내 드라이브\데이터셋\mixed\imgi_3342_pexels-photo-7404380.jpg,136.942481,0.857690,21.464962,5.729038,0.000000,0.382362,0.538853
mixed,imgi_3370_pexels-photo-13460188.jpg,G:\내 드라이브\데이터셋\mixed\imgi_3370_pexels-photo-13460188.jpg,149.520935,0.276621,6.269584,5.238107,0.366354,0.291900,0.500808
mixed,imgi_3373_pexels-photo-35604006.jpg,G:\내 드라이브\데이터셋\mixed\imgi_3373_pexels-photo-35604006.jpg,51.403587,0.890521,40.322376,5.949059,0.320337,0.341367,0.751541
mixed,imgi_3397_pexels-photo-36804516.jpg,G:\내 드라이브\데이터셋\mixed\imgi_3397_pexels-photo-36804516.jpg,80.233017,0.867951,24.166790,5.279191,0.372786,0.349875,0.665611
mixed,imgi_3408_pexels-photo-12891201.jpg,G:\내 드라이브\데이터셋\mixed\imgi_3408_pexels-photo-12891201.jpg,95.556216,0.322303,10.426493,4.379560,0.269605,0.264436,0.521165
mixed,imgi_3429_pexels-photo-34585065.jpg,G:\내 드라이브\데이터셋\mixed\imgi_3429_pexels-photo-34585065.jpg,78.685006,0.828866,24.708147,5.639497,0.022320,0.342031,0.628668
mixed,imgi_3451_pexels-photo-1440652.jpg,G:\내 드라이브\데이터셋\mixed\imgi_3451_pexels-photo-1440652.jpg,76.365974,0.465231,10.927517,4.544400,0.322239,0.325031,0.577093
mixed,imgi_3454_pexels-photo-15258009.jpg,G:\내 드라이브\데이터셋\mixed\imgi_3454_pexels-photo-15258009.jpg,139.635571,0.218120,6.338608,4.868365,0.417389,0.274894,0.491861
mixed,imgi_3476_pexels-photo-12218729.jpg,G:\내 드라이브\데이터셋\mixed\imgi_3476_pexels-photo-12218729.jpg,95.771728,0.769439,12.323291,4.774846,0.643790,0.387133,0.603751
mixed,imgi_3478_pexels-photo-5400305.jpg,G:\내 드라이브\데이터셋\mixed\imgi_3478_pexels-photo-5400305.jpg,156.456140,0.473917,13.096017,4.863190,0.000000,0.341860,0.477680
mixed,imgi_3479_pexels-photo-14578084.jpg,G:\내 드라이브\데이터셋\mixed\imgi_3479_pexels-photo-14578084.jpg,119.633285,0.460236,7.131419,5.016614,0.124326,0.314225,0.468906
mixed,imgi_3485_pexels-photo-32390058.jpg,G:\내 드라이브\데이터셋\mixed\imgi_3485_pexels-photo-32390058.jpg,197.110615,0.418992,7.265084,5.167729,0.033738,0.295983,0.460297
mixed,imgi_3491_pexels-photo-12731353.jpg,G:\내 드라이브\데이터셋\mixed\imgi_3491_pexels-photo-12731353.jpg,82.707904,0.222670,5.966357,5.258910,0.429412,0.289015,0.576358
mixed,imgi_3495_pexels-photo-31528915.jpg,G:\내 드라이브\데이터셋\mixed\imgi_3495_pexels-photo-31528915.jpg,108.226840,0.185211,5.108374,5.321858,0.562084,0.287960,0.510003
mixed,imgi_3505_pexels-photo-34657691.jpg,G:\내 드라이브\데이터셋\mixed\imgi_3505_pexels-photo-34657691.jpg,162.437222,0.540495,9.612980,5.416406,0.396987,0.325844,0.529254
mixed,imgi_3507_pexels-photo-28458013.jpg,G:\내 드라이브\데이터셋\mixed\imgi_3507_pexels-photo-28458013.jpg,109.252586,0.453752,7.825784,5.146502,0.134215,0.349814,0.500366
mixed,imgi_3509_pexels-photo-518407.jpg,G:\내 드라이브\데이터셋\mixed\imgi_3509_pexels-photo-518407.jpg,114.880010,0.767145,28.549170,5.289038,0.285922,0.356461,0.612328
mixed,imgi_3517_pexels-photo-17053272.png,G:\내 드라이브\데이터셋\mixed\imgi_3517_pexels-photo-17053272.png,104.286320,0.305677,7.177331,5.493831,0.000000,0.284286,0.490881
mixed,imgi_3519_pexels-photo-35914400.jpg,G:\내 드라이브\데이터셋\mixed\imgi_3519_pexels-photo-35914400.jpg,79.024388,0.523116,12.889920,4.957825,0.418036,0.326242,0.607773
mixed,imgi_3537_pexels-photo-18010617.jpg,G:\내 드라이브\데이터셋\mixed\imgi_3537_pexels-photo-18010617.jpg,132.754181,0.197013,5.456357,4.251464,0.511478,0.295146,0.460312
mixed,imgi_3538_pexels-photo-14558957.jpg,G:\내 드라이브\데이터셋\mixed\imgi_3538_pexels-photo-14558957.jpg,159.747450,0.649486,19.275936,5.530590,0.020839,0.354489,0.528514
mixed,imgi_3538_pexels-photo-35559525.jpg,G:\내 드라이브\데이터셋\mixed\imgi_3538_pexels-photo-35559525.jpg,84.658324,0.782408,14.713063,5.495389,0.000000,0.410077,0.574768
mixed,imgi_3541_pexels-photo-8613642.jpg,G:\내 드라이브\데이터셋\mixed\imgi_3541_pexels-photo-8613642.jpg,85.649252,0.517973,11.921624,5.467445,0.000000,0.301090,0.548968
mixed,imgi_3545_pexels-photo-34065239.jpg,G:\내 드라이브\데이터셋\mixed\imgi_3545_pexels-photo-34065239.jpg,166.054432,0.835153,27.431190,5.073367,0.024795,0.342988,0.555218
mixed,imgi_3546_pexels-photo-14904751.jpg,G:\내 드라이브\데이터셋\mixed\imgi_3546_pexels-photo-14904751.jpg,170.890409,0.570265,14.205048,5.424533,0.000220,0.342351,0.500850
mixed,imgi_3554_pexels-photo-29459678.jpg,G:\내 드라이브\데이터셋\mixed\imgi_3554_pexels-photo-29459678.jpg,133.813539,0.715464,18.753088,5.668282,0.156525,0.358600,0.544113
mixed,imgi_3555_pexels-photo-35594680.png,G:\내 드라이브\데이터셋\mixed\imgi_3555_pexels-photo-35594680.png,105.362180,0.803889,11.747451,5.469625,0.411601,0.422818,0.577692
mixed,imgi_3559_pexels-photo-34685123.jpg,G:\내 드라이브\데이터셋\mixed\imgi_3559_pexels-photo-34685123.jpg,78.451353,0.824449,19.388634,5.452308,0.337324,0.399734,0.650882
mixed,imgi_3561_pexels-photo-5909437.jpg,G:\내 드라이브\데이터셋\mixed\imgi_3561_pexels-photo-5909437.jpg,66.756799,0.586752,13.990710,4.971697,0.321719,0.347800,0.625521
mixed,imgi_3563_pexels-photo-36536051.jpg,G:\내 드라이브\데이터셋\mixed\imgi_3563_pexels-photo-36536051.jpg,189.803646,0.783575,21.977884,5.600928,0.185761,0.355628,0.562733
mixed,imgi_3569_pexels-photo-20360886.jpg,G:\내 드라이브\데이터셋\mixed\imgi_3569_pexels-photo-20360886.jpg,165.537420,0.602959,12.161611,5.037269,0.000000,0.378777,0.482794
mixed,imgi_3578_pexels-photo-33627974.jpg,G:\내 드라이브\데이터셋\mixed\imgi_3578_pexels-photo-33627974.jpg,93.629618,0.874916,25.603880,5.821597,0.184432,0.370976,0.629438
mixed,imgi_3580_pexels-photo-14220702.jpg,G:\내 드라이브\데이터셋\mixed\imgi_3580_pexels-photo-14220702.jpg,83.305537,0.638152,15.354245,5.168787,0.195093,0.344914,0.591393
mixed,imgi_3581_pexels-photo-35231482.jpg,G:\내 드라이브\데이터셋\mixed\imgi_3581_pexels-photo-35231482.jpg,59.485703,0.735368,15.136234,5.406222,0.283816,0.387400,0.657530
mixed,imgi_3597_pexels-photo-33862323.png,G:\내 드라이브\데이터셋\mixed\imgi_3597_pexels-photo-33862323.png,114.406845,0.189404,5.216895,4.637227,0.319517,0.228544,0.443078
mixed,imgi_3599_pexels-photo-10037916.jpg,G:\내 드라이브\데이터셋\mixed\imgi_3599_pexels-photo-10037916.jpg,112.934289,0.900773,29.629629,5.750914,0.000000,0.369077,0.588750
mixed,imgi_3605_pexels-photo-36579448.jpg,G:\내 드라이브\데이터셋\mixed\imgi_3605_pexels-photo-36579448.jpg,144.227937,0.652122,25.549440,4.973144,0.319927,0.341485,0.581274
mixed,imgi_3606_pexels-photo-30751392.jpg,G:\내 드라이브\데이터셋\mixed\imgi_3606_pexels-photo-30751392.jpg,163.126566,0.360017,6.696628,4.767946,0.486718,0.358922,0.509488
mixed,imgi_3611_pexels-photo-14094389.jpg,G:\내 드라이브\데이터셋\mixed\imgi_3611_pexels-photo-14094389.jpg,217.728634,0.818993,31.527826,5.801607,0.331416,0.343769,0.625248
mixed,imgi_3613_pexels-photo-31725658.jpg,G:\내 드라이브\데이터셋\mixed\imgi_3613_pexels-photo-31725658.jpg,170.958311,0.828069,22.097334,5.675925,0.187836,0.380875,0.566087
mixed,imgi_3616_pexels-photo-5579984.jpg,G:\내 드라이브\데이터셋\mixed\imgi_3616_pexels-photo-5579984.jpg,69.068083,0.664704,16.430233,5.439914,0.409550,0.373275,0.660961
mixed,imgi_3619_pexels-photo-29744719.jpg,G:\내 드라이브\데이터셋\mixed\imgi_3619_pexels-photo-29744719.jpg,119.486588,0.745160,22.536505,5.781599,0.164944,0.381361,0.566160
mixed,imgi_3622_pexels-photo-10994660.jpg,G:\내 드라이브\데이터셋\mixed\imgi_3622_pexels-photo-10994660.jpg,70.282987,0.696261,20.384497,5.368057,0.000000,0.337653,0.619401
mixed,imgi_3623_pexels-photo-9292876.jpg,G:\내 드라이브\데이터셋\mixed\imgi_3623_pexels-photo-9292876.jpg,132.841522,0.934149,22.041456,5.381582,0.257699,0.393379,0.575544
mixed,imgi_3627_pexels-photo-29181378.jpg,G:\내 드라이브\데이터셋\mixed\imgi_3627_pexels-photo-29181378.jpg,50.464442,0.597159,12.340937,5.511926,0.057760,0.349287,0.627767
mixed,imgi_3628_pexels-photo-9947655.jpg,G:\내 드라이브\데이터셋\mixed\imgi_3628_pexels-photo-9947655.jpg,198.182054,0.367636,6.585833,5.228766,0.081325,0.294586,0.465194
mixed,imgi_3631_pexels-photo-28961234.jpg,G:\내 드라이브\데이터셋\mixed\imgi_3631_pexels-photo-28961234.jpg,114.169488,0.534626,5.576622,5.228915,0.000000,0.333034,0.464430
mixed,imgi_3633_pexels-photo-14030959.jpg,G:\내 드라이브\데이터셋\mixed\imgi_3633_pexels-photo-14030959.jpg,58.152908,0.411954,8.485163,4.913211,0.279803,0.347642,0.608073
mixed,imgi_3635_pexels-photo-37554223.jpg,G:\내 드라이브\데이터셋\mixed\imgi_3635_pexels-photo-37554223.jpg,113.674509,0.865344,22.053715,5.663152,0.000000,0.413276,0.556301
mixed,imgi_3637_pexels-photo-10037913.jpg,G:\내 드라이브\데이터셋\mixed\imgi_3637_pexels-photo-10037913.jpg,77.920756,0.293168,6.896115,5.648796,0.170141,0.281854,0.559775
mixed,imgi_3641_pexels-photo-13840544.png,G:\내 드라이브\데이터셋\mixed\imgi_3641_pexels-photo-13840544.png,85.617796,0.175013,6.258084,5.260813,0.249817,0.257632,0.500981
mixed,imgi_3643_pexels-photo-28971245.jpg,G:\내 드라이브\데이터셋\mixed\imgi_3643_pexels-photo-28971245.jpg,51.258969,0.677176,13.014742,5.525915,0.082035,0.380244,0.635721
mixed,imgi_3648_pexels-photo-29480626.jpg,G:\내 드라이브\데이터셋\mixed\imgi_3648_pexels-photo-29480626.jpg,101.767560,0.434058,10.027811,5.245726,0.000000,0.346122,0.509901
mixed,imgi_364_pexels-photo-31236719.jpg,G:\내 드라이브\데이터셋\mixed\imgi_364_pexels-photo-31236719.jpg,140.662969,0.953741,31.985319,5.587111,0.564843,0.360567,0.659417
mixed,imgi_3651_pexels-photo-34351090.jpg,G:\내 드라이브\데이터셋\mixed\imgi_3651_pexels-photo-34351090.jpg,170.703655,0.912755,28.607279,5.714873,0.000000,0.362712,0.570368
mixed,imgi_3655_pexels-photo-28352716.jpg,G:\내 드라이브\데이터셋\mixed\imgi_3655_pexels-photo-28352716.jpg,140.666050,0.609892,11.989499,4.945855,0.539745,0.358067,0.547036
mixed,imgi_3659_pexels-photo-19711317.jpg,G:\내 드라이브\데이터셋\mixed\imgi_3659_pexels-photo-19711317.jpg,74.549431,0.672405,13.140194,4.817634,0.017029,0.345886,0.562311
mixed,imgi_3662_pexels-photo-16616224.png,G:\내 드라이브\데이터셋\mixed\imgi_3662_pexels-photo-16616224.png,130.593088,0.209046,5.664443,4.910173,0.175352,0.299293,0.451995
mixed,imgi_3663_pexels-photo-16616224.png,G:\내 드라이브\데이터셋\mixed\imgi_3663_pexels-photo-16616224.png,130.593171,0.209046,5.664444,4.910173,0.175349,0.299289,0.451995
mixed,imgi_3663_pexels-photo-34096135.jpg,G:\내 드라이브\데이터셋\mixed\imgi_3663_pexels-photo-34096135.jpg,119.238645,0.547582,15.425311,5.592664,0.000000,0.341352,0.507837
mixed,imgi_3667_pexels-photo-36520382.jpg,G:\내 드라이브\데이터셋\mixed\imgi_3667_pexels-photo-36520382.jpg,145.012671,0.459591,12.134412,5.237847,0.480706,0.303126,0.544279
mixed,imgi_3670_pexels-photo-14372540.jpg,G:\내 드라이브\데이터셋\mixed\imgi_3670_pexels-photo-14372540.jpg,98.871978,0.552433,17.977346,5.033141,0.006693,0.297596,0.541405
mixed,imgi_3671_pexels-photo-12814564.jpg,G:\내 드라이브\데이터셋\mixed\imgi_3671_pexels-photo-12814564.jpg,66.417278,0.659335,18.289064,4.975902,0.255164,0.350122,0.638012
mixed,imgi_3673_pexels-photo-9568879.jpg,G:\내 드라이브\데이터셋\mixed\imgi_3673_pexels-photo-9568879.jpg,140.502603,0.426368,14.497361,4.919059,0.457973,0.280453,0.539507
mixed,imgi_3675_pexels-photo-32344564.jpg,G:\내 드라이브\데이터셋\mixed\imgi_3675_pexels-photo-32344564.jpg,74.765470,0.689468,14.177716,5.738194,0.006134,0.367448,0.586930
mixed,imgi_3675_pexels-photo-37528228.jpg,G:\내 드라이브\데이터셋\mixed\imgi_3675_pexels-photo-37528228.jpg,59.572498,0.874089,23.697168,5.576123,0.358582,0.374880,0.705968
mixed,imgi_3677_pexels-photo-12554496.jpg,G:\내 드라이브\데이터셋\mixed\imgi_3677_pexels-photo-12554496.jpg,150.144261,0.477745,13.407848,4.909297,0.000000,0.312465,0.477739
mixed,imgi_3677_pexels-photo-32444982.jpg,G:\내 드라이브\데이터셋\mixed\imgi_3677_pexels-photo-32444982.jpg,54.610277,0.801571,11.784616,5.744191,0.164590,0.402353,0.636754
mixed,imgi_3681_pexels-photo-37553224.jpg,G:\내 드라이브\데이터셋\mixed\imgi_3681_pexels-photo-37553224.jpg,80.916020,0.650981,16.751040,5.066430,0.360111,0.372573,0.623127
mixed,imgi_3687_pexels-photo-37324171.png,G:\내 드라이브\데이터셋\mixed\imgi_3687_pexels-photo-37324171.png,157.394349,0.835404,19.981327,5.146931,0.276311,0.384747,0.559622
mixed,imgi_3687_pexels-photo-5621136.jpg,G:\내 드라이브\데이터셋\mixed\imgi_3687_pexels-photo-5621136.jpg,91.161594,0.343776,7.750836,5.678617,0.000000,0.343353,0.523538
mixed,imgi_3689_pexels-photo-34236833.jpg,G:\내 드라이브\데이터셋\mixed\imgi_3689_pexels-photo-34236833.jpg,110.923856,0.851045,19.084347,5.837731,0.153079,0.394324,0.565430
mixed,imgi_3695_pexels-photo-37554213.jpg,G:\내 드라이브\데이터셋\mixed\imgi_3695_pexels-photo-37554213.jpg,109.676808,0.840664,19.243134,5.770347,0.000000,0.418949,0.551023
mixed,imgi_3697_pexels-photo-18666617.jpg,G:\내 드라이브\데이터셋\mixed\imgi_3697_pexels-photo-18666617.jpg,34.388511,0.156908,4.700911,4.742234,0.000000,0.316776,0.525650
mixed,imgi_3703_pexels-photo-8258145.jpg,G:\내 드라이브\데이터셋\mixed\imgi_3703_pexels-photo-8258145.jpg,131.438921,0.262412,8.507908,4.957451,0.000000,0.287712,0.453900
mixed,imgi_3704_pexels-photo-4051231.jpg,G:\내 드라이브\데이터셋\mixed\imgi_3704_pexels-photo-4051231.jpg,104.347682,0.710079,19.732141,5.607214,0.000000,0.292944,0.550485
mixed,imgi_3706_pexels-photo-33863307.jpg,G:\내 드라이브\데이터셋\mixed\imgi_3706_pexels-photo-33863307.jpg,79.012822,0.685379,16.617527,5.583574,0.458987,0.361683,0.648874
mixed,imgi_3711_pexels-photo-36185691.jpg,G:\내 드라이브\데이터셋\mixed\imgi_3711_pexels-photo-36185691.jpg,119.218282,0.508424,11.580271,5.669541,0.000000,0.324607,0.488176
mixed,imgi_3714_pexels-photo-37443537.jpg,G:\내 드라이브\데이터셋\mixed\imgi_3714_pexels-photo-37443537.jpg,105.491332,0.595587,16.289007,5.393508,0.503082,0.321600,0.600298
mixed,imgi_3715_pexels-photo-19108681.jpg,G:\내 드라이브\데이터셋\mixed\imgi_3715_pexels-photo-19108681.jpg,131.408980,0.382617,7.325582,4.466983,0.501481,0.344277,0.502858
mixed,imgi_3715_pexels-photo-33505148.jpg,G:\내 드라이브\데이터셋\mixed\imgi_3715_pexels-photo-33505148.jpg,64.185527,0.678529,22.195513,5.827157,0.000000,0.331686,0.639537
mixed,imgi_3716_pexels-photo-20954776.jpg,G:\내 드라이브\데이터셋\mixed\imgi_3716_pexels-photo-20954776.jpg,103.294131,0.253969,6.342879,5.044127,0.316982,0.326588,0.522364
mixed,imgi_3716_pexels-photo-33654287.jpg,G:\내 드라이브\데이터셋\mixed\imgi_3716_pexels-photo-33654287.jpg,90.755422,0.553892,16.837976,5.542545,0.000000,0.320779,0.564621
mixed,imgi_3718_pexels-photo-9888983.jpg,G:\내 드라이브\데이터셋\mixed\imgi_3718_pexels-photo-9888983.jpg,142.990474,0.582670,14.157306,4.338189,0.412891,0.321196,0.516764
mixed,imgi_3722_pexels-photo-11618155.jpg,G:\내 드라이브\데이터셋\mixed\imgi_3722_pexels-photo-11618155.jpg,152.596979,0.795931,25.487871,5.689913,0.094048,0.351835,0.566884
mixed,imgi_3730_pexels-photo-33690978.jpg,G:\내 드라이브\데이터셋\mixed\imgi_3730_pexels-photo-33690978.jpg,145.909180,0.611988,19.450035,5.372419,0.000000,0.319053,0.522158
mixed,imgi_3733_pexels-photo-36174801.jpg,G:\내 드라이브\데이터셋\mixed\imgi_3733_pexels-photo-36174801.jpg,106.012420,0.681305,14.050828,5.550921,0.000000,0.371226,0.528630
mixed,imgi_3735_pexels-photo-28353509.jpg,G:\내 드라이브\데이터셋\mixed\imgi_3735_pexels-photo-28353509.jpg,171.079875,0.728265,14.433777,5.371407,0.596070,0.385908,0.582785
mixed,imgi_3740_pexels-photo-12195374.jpg,G:\내 드라이브\데이터셋\mixed\imgi_3740_pexels-photo-12195374.jpg,67.748024,0.639153,14.900640,5.257915,0.509994,0.355288,0.662734
mixed,imgi_3741_pexels-photo-167695.jpg,G:\내 드라이브\데이터셋\mixed\imgi_3741_pexels-photo-167695.jpg,33.788700,0.177380,4.835865,3.619843,0.474542,0.305184,0.570973
mixed,imgi_3753_pexels-photo-18434150.jpg,G:\내 드라이브\데이터셋\mixed\imgi_3753_pexels-photo-18434150.jpg,147.941610,0.564953,16.465208,5.788078,0.000000,0.324494,0.509630
mixed,imgi_3753_pexels-photo-35802555.jpg,G:\내 드라이브\데이터셋\mixed\imgi_3753_pexels-photo-35802555.jpg,121.875044,0.672149,19.904722,5.067899,0.269659,0.328309,0.550120
mixed,imgi_3754_pexels-photo-29590874.jpg,G:\내 드라이브\데이터셋\mixed\imgi_3754_pexels-photo-29590874.jpg,164.864925,0.769248,16.038002,5.176528,0.000000,0.397009,0.507430
mixed,imgi_3759_pexels-photo-34934671.jpg,G:\내 드라이브\데이터셋\mixed\imgi_3759_pexels-photo-34934671.jpg,87.324413,0.820776,17.602747,5.358183,0.004802,0.400405,0.581689
mixed,imgi_3761_pexels-photo-35526243.jpg,G:\내 드라이브\데이터셋\mixed\imgi_3761_pexels-photo-35526243.jpg,93.731402,0.533153,10.932671,5.677810,0.000000,0.321567,0.531563
mixed,imgi_3764_pexels-photo-25913310.jpg,G:\내 드라이브\데이터셋\mixed\imgi_3764_pexels-photo-25913310.jpg,107.467415,0.842695,27.704363,5.716506,0.000000,0.359483,0.588789
mixed,imgi_3765_pexels-photo-25913310.jpg,G:\내 드라이브\데이터셋\mixed\imgi_3765_pexels-photo-25913310.jpg,107.467508,0.842695,27.704363,5.716506,0.000000,0.359477,0.588788
mixed,imgi_3770_pexels-photo-20585799.jpg,G:\내 드라이브\데이터셋\mixed\imgi_3770_pexels-photo-20585799.jpg,129.798853,0.570089,10.400317,5.530129,0.000000,0.327864,0.481538
mixed,imgi_3778_pexels-photo-15774133.jpg,G:\내 드라이브\데이터셋\mixed\imgi_3778_pexels-photo-15774133.jpg,129.943337,0.359152,6.507356,5.535571,0.229320,0.328566,0.493171
mixed,imgi_3778_pexels-photo-33863290.jpg,G:\내 드라이브\데이터셋\mixed\imgi_3778_pexels-photo-33863290.jpg,129.383404,0.576488,13.694247,5.826351,0.000000,0.345552,0.498747
mixed,imgi_3780_pexels-photo-15559572.png,G:\내 드라이브\데이터셋\mixed\imgi_3780_pexels-photo-15559572.png,96.492062,0.336726,7.447094,5.023327,0.080579,0.302835,0.506209
mixed,imgi_3787_pexels-photo-19024933.jpg,G:\내 드라이브\데이터셋\mixed\imgi_3787_pexels-photo-19024933.jpg,118.527731,0.223326,6.703122,5.734394,0.020802,0.280500,0.464874
mixed,imgi_3795_pexels-photo-14966256.jpg,G:\내 드라이브\데이터셋\mixed\imgi_3795_pexels-photo-14966256.jpg,121.141810,0.553061,13.504596,5.757769,0.000000,0.294577,0.492760
mixed,imgi_3795_pexels-photo-19784925.jpg,G:\내 드라이브\데이터셋\mixed\imgi_3795_pexels-photo-19784925.jpg,82.774684,0.301989,5.286520,5.788277,0.000000,0.310823,0.524109
mixed,imgi_3796_pexels-photo-29239851.jpg,G:\내 드라이브\데이터셋\mixed\imgi_3796_pexels-photo-29239851.jpg,106.429667,0.750988,30.946199,5.563302,0.335310,0.354192,0.648949
mixed,imgi_3798_pexels-photo-13444277.jpg,G:\내 드라이브\데이터셋\mixed\imgi_3798_pexels-photo-13444277.jpg,129.703507,0.873317,19.304691,5.643980,0.000000,0.415440,0.532035
mixed,imgi_3808_pexels-photo-30706417.jpg,G:\내 드라이브\데이터셋\mixed\imgi_3808_pexels-photo-30706417.jpg,69.124587,0.673332,13.890745,5.305837,0.000000,0.380503,0.593296
mixed,imgi_3809_pexels-photo-33362979.jpg,G:\내 드라이브\데이터셋\mixed\imgi_3809_pexels-photo-33362979.jpg,97.153985,0.424137,7.259195,5.534975,0.000000,0.352620,0.511174
mixed,imgi_3813_pexels-photo-17484618.jpg,G:\내 드라이브\데이터셋\mixed\imgi_3813_pexels-photo-17484618.jpg,137.099123,0.625719,17.858540,5.428732,0.216557,0.291451,0.541009
mixed,imgi_3813_pexels-photo-35072548.jpg,G:\내 드라이브\데이터셋\mixed\imgi_3813_pexels-photo-35072548.jpg,147.047633,0.596643,16.368080,5.324926,0.000000,0.337583,0.507981
mixed,imgi_3814_pexels-photo-32282111.jpg,G:\내 드라이브\데이터셋\mixed\imgi_3814_pexels-photo-32282111.jpg,226.024355,0.599188,13.417520,5.382469,0.553739,0.357637,0.570060
mixed,imgi_3816_pexels-photo-34685488.jpg,G:\내 드라이브\데이터셋\mixed\imgi_3816_pexels-photo-34685488.jpg,107.800816,0.792500,32.487331,5.837303,0.000000,0.370246,0.609390
mixed,imgi_3820_pexels-photo-7216089.jpg,G:\내 드라이브\데이터셋\mixed\imgi_3820_pexels-photo-7216089.jpg,57.486997,0.311722,5.571997,5.462241,0.000000,0.351749,0.575901
mixed,imgi_3821_pexels-photo-33949461.jpg,G:\내 드라이브\데이터셋\mixed\imgi_3821_pexels-photo-33949461.jpg,55.267763,0.630314,12.921049,5.459858,0.188038,0.363245,0.640013
mixed,imgi_3825_pexels-photo-34144052.jpg,G:\내 드라이브\데이터셋\mixed\imgi_3825_pexels-photo-34144052.jpg,140.256406,0.601793,8.430076,5.462916,0.269468,0.339013,0.508448
mixed,imgi_3827_pexels-photo-29326685.jpg,G:\내 드라이브\데이터셋\mixed\imgi_3827_pexels-photo-29326685.jpg,124.940473,0.545160,15.189236,5.663492,0.000000,0.314995,0.502699
mixed,imgi_3827_pexels-photo-34753174.jpg,G:\내 드라이브\데이터셋\mixed\imgi_3827_pexels-photo-34753174.jpg,165.310617,0.758478,20.265059,5.700807,0.000000,0.370199,0.532012
mixed,imgi_3828_pexels-photo-793096.jpg,G:\내 드라이브\데이터셋\mixed\imgi_3828_pexels-photo-793096.jpg,73.664478,0.494403,10.713829,5.569614,0.000000,0.353184,0.570488
mixed,imgi_382_pexels-photo-28318853.jpg,G:\내 드라이브\데이터셋\mixed\imgi_382_pexels-photo-28318853.jpg,171.039721,0.933010,25.193512,5.396529,0.537709,0.378333,0.625714
mixed,imgi_3837_pexels-photo-8258143.jpg,G:\내 드라이브\데이터셋\mixed\imgi_3837_pexels-photo-8258143.jpg,111.419635,0.443819,13.872799,5.430653,0.477789,0.350389,0.577911
mixed,imgi_3838_pexels-photo-19499690.png,G:\내 드라이브\데이터셋\mixed\imgi_3838_pexels-photo-19499690.png,125.327779,0.448421,8.552304,5.304968,0.000000,0.333539,0.470275
mixed,imgi_3838_pexels-photo-29622484.jpg,G:\내 드라이브\데이터셋\mixed\imgi_3838_pexels-photo-29622484.jpg,128.085993,0.723721,29.436291,5.833230,0.000000,0.305861,0.568569
mixed,imgi_3843_pexels-photo-7506646.jpg,G:\내 드라이브\데이터셋\mixed\imgi_3843_pexels-photo-7506646.jpg,130.861974,0.695645,18.078581,5.462676,0.502713,0.357786,0.585875
mixed,imgi_3844_pexels-photo-34193053.jpg,G:\내 드라이브\데이터셋\mixed\imgi_3844_pexels-photo-34193053.jpg,161.342800,0.424689,8.225150,5.711142,0.000000,0.287859,0.467341
mixed,imgi_3846_pexels-photo-34361856.jpg,G:\내 드라이브\데이터셋\mixed\imgi_3846_pexels-photo-34361856.jpg,162.399490,0.284899,6.725559,5.605906,0.000000,0.299957,0.461522
mixed,imgi_3848_pexels-photo-11982288.jpg,G:\내 드라이브\데이터셋\mixed\imgi_3848_pexels-photo-11982288.jpg,219.782371,0.704593,17.023918,5.229326,0.517587,0.384839,0.579881
mixed,imgi_3849_pexels-photo-27139438.jpg,G:\내 드라이브\데이터셋\mixed\imgi_3849_pexels-photo-27139438.jpg,109.373024,0.626836,15.462487,5.776423,0.000000,0.345880,0.526551
mixed,imgi_3850_pexels-photo-19429326.jpg,G:\내 드라이브\데이터셋\mixed\imgi_3850_pexels-photo-19429326.jpg,83.778425,0.656704,14.633587,5.670319,0.383369,0.352558,0.620095
mixed,imgi_3853_pexels-photo-13460180.jpg,G:\내 드라이브\데이터셋\mixed\imgi_3853_pexels-photo-13460180.jpg,155.299986,0.589005,14.390669,5.375275,0.198164,0.304358,0.522829
mixed,imgi_3855_pexels-photo-19969344.jpg,G:\내 드라이브\데이터셋\mixed\imgi_3855_pexels-photo-19969344.jpg,109.668289,0.815728,19.468098,5.594069,0.165301,0.375074,0.569195
mixed,imgi_3855_pexels-photo-33606011.jpg,G:\내 드라이브\데이터셋\mixed\imgi_3855_pexels-photo-33606011.jpg,134.340795,0.689076,15.941370,5.363105,0.486736,0.380708,0.574842
mixed,imgi_3857_pexels-photo-11275439.jpg,G:\내 드라이브\데이터셋\mixed\imgi_3857_pexels-photo-11275439.jpg,162.396761,0.322868,10.623509,5.446860,0.573146,0.261837,0.550490
mixed,imgi_3857_pexels-photo-37101381.jpg,G:\내 드라이브\데이터셋\mixed\imgi_3857_pexels-photo-37101381.jpg,96.692087,0.752139,20.008219,5.690947,0.000000,0.362174,0.572737
mixed,imgi_3860_pexels-photo-14543415.jpg,G:\내 드라이브\데이터셋\mixed\imgi_3860_pexels-photo-14543415.jpg,105.810539,0.461032,10.437514,5.487703,0.000000,0.302113,0.505151
mixed,imgi_3860_pexels-photo-34198495.jpg,G:\내 드라이브\데이터셋\mixed\imgi_3860_pexels-photo-34198495.jpg,129.786429,0.834032,22.503143,5.652898,0.342800,0.394045,0.589452
mixed,imgi_3862_pexels-photo-11843314.jpg,G:\내 드라이브\데이터셋\mixed\imgi_3862_pexels-photo-11843314.jpg,129.528199,0.820939,16.680273,5.761756,0.000000,0.384523,0.516641
mixed,imgi_3862_pexels-photo-9292876.jpg,G:\내 드라이브\데이터셋\mixed\imgi_3862_pexels-photo-9292876.jpg,132.841530,0.934149,22.041449,5.381582,0.257699,0.393379,0.575544
mixed,imgi_3865_pexels-photo-34154011.jpg,G:\내 드라이브\데이터셋\mixed\imgi_3865_pexels-photo-34154011.jpg,61.767334,0.825063,17.124874,5.513911,0.131525,0.415049,0.645636
mixed,imgi_3867_pexels-photo-11618154.jpg,G:\내 드라이브\데이터셋\mixed\imgi_3867_pexels-photo-11618154.jpg,152.700932,0.721525,23.295792,5.633429,0.341557,0.358020,0.589403
mixed,imgi_3867_pexels-photo-29218372.jpg,G:\내 드라이브\데이터셋\mixed\imgi_3867_pexels-photo-29218372.jpg,108.966887,0.414718,11.200127,4.918347,0.308412,0.325255,0.529292
mixed,imgi_3868_pexels-photo-35004937.jpg,G:\내 드라이브\데이터셋\mixed\imgi_3868_pexels-photo-35004937.jpg,141.259948,0.742645,15.069280,5.733044,0.000000,0.384603,0.509098
mixed,imgi_3869_pexels-photo-5784701.jpg,G:\내 드라이브\데이터셋\mixed\imgi_3869_pexels-photo-5784701.jpg,154.285818,0.801078,19.060007,5.676811,0.000000,0.381738,0.527518
mixed,imgi_3875_pexels-photo-20847944.jpg,G:\내 드라이브\데이터셋\mixed\imgi_3875_pexels-photo-20847944.jpg,173.137377,0.825067,17.714975,5.222273,0.489477,0.370334,0.577780
mixed,imgi_3877_pexels-photo-27413521.jpg,G:\내 드라이브\데이터셋\mixed\imgi_3877_pexels-photo-27413521.jpg,156.430700,0.807888,23.453873,5.710159,0.000000,0.372062,0.547146
mixed,imgi_3877_pexels-photo-935489.jpg,G:\내 드라이브\데이터셋\mixed\imgi_3877_pexels-photo-935489.jpg,132.324317,0.366047,8.698835,5.329189,0.000000,0.267403,0.465156
mixed,imgi_3879_pexels-photo-8191789.jpg,G:\내 드라이브\데이터셋\mixed\imgi_3879_pexels-photo-8191789.jpg,140.277295,0.076887,2.728233,4.911217,0.431975,0.311276,0.340668
mixed,imgi_3880_pexels-photo-31691209.jpg,G:\내 드라이브\데이터셋\mixed\imgi_3880_pexels-photo-31691209.jpg,136.465410,0.760607,24.314775,5.279133,0.382059,0.348196,0.594434
mixed,imgi_3883_pexels-photo-5720863.jpg,G:\내 드라이브\데이터셋\mixed\imgi_3883_pexels-photo-5720863.jpg,121.350046,0.585041,14.353988,5.366202,0.245954,0.332860,0.531418
mixed,imgi_3886_pexels-photo-27413516.jpg,G:\내 드라이브\데이터셋\mixed\imgi_3886_pexels-photo-27413516.jpg,105.364291,0.610718,16.562717,5.648588,0.000000,0.329227,0.537393
mixed,imgi_3888_pexels-photo-9244798.jpg,G:\내 드라이브\데이터셋\mixed\imgi_3888_pexels-photo-9244798.jpg,89.027467,0.598232,15.047829,5.114371,0.000000,0.308459,0.548645
mixed,imgi_3890_pexels-photo-34779092.jpg,G:\내 드라이브\데이터셋\mixed\imgi_3890_pexels-photo-34779092.jpg,140.629182,0.186506,5.412426,5.517144,0.000000,0.311595,0.423036
mixed,imgi_3893_pexels-photo-33724536.jpg,G:\내 드라이브\데이터셋\mixed\imgi_3893_pexels-photo-33724536.jpg,63.279644,0.615246,12.442381,5.069994,0.288592,0.345573,0.623385
mixed,imgi_3894_pexels-photo-24861121.jpg,G:\내 드라이브\데이터셋\mixed\imgi_3894_pexels-photo-24861121.jpg,156.175795,0.908664,24.847157,5.561772,0.112123,0.359077,0.566955
mixed,imgi_3896_pexels-photo-16056937.jpg,G:\내 드라이브\데이터셋\mixed\imgi_3896_pexels-photo-16056937.jpg,59.005890,0.441077,12.021297,3.949569,0.000000,0.300108,0.549835
mixed,imgi_3897_pexels-photo-35117873.jpg,G:\내 드라이브\데이터셋\mixed\imgi_3897_pexels-photo-35117873.jpg,91.888435,0.683979,18.794249,5.018551,0.345909,0.346505,0.606540
mixed,imgi_3898_pexels-photo-14448919.jpg,G:\내 드라이브\데이터셋\mixed\imgi_3898_pexels-photo-14448919.jpg,153.632227,0.668889,22.807806,5.886124,0.000000,0.306349,0.537547
mixed,imgi_3901_pexels-photo-18842300.jpg,G:\내 드라이브\데이터셋\mixed\imgi_3901_pexels-photo-18842300.jpg,92.093455,0.699690,16.419016,5.057634,0.095431,0.401081,0.569228
mixed,imgi_3901_pexels-photo-35032834.jpg,G:\내 드라이브\데이터셋\mixed\imgi_3901_pexels-photo-35032834.jpg,114.740450,0.533514,16.316010,5.878550,0.000000,0.314955,0.517619
mixed,imgi_3902_pexels-photo-34652768.jpg,G:\내 드라이브\데이터셋\mixed\imgi_3902_pexels-photo-34652768.jpg,161.982527,0.831720,22.600861,5.750983,0.134636,0.366237,0.560068
mixed,imgi_3908_pexels-photo-34334075.jpg,G:\내 드라이브\데이터셋\mixed\imgi_3908_pexels-photo-34334075.jpg,145.479966,0.792276,30.239750,5.697514,0.300263,0.353479,0.616131
mixed,imgi_3909_pexels-photo-17618792.jpg,G:\내 드라이브\데이터셋\mixed\imgi_3909_pexels-photo-17618792.jpg,168.522719,0.438605,12.681938,5.231185,0.000000,0.320990,0.485918
mixed,imgi_3912_pexels-photo-8463686.jpg,G:\내 드라이브\데이터셋\mixed\imgi_3912_pexels-photo-8463686.jpg,197.584552,0.633375,14.407985,5.008623,0.015424,0.303943,0.486891
mixed,imgi_3914_pexels-photo-5458868.jpg,G:\내 드라이브\데이터셋\mixed\imgi_3914_pexels-photo-5458868.jpg,127.800033,0.659040,18.979277,5.176299,0.489461,0.349973,0.580136
mixed,imgi_3914_pexels-photo-894357.jpg,G:\내 드라이브\데이터셋\mixed\imgi_3914_pexels-photo-894357.jpg,58.154531,0.543255,14.182914,5.134259,0.000000,0.339086,0.604916
mixed,imgi_3916_pexels-photo-34283304.jpg,G:\내 드라이브\데이터셋\mixed\imgi_3916_pexels-photo-34283304.jpg,100.938866,0.833841,16.720102,5.663204,0.318298,0.424248,0.597124
mixed,imgi_3920_pexels-photo-28580713.jpg,G:\내 드라이브\데이터셋\mixed\imgi_3920_pexels-photo-28580713.jpg,94.119667,0.486719,10.169109,5.738263,0.000000,0.323091,0.527424
mixed,imgi_3921_pexels-photo-10808241.jpg,G:\내 드라이브\데이터셋\mixed\imgi_3921_pexels-photo-10808241.jpg,104.843024,0.738527,11.479428,5.770937,0.312099,0.379702,0.560141
mixed,imgi_3925_pexels-photo-33973541.jpg,G:\내 드라이브\데이터셋\mixed\imgi_3925_pexels-photo-33973541.jpg,169.676403,0.845375,21.837351,5.416154,0.000000,0.387589,0.541121
mixed,imgi_3927_pexels-photo-17324728.jpg,G:\내 드라이브\데이터셋\mixed\imgi_3927_pexels-photo-17324728.jpg,137.233866,0.876495,21.469330,5.576895,0.639656,0.410227,0.624815
mixed,imgi_3929_pexels-photo-20182897.jpg,G:\내 드라이브\데이터셋\mixed\imgi_3929_pexels-photo-20182897.jpg,133.965723,0.426001,5.497282,4.978787,0.000000,0.332547,0.444983
mixed,imgi_3929_pexels-photo-33053982.jpg,G:\내 드라이브\데이터셋\mixed\imgi_3929_pexels-photo-33053982.jpg,119.637375,0.706585,17.265512,5.676600,0.132430,0.385979,0.537411
mixed,imgi_3941_pexels-photo-34445932.jpg,G:\내 드라이브\데이터셋\mixed\imgi_3941_pexels-photo-34445932.jpg,149.580136,0.702747,19.437471,5.733673,0.317482,0.339228,0.566309
mixed,imgi_3942_pexels-photo-35741913.jpg,G:\내 드라이브\데이터셋\mixed\imgi_3942_pexels-photo-35741913.jpg,77.328176,0.641534,16.925760,5.229220,0.103460,0.307937,0.596122
mixed,imgi_3944_pexels-photo-15885566.jpg,G:\내 드라이브\데이터셋\mixed\imgi_3944_pexels-photo-15885566.jpg,54.851572,0.371292,7.155833,5.373368,0.000000,0.335824,0.585676
mixed,imgi_3946_pexels-photo-34154024.jpg,G:\내 드라이브\데이터셋\mixed\imgi_3946_pexels-photo-34154024.jpg,128.749221,0.774935,22.547590,5.791054,0.155773,0.354843,0.561427
mixed,imgi_3946_pexels-photo-5585237.jpg,G:\내 드라이브\데이터셋\mixed\imgi_3946_pexels-photo-5585237.jpg,153.446636,0.513634,12.125008,4.654947,0.177745,0.340470,0.489155
mixed,imgi_3949_pexels-photo-31893816.jpg,G:\내 드라이브\데이터셋\mixed\imgi_3949_pexels-photo-31893816.jpg,202.786920,0.649684,19.794325,5.251066,0.101562,0.344878,0.535512
mixed,imgi_3954_pexels-photo-34205723.jpg,G:\내 드라이브\데이터셋\mixed\imgi_3954_pexels-photo-34205723.jpg,102.690521,0.790267,20.622557,5.617847,0.249242,0.343419,0.595146
mixed,imgi_3959_pexels-photo-29057750.jpg,G:\내 드라이브\데이터셋\mixed\imgi_3959_pexels-photo-29057750.jpg,84.847977,0.225697,6.136290,4.128173,0.459027,0.299652,0.540454
mixed,imgi_3961_pexels-photo-34676216.jpg,G:\내 드라이브\데이터셋\mixed\imgi_3961_pexels-photo-34676216.jpg,102.868239,0.701741,19.268318,5.452253,0.453162,0.343949,0.615034
mixed,imgi_3964_pexels-photo-9562562.jpg,G:\내 드라이브\데이터셋\mixed\imgi_3964_pexels-photo-9562562.jpg,150.785601,0.644086,17.491556,5.654580,0.056146,0.317104,0.521001
mixed,imgi_3966_pexels-photo-35088364.jpg,G:\내 드라이브\데이터셋\mixed\imgi_3966_pexels-photo-35088364.jpg,94.183717,0.354650,9.246058,5.140412,0.000000,0.317659,0.513784
mixed,imgi_3969_pexels-photo-6197407.jpg,G:\내 드라이브\데이터셋\mixed\imgi_3969_pexels-photo-6197407.jpg,139.135285,0.143628,4.714185,5.845303,0.061249,0.266771,0.380366
mixed,imgi_3975_pexels-photo-14279082.png,G:\내 드라이브\데이터셋\mixed\imgi_3975_pexels-photo-14279082.png,177.025142,0.820282,21.038973,5.481810,0.000000,0.391439,0.537764
mixed,imgi_3975_pexels-photo-29087505.jpg,G:\내 드라이브\데이터셋\mixed\imgi_3975_pexels-photo-29087505.jpg,135.524656,0.254235,8.221708,4.018990,0.621129,0.306747,0.503927
mixed,imgi_3977_pexels-photo-35133784.jpg,G:\내 드라이브\데이터셋\mixed\imgi_3977_pexels-photo-35133784.jpg,138.920271,0.946194,28.160929,5.578931,0.000000,0.369761,0.568980
mixed,imgi_3979_pexels-photo-21071498.jpg,G:\내 드라이브\데이터셋\mixed\imgi_3979_pexels-photo-21071498.jpg,95.339488,0.184157,5.708936,5.310086,0.216841,0.236810,0.485002
mixed,imgi_3981_pexels-photo-35353329.jpg,G:\내 드라이브\데이터셋\mixed\imgi_3981_pexels-photo-35353329.jpg,109.822736,0.840193,19.910461,5.567418,0.000000,0.394724,0.551461
mixed,imgi_3982_pexels-photo-11544468.jpg,G:\내 드라이브\데이터셋\mixed\imgi_3982_pexels-photo-11544468.jpg,57.083034,0.597966,15.616169,5.095098,0.099296,0.321628,0.623456
mixed,imgi_3984_pexels-photo-14667705.jpg,G:\내 드라이브\데이터셋\mixed\imgi_3984_pexels-photo-14667705.jpg,170.888719,0.569195,15.628730,5.096448,0.585947,0.385024,0.577817
mixed,imgi_3985_pexels-photo-16472063.jpg,G:\내 드라이브\데이터셋\mixed\imgi_3985_pexels-photo-16472063.jpg,66.101912,0.716305,19.365911,5.442725,0.000000,0.379579,0.627549
mixed,imgi_3999_pexels-photo-6072015.jpg,G:\내 드라이브\데이터셋\mixed\imgi_3999_pexels-photo-6072015.jpg,91.330262,0.333909,11.039123,4.187035,0.388894,0.297454,0.544177
mixed,imgi_4003_pexels-photo-19949890.jpg,G:\내 드라이브\데이터셋\mixed\imgi_4003_pexels-photo-19949890.jpg,167.118610,0.811893,25.565172,5.156417,0.494735,0.360156,0.612048
mixed,imgi_4005_pexels-photo-34880569.jpg,G:\내 드라이브\데이터셋\mixed\imgi_4005_pexels-photo-34880569.jpg,118.850786,0.837478,21.004051,5.593098,0.088566,0.379852,0.550062
mixed,imgi_4007_pexels-photo-32637234.jpg,G:\내 드라이브\데이터셋\mixed\imgi_4007_pexels-photo-32637234.jpg,162.104212,0.549466,13.883970,5.860884,0.000000,0.343930,0.499474
mixed,imgi_400_pexels-photo-19923043.jpg,G:\내 드라이브\데이터셋\mixed\imgi_400_pexels-photo-19923043.jpg,169.099859,0.685357,14.272971,4.432418,0.609957,0.348970,0.548843
mixed,imgi_4011_pexels-photo-32934465.jpg,G:\내 드라이브\데이터셋\mixed\imgi_4011_pexels-photo-32934465.jpg,152.607837,0.583130,14.824752,5.488203,0.034679,0.331873,0.507187
mixed,imgi_4020_pexels-photo-35024899.jpg,G:\내 드라이브\데이터셋\mixed\imgi_4020_pexels-photo-35024899.jpg,140.542078,0.754856,28.527670,5.380791,0.249250,0.344605,0.599946
mixed,imgi_4021_pexels-photo-35024899.jpg,G:\내 드라이브\데이터셋\mixed\imgi_4021_pexels-photo-35024899.jpg,138.779935,0.753249,28.384506,5.376994,0.255697,0.346413,0.600167
mixed,imgi_4022_pexels-photo-5273273.jpg,G:\내 드라이브\데이터셋\mixed\imgi_4022_pexels-photo-5273273.jpg,92.618168,0.530996,12.746169,5.625878,0.277690,0.349883,0.581036
mixed,imgi_4030_pexels-photo-33343864.jpg,G:\내 드라이브\데이터셋\mixed\imgi_4030_pexels-photo-33343864.jpg,140.012863,0.497809,15.123919,5.515392,0.000000,0.316649,0.502558
mixed,imgi_4032_pexels-photo-33999670.jpg,G:\내 드라이브\데이터셋\mixed\imgi_4032_pexels-photo-33999670.jpg,112.621194,0.434487,11.898283,5.670248,0.000000,0.272700,0.496571
mixed,imgi_4037_pexels-photo-36175076.jpg,G:\내 드라이브\데이터셋\mixed\imgi_4037_pexels-photo-36175076.jpg,99.231569,0.804945,18.466469,5.383174,0.000000,0.387717,0.562848
mixed,imgi_4040_pexels-photo-9616898.jpg,G:\내 드라이브\데이터셋\mixed\imgi_4040_pexels-photo-9616898.jpg,144.625664,0.734623,12.239403,5.254062,0.512643,0.427619,0.561913
mixed,imgi_4043_pexels-photo-34065238.jpg,G:\내 드라이브\데이터셋\mixed\imgi_4043_pexels-photo-34065238.jpg,141.309841,0.860964,11.939097,5.481806,0.000000,0.396117,0.495576
mixed,imgi_4045_pexels-photo-29564918.jpg,G:\내 드라이브\데이터셋\mixed\imgi_4045_pexels-photo-29564918.jpg,132.283515,0.711906,24.420906,5.695382,0.000000,0.352582,0.549731
mixed,imgi_4049_pexels-photo-27410438.jpg,G:\내 드라이브\데이터셋\mixed\imgi_4049_pexels-photo-27410438.jpg,121.998421,0.860167,25.591663,5.482349,0.323191,0.377336,0.599709
mixed,imgi_4050_pexels-photo-34120162.jpg,G:\내 드라이브\데이터셋\mixed\imgi_4050_pexels-photo-34120162.jpg,143.454289,0.484358,8.812614,5.171210,0.000000,0.363517,0.470035
mixed,imgi_4051_pexels-photo-5829384.jpg,G:\내 드라이브\데이터셋\mixed\imgi_4051_pexels-photo-5829384.jpg,101.728747,0.660057,9.406898,4.843769,0.063140,0.348062,0.502066
mixed,imgi_4052_pexels-photo-1297666.jpg,G:\내 드라이브\데이터셋\mixed\imgi_4052_pexels-photo-1297666.jpg,74.979725,0.577000,10.564570,4.421473,0.329513,0.372395,0.579517
mixed,imgi_4054_pexels-photo-34365148.jpg,G:\내 드라이브\데이터셋\mixed\imgi_4054_pexels-photo-34365148.jpg,185.499772,0.792724,18.004671,5.634831,0.259008,0.398833,0.557951
mixed,imgi_405_pexels-photo-7573328.jpg,G:\내 드라이브\데이터셋\mixed\imgi_405_pexels-photo-7573328.jpg,112.277547,0.827904,20.324604,5.366118,0.370416,0.359106,0.592365
mixed,imgi_4061_pexels-photo-30667765.jpg,G:\내 드라이브\데이터셋\mixed\imgi_4061_pexels-photo-30667765.jpg,109.075543,0.850514,18.125084,5.307352,0.342393,0.398677,0.586280
mixed,imgi_4062_pexels-photo-36808175.jpg,G:\내 드라이브\데이터셋\mixed\imgi_4062_pexels-photo-36808175.jpg,95.043863,0.571337,12.458153,5.539262,0.000000,0.333076,0.537458
mixed,imgi_4066_pexels-photo-11862899.jpg,G:\내 드라이브\데이터셋\mixed\imgi_4066_pexels-photo-11862899.jpg,105.675472,0.732392,15.009927,5.723226,0.000000,0.376068,0.534227
mixed,imgi_4067_pexels-photo-14084676.jpg,G:\내 드라이브\데이터셋\mixed\imgi_4067_pexels-photo-14084676.jpg,183.928635,0.823674,34.070950,5.719353,0.000000,0.347855,0.584786
mixed,imgi_4069_pexels-photo-37553221.jpg,G:\내 드라이브\데이터셋\mixed\imgi_4069_pexels-photo-37553221.jpg,70.488538,0.495446,12.152574,4.560243,0.320894,0.366092,0.598070
mixed,imgi_4073_pexels-photo-36678805.jpg,G:\내 드라이브\데이터셋\mixed\imgi_4073_pexels-photo-36678805.jpg,93.160305,0.636364,22.257715,5.510957,0.000000,0.331139,0.586653
mixed,imgi_4076_pexels-photo-33484139.jpg,G:\내 드라이브\데이터셋\mixed\imgi_4076_pexels-photo-33484139.jpg,127.927850,0.727869,20.667366,5.324399,0.210864,0.337084,0.555479
mixed,imgi_4078_pexels-photo-14257235.png,G:\내 드라이브\데이터셋\mixed\imgi_4078_pexels-photo-14257235.png,131.072365,0.867967,23.727211,5.635509,0.717249,0.387811,0.643245
mixed,imgi_4079_pexels-photo-35665772.jpg,G:\내 드라이브\데이터셋\mixed\imgi_4079_pexels-photo-35665772.jpg,160.671247,0.816540,31.789762,5.625783,0.243853,0.367348,0.617450
mixed,imgi_4087_pexels-photo-16244242.jpg,G:\내 드라이브\데이터셋\mixed\imgi_4087_pexels-photo-16244242.jpg,102.233869,0.546105,14.637952,4.941671,0.388629,0.365227,0.572953
mixed,imgi_4090_pexels-photo-29488879.jpg,G:\내 드라이브\데이터셋\mixed\imgi_4090_pexels-photo-29488879.jpg,96.788089,0.391280,9.620983,5.622828,0.000000,0.258392,0.513493
mixed,imgi_4094_pexels-photo-5432837.jpg,G:\내 드라이브\데이터셋\mixed\imgi_4094_pexels-photo-5432837.jpg,128.253699,0.535887,11.723376,5.541116,0.000000,0.325087,0.487462
mixed,imgi_4096_pexels-photo-34278890.jpg,G:\내 드라이브\데이터셋\mixed\imgi_4096_pexels-photo-34278890.jpg,95.243428,0.597798,11.801529,5.385853,0.000000,0.374773,0.537712
mixed,imgi_4104_pexels-photo-34388127.jpg,G:\내 드라이브\데이터셋\mixed\imgi_4104_pexels-photo-34388127.jpg,62.154160,0.838123,17.007036,5.551645,0.058169,0.411472,0.634480
mixed,imgi_4105_pexels-photo-35910432.jpg,G:\내 드라이브\데이터셋\mixed\imgi_4105_pexels-photo-35910432.jpg,100.911163,0.422054,7.087409,5.662105,0.000000,0.349913,0.503210
mixed,imgi_4107_pexels-photo-29241884.jpg,G:\내 드라이브\데이터셋\mixed\imgi_4107_pexels-photo-29241884.jpg,128.619489,0.387621,8.425876,5.461848,0.000000,0.331739,0.472670
mixed,imgi_4108_pexels-photo-30156795.jpg,G:\내 드라이브\데이터셋\mixed\imgi_4108_pexels-photo-30156795.jpg,215.808501,0.196475,4.682121,4.691874,0.348759,0.300193,0.450176
mixed,imgi_4109_pexels-photo-17411390.jpg,G:\내 드라이브\데이터셋\mixed\imgi_4109_pexels-photo-17411390.jpg,110.912781,0.106558,3.263964,5.154257,0.000000,0.325846,0.342911
mixed,imgi_4112_pexels-photo-9191117.jpg,G:\내 드라이브\데이터셋\mixed\imgi_4112_pexels-photo-9191117.jpg,104.231409,0.665535,15.429989,5.657221,0.000000,0.370698,0.538307
mixed,imgi_4118_pexels-photo-17052697.png,G:\내 드라이브\데이터셋\mixed\imgi_4118_pexels-photo-17052697.png,158.827259,0.644978,12.596666,5.052867,0.219433,0.371460,0.513148
mixed,imgi_4118_pexels-photo-32533022.jpg,G:\내 드라이브\데이터셋\mixed\imgi_4118_pexels-photo-32533022.jpg,54.206187,0.249752,4.146756,4.479603,0.000000,0.351742,0.544554
mixed,imgi_4125_pexels-photo-37012115.jpg,G:\내 드라이브\데이터셋\mixed\imgi_4125_pexels-photo-37012115.jpg,205.940863,0.102268,2.892509,5.103636,0.231923,0.318936,0.347992
mixed,imgi_4127_pexels-photo-15774133.jpg,G:\내 드라이브\데이터셋\mixed\imgi_4127_pexels-photo-15774133.jpg,129.943319,0.359153,6.507355,5.535572,0.229319,0.328520,0.493167
mixed,imgi_4128_pexels-photo-35177541.jpg,G:\내 드라이브\데이터셋\mixed\imgi_4128_pexels-photo-35177541.jpg,110.497880,0.591131,12.614370,5.627404,0.000000,0.354931,0.512044
mixed,imgi_4130_pexels-photo-33723023.jpg,G:\내 드라이브\데이터셋\mixed\imgi_4130_pexels-photo-33723023.jpg,119.330464,0.903332,23.837729,5.681807,0.408520,0.397801,0.605855
mixed,imgi_4130_pexels-photo-34555730.jpg,G:\내 드라이브\데이터셋\mixed\imgi_4130_pexels-photo-34555730.jpg,79.179146,0.751669,13.298687,5.484319,0.000000,0.407704,0.577946
mixed,imgi_4133_pexels-photo-28919737.jpg,G:\내 드라이브\데이터셋\mixed\imgi_4133_pexels-photo-28919737.jpg,117.513901,0.637210,16.745838,5.658376,0.000000,0.346990,0.517753
mixed,imgi_4137_pexels-photo-11819503.jpg,G:\내 드라이브\데이터셋\mixed\imgi_4137_pexels-photo-11819503.jpg,134.015466,0.454111,12.346719,5.235170,0.331307,0.326197,0.528071
mixed,imgi_4138_pexels-photo-17460472.jpg,G:\내 드라이브\데이터셋\mixed\imgi_4138_pexels-photo-17460472.jpg,33.624594,0.559928,13.109068,5.015932,0.000000,0.330588,0.640060
mixed,imgi_4138_pexels-photo-34657689.jpg,G:\내 드라이브\데이터셋\mixed\imgi_4138_pexels-photo-34657689.jpg,139.283750,0.245704,4.481305,5.339418,0.361999,0.288825,0.494929
mixed,imgi_4142_pexels-photo-22811989.jpg,G:\내 드라이브\데이터셋\mixed\imgi_4142_pexels-photo-22811989.jpg,112.466437,0.811775,28.670469,5.744974,0.177998,0.334481,0.604792
mixed,imgi_4145_pexels-photo-31865094.jpg,G:\내 드라이브\데이터셋\mixed\imgi_4145_pexels-photo-31865094.jpg,150.222115,0.871346,31.033119,5.780132,0.210306,0.362566,0.609064
mixed,imgi_4148_pexels-photo-29000000.jpg,G:\내 드라이브\데이터셋\mixed\imgi_4148_pexels-photo-29000000.jpg,84.184124,0.728479,17.510035,5.814170,0.284492,0.360057,0.620730
mixed,imgi_4150_pexels-photo-34860848.jpg,G:\내 드라이브\데이터셋\mixed\imgi_4150_pexels-photo-34860848.jpg,113.518984,0.844093,21.316713,5.555511,0.000000,0.384835,0.550287
mixed,imgi_4155_pexels-photo-6582711.jpg,G:\내 드라이브\데이터셋\mixed\imgi_4155_pexels-photo-6582711.jpg,72.702483,0.497479,12.351189,5.502722,0.502432,0.260113,0.635936
mixed,imgi_4157_pexels-photo-37359808.jpg,G:\내 드라이브\데이터셋\mixed\imgi_4157_pexels-photo-37359808.jpg,71.827223,0.667137,16.920668,5.600671,0.114405,0.362696,0.618775
mixed,imgi_4158_pexels-photo-35789432.jpg,G:\내 드라이브\데이터셋\mixed\imgi_4158_pexels-photo-35789432.jpg,183.912201,0.336772,7.583559,5.222061,0.119157,0.344492,0.479556
mixed,imgi_4160_pexels-photo-20585795.jpg,G:\내 드라이브\데이터셋\mixed\imgi_4160_pexels-photo-20585795.jpg,100.790214,0.532632,7.272520,5.570276,0.000000,0.359286,0.505236
mixed,imgi_4165_pexels-photo-14735346.jpg,G:\내 드라이브\데이터셋\mixed\imgi_4165_pexels-photo-14735346.jpg,114.994089,0.697499,15.813548,5.511392,0.000000,0.367038,0.520007
mixed,imgi_4173_pexels-photo-609769.jpg,G:\내 드라이브\데이터셋\mixed\imgi_4173_pexels-photo-609769.jpg,71.717958,0.565465,16.650602,5.898957,0.307862,0.301557,0.636745
mixed,imgi_4174_pexels-photo-13105145.jpg,G:\내 드라이브\데이터셋\mixed\imgi_4174_pexels-photo-13105145.jpg,78.308053,0.381030,8.920930,5.097721,0.000000,0.301051,0.538281
mixed,imgi_4175_pexels-photo-36037296.jpg,G:\내 드라이브\데이터셋\mixed\imgi_4175_pexels-photo-36037296.jpg,102.284333,0.922097,25.819851,5.822082,0.024172,0.352721,0.591924
mixed,imgi_4177_pexels-photo-28171915.png,G:\내 드라이브\데이터셋\mixed\imgi_4177_pexels-photo-28171915.png,146.906597,0.561240,11.577013,5.640594,0.000000,0.355862,0.489853
mixed,imgi_4178_pexels-photo-14515046.jpg,G:\내 드라이브\데이터셋\mixed\imgi_4178_pexels-photo-14515046.jpg,124.971022,0.663412,15.853274,5.774187,0.000000,0.346912,0.509003
mixed,imgi_4179_pexels-photo-36531629.jpg,G:\내 드라이브\데이터셋\mixed\imgi_4179_pexels-photo-36531629.jpg,102.278853,0.747086,22.362371,5.708411,0.100793,0.352418,0.585657
mixed,imgi_4183_pexels-photo-5869933.jpg,G:\내 드라이브\데이터셋\mixed\imgi_4183_pexels-photo-5869933.jpg,106.570526,0.593865,10.660905,5.362929,0.700534,0.345573,0.598985
mixed,imgi_4184_pexels-photo-34464754.jpg,G:\내 드라이브\데이터셋\mixed\imgi_4184_pexels-photo-34464754.jpg,91.858662,0.765650,20.469763,5.706682,0.000000,0.361057,0.583650
mixed,imgi_4186_pexels-photo-17264657.jpg,G:\내 드라이브\데이터셋\mixed\imgi_4186_pexels-photo-17264657.jpg,82.812801,0.317764,5.409346,5.160450,0.000000,0.357108,0.521259
mixed,imgi_4187_pexels-photo-34751307.jpg,G:\내 드라이브\데이터셋\mixed\imgi_4187_pexels-photo-34751307.jpg,124.132510,0.746436,18.618027,5.509339,0.000000,0.372881,0.524560
mixed,imgi_4195_pexels-photo-14537246.jpg,G:\내 드라이브\데이터셋\mixed\imgi_4195_pexels-photo-14537246.jpg,134.655876,0.659418,24.577370,5.810137,0.000000,0.288136,0.544020
mixed,imgi_4204_pexels-photo-35547494.jpg,G:\내 드라이브\데이터셋\mixed\imgi_4204_pexels-photo-35547494.jpg,82.996776,0.418926,9.645556,5.741889,0.347723,0.286061,0.586863
mixed,imgi_4206_pexels-photo-36619247.jpg,G:\내 드라이브\데이터셋\mixed\imgi_4206_pexels-photo-36619247.jpg,42.103179,0.812272,15.789745,5.263439,0.336102,0.413104,0.697277
mixed,imgi_4208_pexels-photo-34425130.jpg,G:\내 드라이브\데이터셋\mixed\imgi_4208_pexels-photo-34425130.jpg,109.495375,0.712501,17.571060,5.663586,0.000000,0.346288,0.536252
mixed,imgi_4215_pexels-photo-8954809.jpg,G:\내 드라이브\데이터셋\mixed\imgi_4215_pexels-photo-8954809.jpg,85.769387,0.358614,7.059067,5.646379,0.000000,0.337308,0.529576
mixed,imgi_4219_pexels-photo-37379767.jpg,G:\내 드라이브\데이터셋\mixed\imgi_4219_pexels-photo-37379767.jpg,86.532885,0.606260,20.347126,5.445320,0.364997,0.336868,0.637870
mixed,imgi_4222_pexels-photo-17714355.png,G:\내 드라이브\데이터셋\mixed\imgi_4222_pexels-photo-17714355.png,166.915607,0.596529,7.489311,5.067757,0.000000,0.357835,0.459815
mixed,imgi_4225_pexels-photo-27182936.jpg,G:\내 드라이브\데이터셋\mixed\imgi_4225_pexels-photo-27182936.jpg,52.870174,0.711522,16.389668,5.291936,0.195011,0.363412,0.657988
mixed,imgi_4225_pexels-photo-8514223.jpg,G:\내 드라이브\데이터셋\mixed\imgi_4225_pexels-photo-8514223.jpg,145.503298,0.335359,6.493472,5.000786,0.544778,0.322231,0.520175
mixed,imgi_4227_pexels-photo-34779415.jpg,G:\내 드라이브\데이터셋\mixed\imgi_4227_pexels-photo-34779415.jpg,72.687684,0.389114,6.893939,5.489011,0.000000,0.360112,0.555066
mixed,imgi_4229_pexels-photo-29249867.jpg,G:\내 드라이브\데이터셋\mixed\imgi_4229_pexels-photo-29249867.jpg,71.157595,0.080736,2.513353,5.271783,0.142417,0.329940,0.409296
mixed,imgi_4230_pexels-photo-14238507.jpg,G:\내 드라이브\데이터셋\mixed\imgi_4230_pexels-photo-14238507.jpg,100.268063,0.878835,27.766512,5.649035,0.000000,0.355474,0.601878
mixed,imgi_4233_pexels-photo-18691888.jpg,G:\내 드라이브\데이터셋\mixed\imgi_4233_pexels-photo-18691888.jpg,0.000000,0.798343,24.997355,5.372071,0.323553,0.358140,0.814120
mixed,imgi_4235_pexels-photo-14345223.jpg,G:\내 드라이브\데이터셋\mixed\imgi_4235_pexels-photo-14345223.jpg,95.253609,0.718239,13.561256,5.826832,0.000000,0.347006,0.543637
mixed,imgi_4237_pexels-photo-20371153.jpg,G:\내 드라이브\데이터셋\mixed\imgi_4237_pexels-photo-20371153.jpg,114.515471,0.536400,11.041439,5.466636,0.000000,0.335499,0.495362
mixed,imgi_4240_pexels-photo-29580188.jpg,G:\내 드라이브\데이터셋\mixed\imgi_4240_pexels-photo-29580188.jpg,85.140784,0.736848,24.870512,5.375130,0.000000,0.361945,0.615855
mixed,imgi_4245_pexels-photo-34244220.jpg,G:\내 드라이브\데이터셋\mixed\imgi_4245_pexels-photo-34244220.jpg,187.938225,0.252212,6.474893,5.843616,0.000000,0.280625,0.458414
mixed,imgi_4250_pexels-photo-17888228.png,G:\내 드라이브\데이터셋\mixed\imgi_4250_pexels-photo-17888228.png,146.296849,0.545873,9.342847,5.415250,0.000000,0.364912,0.480286
mixed,imgi_4253_pexels-photo-16116821.jpg,G:\내 드라이브\데이터셋\mixed\imgi_4253_pexels-photo-16116821.jpg,91.375009,0.200466,3.068570,5.463375,0.000000,0.272440,0.474573
mixed,imgi_4253_pexels-photo-8938480.jpg,G:\내 드라이브\데이터셋\mixed\imgi_4253_pexels-photo-8938480.jpg,159.033135,0.839680,27.626953,5.715374,0.000000,0.385622,0.568064
mixed,imgi_4254_pexels-photo-34079676.jpg,G:\내 드라이브\데이터셋\mixed\imgi_4254_pexels-photo-34079676.jpg,88.216571,0.723197,19.389568,5.424852,0.000000,0.378233,0.586982
mixed,imgi_4256_pexels-photo-31496399.jpg,G:\내 드라이브\데이터셋\mixed\imgi_4256_pexels-photo-31496399.jpg,117.415941,0.654544,18.222069,5.142225,0.138831,0.335961,0.533205
mixed,imgi_4263_pexels-photo-18473906.jpg,G:\내 드라이브\데이터셋\mixed\imgi_4263_pexels-photo-18473906.jpg,144.334921,0.865797,20.229118,5.351036,0.424334,0.370095,0.585365
mixed,imgi_4269_pexels-photo-20584407.jpg,G:\내 드라이브\데이터셋\mixed\imgi_4269_pexels-photo-20584407.jpg,84.223222,0.652826,17.455505,5.655879,0.000000,0.353110,0.582724
mixed,imgi_4271_pexels-photo-32780567.jpg,G:\내 드라이브\데이터셋\mixed\imgi_4271_pexels-photo-32780567.jpg,99.013297,0.542615,18.650408,5.529008,0.000000,0.299798,0.555879
mixed,imgi_4271_pexels-photo-37554340.jpg,G:\내 드라이브\데이터셋\mixed\imgi_4271_pexels-photo-37554340.jpg,100.442570,0.897435,21.594240,5.672804,0.272567,0.415175,0.614029
mixed,imgi_4273_pexels-photo-20398393.jpg,G:\내 드라이브\데이터셋\mixed\imgi_4273_pexels-photo-20398393.jpg,87.841330,0.759741,15.510073,5.710209,0.000000,0.350573,0.566718
mixed,imgi_4282_pexels-photo-34120161.jpg,G:\내 드라이브\데이터셋\mixed\imgi_4282_pexels-photo-34120161.jpg,105.824156,0.559334,9.565849,5.514843,0.000000,0.362376,0.507067
mixed,imgi_4289_pexels-photo-33710143.jpg,G:\내 드라이브\데이터셋\mixed\imgi_4289_pexels-photo-33710143.jpg,112.462037,0.355917,7.498281,5.478472,0.000000,0.358137,0.484781
mixed,imgi_4290_pexels-photo-5669683.jpg,G:\내 드라이브\데이터셋\mixed\imgi_4290_pexels-photo-5669683.jpg,91.494518,0.822893,18.989378,5.507887,0.093086,0.385195,0.591893
mixed,imgi_4292_pexels-photo-30667768.jpg,G:\내 드라이브\데이터셋\mixed\imgi_4292_pexels-photo-30667768.jpg,70.088500,0.677971,18.738993,5.238303,0.251363,0.321727,0.638803
mixed,imgi_4295_pexels-photo-14219744.jpg,G:\내 드라이브\데이터셋\mixed\imgi_4295_pexels-photo-14219744.jpg,108.697121,0.628172,7.552152,5.285607,0.183879,0.382095,0.514423
mixed,imgi_4295_pexels-photo-18489897.jpg,G:\내 드라이브\데이터셋\mixed\imgi_4295_pexels-photo-18489897.jpg,185.818873,0.954685,22.884771,5.420801,0.526120,0.358687,0.611537
mixed,imgi_4296_pexels-photo-28154127.jpg,G:\내 드라이브\데이터셋\mixed\imgi_4296_pexels-photo-28154127.jpg,68.696104,0.572637,8.979537,4.836360,0.222968,0.367538,0.583100
mixed,imgi_4297_pexels-photo-14452182.png,G:\내 드라이브\데이터셋\mixed\imgi_4297_pexels-photo-14452182.png,129.790199,0.207574,6.038816,4.539124,0.324953,0.293350,0.458764
mixed,imgi_4300_pexels-photo-34907672.jpg,G:\내 드라이브\데이터셋\mixed\imgi_4300_pexels-photo-34907672.jpg,56.899975,0.531709,16.971056,5.106311,0.185697,0.308163,0.640402
mixed,imgi_4304_pexels-photo-14543265.jpg,G:\내 드라이브\데이터셋\mixed\imgi_4304_pexels-photo-14543265.jpg,204.298947,0.725041,12.056488,5.290880,0.548425,0.393298,0.563502
mixed,imgi_4304_pexels-photo-34406746.jpg,G:\내 드라이브\데이터셋\mixed\imgi_4304_pexels-photo-34406746.jpg,151.100119,0.814678,25.386251,5.600000,0.000000,0.356771,0.554675
mixed,imgi_4308_pexels-photo-34171142.png,G:\내 드라이브\데이터셋\mixed\imgi_4308_pexels-photo-34171142.png,158.041338,0.252563,6.118160,4.520875,0.370835,0.292158,0.476799
mixed,imgi_4309_pexels-photo-34113949.jpg,G:\내 드라이브\데이터셋\mixed\imgi_4309_pexels-photo-34113949.jpg,152.843311,0.656094,19.242701,5.392030,0.000000,0.348741,0.524809
mixed,imgi_4309_pexels-photo-34171142.png,G:\내 드라이브\데이터셋\mixed\imgi_4309_pexels-photo-34171142.png,158.041337,0.252563,6.118159,4.520875,0.370835,0.292158,0.476799
mixed,imgi_4310_pexels-photo-1685651.jpg,G:\내 드라이브\데이터셋\mixed\imgi_4310_pexels-photo-1685651.jpg,131.808691,0.379801,8.228029,5.618159,0.000000,0.295987,0.468168
mixed,imgi_4321_pexels-photo-34753160.jpg,G:\내 드라이브\데이터셋\mixed\imgi_4321_pexels-photo-34753160.jpg,139.746531,0.593584,17.979795,5.711370,0.000000,0.328306,0.517111
mixed,imgi_4325_pexels-photo-37533031.jpg,G:\내 드라이브\데이터셋\mixed\imgi_4325_pexels-photo-37533031.jpg,119.803535,0.434442,8.317330,5.173962,0.214625,0.367388,0.496453
mixed,imgi_4326_pexels-photo-8969053.jpg,G:\내 드라이브\데이터셋\mixed\imgi_4326_pexels-photo-8969053.jpg,186.062931,0.537053,10.974190,5.336323,0.000000,0.360891,0.485408
mixed,imgi_4329_pexels-photo-9861461.jpg,G:\내 드라이브\데이터셋\mixed\imgi_4329_pexels-photo-9861461.jpg,192.649693,0.644587,22.533888,5.567602,0.000000,0.301711,0.535799
mixed,imgi_4333_pexels-photo-28514216.jpg,G:\내 드라이브\데이터셋\mixed\imgi_4333_pexels-photo-28514216.jpg,164.266065,0.728573,21.399462,5.582223,0.000000,0.301530,0.530463
mixed,imgi_4334_pexels-photo-32138607.jpg,G:\내 드라이브\데이터셋\mixed\imgi_4334_pexels-photo-32138607.jpg,97.855423,0.446737,18.214252,5.593170,0.000000,0.283706,0.554348
mixed,imgi_4338_pexels-photo-13303145.jpg,G:\내 드라이브\데이터셋\mixed\imgi_4338_pexels-photo-13303145.jpg,89.661359,0.515737,14.335435,5.547178,0.000000,0.341111,0.556929
mixed,imgi_4340_pexels-photo-14696850.png,G:\내 드라이브\데이터셋\mixed\imgi_4340_pexels-photo-14696850.png,171.928559,0.512264,11.204638,5.468832,0.000000,0.378980,0.490420
mixed,imgi_4346_pexels-photo-17744187.jpg,G:\내 드라이브\데이터셋\mixed\imgi_4346_pexels-photo-17744187.jpg,84.969909,0.663227,7.690728,5.048087,0.000000,0.423016,0.530843
mixed,imgi_4349_pexels-photo-16891789.jpg,G:\내 드라이브\데이터셋\mixed\imgi_4349_pexels-photo-16891789.jpg,93.685541,0.756372,15.542571,5.703990,0.000000,0.364801,0.557579
mixed,imgi_4354_pexels-photo-12074893.jpg,G:\내 드라이브\데이터셋\mixed\imgi_4354_pexels-photo-12074893.jpg,153.587990,0.651174,21.024788,5.562217,0.000000,0.291632,0.527717
mixed,imgi_4361_pexels-photo-33224385.jpg,G:\내 드라이브\데이터셋\mixed\imgi_4361_pexels-photo-33224385.jpg,177.592694,0.427713,9.714296,5.572217,0.000000,0.304360,0.475972
mixed,imgi_4365_pexels-photo-32208861.jpg,G:\내 드라이브\데이터셋\mixed\imgi_4365_pexels-photo-32208861.jpg,184.230328,0.927993,16.871796,5.270835,0.531332,0.393047,0.583159
mixed,imgi_4386_pexels-photo-27413535.jpg,G:\내 드라이브\데이터셋\mixed\imgi_4386_pexels-photo-27413535.jpg,121.130355,0.673095,21.313570,5.913206,0.000000,0.342451,0.534152
mixed,imgi_4398_pexels-photo-9606446.jpg,G:\내 드라이브\데이터셋\mixed\imgi_4398_pexels-photo-9606446.jpg,139.311608,0.766937,25.276663,5.842411,0.000000,0.349807,0.553465
mixed,imgi_4417_pexels-photo-16482153.jpg,G:\내 드라이브\데이터셋\mixed\imgi_4417_pexels-photo-16482153.jpg,125.251285,0.742137,21.405569,5.899590,0.000000,0.322822,0.532621
mixed,imgi_4430_pexels-photo-33857432.jpg,G:\내 드라이브\데이터셋\mixed\imgi_4430_pexels-photo-33857432.jpg,83.693558,0.649435,13.847009,5.333814,0.079481,0.355931,0.575189
mixed,imgi_4434_pexels-photo-20585797.jpg,G:\내 드라이브\데이터셋\mixed\imgi_4434_pexels-photo-20585797.jpg,89.193811,0.579091,9.567608,5.453381,0.000000,0.360116,0.537338
mixed,imgi_4437_pexels-photo-34340942.jpg,G:\내 드라이브\데이터셋\mixed\imgi_4437_pexels-photo-34340942.jpg,112.560067,0.645857,19.067280,5.625696,0.000000,0.313655,0.534383
mixed,imgi_4439_pexels-photo-19252681.jpg,G:\내 드라이브\데이터셋\mixed\imgi_4439_pexels-photo-19252681.jpg,91.271451,0.576621,19.481215,5.754879,0.000000,0.280088,0.571996
mixed,imgi_4452_pexels-photo-7406321.jpg,G:\내 드라이브\데이터셋\mixed\imgi_4452_pexels-photo-7406321.jpg,124.704876,0.723793,22.013720,5.574992,0.000000,0.327150,0.535904
mixed,imgi_4473_pexels-photo-19797892.jpg,G:\내 드라이브\데이터셋\mixed\imgi_4473_pexels-photo-19797892.jpg,135.529105,0.572647,7.550239,4.869983,0.136665,0.339287,0.469420
mixed,imgi_4475_pexels-photo-17708550.jpg,G:\내 드라이브\데이터셋\mixed\imgi_4475_pexels-photo-17708550.jpg,87.782313,0.903418,19.307285,5.642892,0.000000,0.399631,0.589532
mixed,imgi_4478_pexels-photo-10364645.jpg,G:\내 드라이브\데이터셋\mixed\imgi_4478_pexels-photo-10364645.jpg,150.140349,0.610973,11.289789,5.444761,0.000000,0.389258,0.491847
mixed,imgi_4480_pexels-photo-8551796.jpg,G:\내 드라이브\데이터셋\mixed\imgi_4480_pexels-photo-8551796.jpg,122.866623,0.497928,12.968250,4.752373,0.488581,0.344153,0.537132
mixed,imgi_4484_pexels-photo-33892900.jpg,G:\내 드라이브\데이터셋\mixed\imgi_4484_pexels-photo-33892900.jpg,92.091599,0.622784,15.766915,5.673575,0.000000,0.344692,0.559542
mixed,imgi_448_pexels-photo-20068003.png,G:\내 드라이브\데이터셋\mixed\imgi_448_pexels-photo-20068003.png,142.687992,0.816713,23.301104,5.517797,0.427510,0.320756,0.596876
mixed,imgi_4510_pexels-photo-36930129.jpg,G:\내 드라이브\데이터셋\mixed\imgi_4510_pexels-photo-36930129.jpg,128.219058,0.777132,14.656035,5.712291,0.000000,0.353355,0.504036
mixed,imgi_478_pexels-photo-20360886.jpg,G:\내 드라이브\데이터셋\mixed\imgi_478_pexels-photo-20360886.jpg,160.663925,0.779309,16.312479,4.994083,0.000000,0.390805,0.502015
mixed,imgi_513_pexels-photo-5674683.jpg,G:\내 드라이브\데이터셋\mixed\imgi_513_pexels-photo-5674683.jpg,106.830847,0.968841,26.992216,5.255431,0.661062,0.368591,0.668648
mixed,imgi_519_pexels-photo-9292876.jpg,G:\내 드라이브\데이터셋\mixed\imgi_519_pexels-photo-9292876.jpg,126.731480,0.928950,18.330238,4.999358,0.318067,0.390033,0.552920
mixed,imgi_520_pexels-photo-9292876.jpg,G:\내 드라이브\데이터셋\mixed\imgi_520_pexels-photo-9292876.jpg,129.263712,0.931717,18.809456,5.065114,0.310432,0.386993,0.556062
mixed,imgi_532_pexels-photo-8431500.jpg,G:\내 드라이브\데이터셋\mixed\imgi_532_pexels-photo-8431500.jpg,186.457226,0.704584,11.728943,4.980102,0.312278,0.399544,0.521533
mixed,imgi_561_pexels-photo-3921578.jpg,G:\내 드라이브\데이터셋\mixed\imgi_561_pexels-photo-3921578.jpg,184.303309,0.961936,23.269831,5.065403,0.590241,0.358748,0.610530
mixed,imgi_562_pexels-photo-3921578.jpg,G:\내 드라이브\데이터셋\mixed\imgi_562_pexels-photo-3921578.jpg,186.114598,0.974840,28.213921,5.288378,0.611920,0.356402,0.643722
mixed,imgi_592_pexels-photo-10184261.jpg,G:\내 드라이브\데이터셋\mixed\imgi_592_pexels-photo-10184261.jpg,138.965872,0.966504,30.486343,5.417944,0.546673,0.357354,0.649708
mixed,imgi_663_pexels-photo-9872110.jpg,G:\내 드라이브\데이터셋\mixed\imgi_663_pexels-photo-9872110.jpg,109.341707,0.916258,16.937510,5.226096,0.306494,0.393814,0.572364
mixed,imgi_669_pexels-photo-10518306.jpg,G:\내 드라이브\데이터셋\mixed\imgi_669_pexels-photo-10518306.jpg,109.070886,0.748080,20.015100,5.513242,0.296317,0.325632,0.584942
mixed,imgi_760_pexels-photo-2293048.jpg,G:\내 드라이브\데이터셋\mixed\imgi_760_pexels-photo-2293048.jpg,167.024506,0.680687,21.070248,5.220338,0.000000,0.335253,0.526303
mixed,imgi_76_Ground-Nature_Texture_A_P4120970.jpg,G:\내 드라이브\데이터셋\mixed\imgi_76_Ground-Nature_Texture_A_P4120970.jpg,55.251433,0.836859,16.465919,4.653367,0.649711,0.425103,0.697975
mixed,imgi_78_2022-07-27-09-04-33-1350x939.jpg,G:\내 드라이브\데이터셋\mixed\imgi_78_2022-07-27-09-04-33-1350x939.jpg,100.995352,0.914271,17.653814,5.100088,0.626147,0.416951,0.630691
mixed,imgi_80_1000_F_426047013_2hDVSoQLhU3ufvlJy1mHDQdoorQ4XWPQ.jpg,G:\내 드라이브\데이터셋\mixed\imgi_80_1000_F_426047013_2hDVSoQLhU3ufvlJy1mHDQdoorQ4XWPQ.jpg,98.558546,0.971461,39.233479,5.598040,0.771843,0.344830,0.724132
mixed,imgi_80_adrien-lemoine-rockyground-03.jpg,G:\내 드라이브\데이터셋\mixed\imgi_80_adrien-lemoine-rockyground-03.jpg,101.614524,0.798322,25.232685,5.510521,0.319240,0.325961,0.626082
mixed,imgi_81_forest-floor-terrain_0030_01_S_enl.jpg,G:\내 드라이브\데이터셋\mixed\imgi_81_forest-floor-terrain_0030_01_S_enl.jpg,83.700818,0.979375,39.214661,5.634126,0.917729,0.349903,0.770843
mixed,imgi_82_119520357-forest-ground-texture.jpg,G:\내 드라이브\데이터셋\mixed\imgi_82_119520357-forest-ground-texture.jpg,131.929664,0.976451,34.298603,5.537774,0.740748,0.349221,0.681219
mixed,imgi_82_closeup-small-stone-background-natural-background-cast-gravel-and-sand-texture-ground-level-view-photo.jpg,G:\내 드라이브\데이터셋\mixed\imgi_82_closeup-small-stone-background-natural-background-cast-gravel-and-sand-texture-ground-level-view-photo.jpg,36.550456,0.962068,37.614708,5.834823,0.684176,0.354251,0.827359
mixed,imgi_83_wet-soil-muddy-road-ground-texture-isolated-on-horizontal-ratio-full-frame-outdoor-park-flooring-background-free-photo.jpg,G:\내 드라이브\데이터셋\mixed\imgi_83_wet-soil-muddy-road-ground-texture-isolated-on-horizontal-ratio-full-frame-outdoor-park-flooring-background-free-photo.jpg,100.988707,0.842654,17.553936,4.801549,0.679162,0.372803,0.622761
mixed,imgi_85_129009226-beautiful-view-of-rough-rocky-forest-soil-landscape-beautiful-outdoor-nature-landscape-backgrounds.jpg,G:\내 드라이브\데이터셋\mixed\imgi_85_129009226-beautiful-view-of-rough-rocky-forest-soil-landscape-beautiful-outdoor-nature-landscape-backgrounds.jpg,101.185521,0.948193,25.634123,5.426872,0.294928,0.367159,0.629710
mixed,imgi_869_pexels-photo-5808480.jpg,G:\내 드라이브\데이터셋\mixed\imgi_869_pexels-photo-5808480.jpg,49.994499,0.909049,29.752428,5.772482,0.542027,0.376208,0.775892
mixed,imgi_871_pexels-photo-17461968.jpg,G:\내 드라이브\데이터셋\mixed\imgi_871_pexels-photo-17461968.jpg,84.187219,0.596842,19.555902,4.463323,0.686915,0.331236,0.648525
mixed,imgi_87_forest_ground1_exorbitart_preview4.jpg,G:\내 드라이브\데이터셋\mixed\imgi_87_forest_ground1_exorbitart_preview4.jpg,66.334724,0.721514,17.611057,5.129249,0.496371,0.349181,0.671359
mixed,imgi_882_pexels-photo-5889254.jpg,G:\내 드라이브\데이터셋\mixed\imgi_882_pexels-photo-5889254.jpg,150.598784,0.826126,16.702829,5.419152,0.374817,0.429850,0.570006
mixed,imgi_894_pexels-photo-31236719.jpg,G:\내 드라이브\데이터셋\mixed\imgi_894_pexels-photo-31236719.jpg,149.611198,0.835986,24.015072,5.635174,0.551574,0.376747,0.621950
mixed,imgi_89_seamless-mossy-forest-floor-texture-green-nature-background-featuring-leaves-grass-high-resolution-image-perfect-370854059.jpg,G:\내 드라이브\데이터셋\mixed\imgi_89_seamless-mossy-forest-floor-texture-green-nature-background-featuring-leaves-grass-high-resolution-image-perfect-370854059.jpg,183.751716,0.891872,21.027098,5.122724,0.818099,0.362801,0.631955
mixed,imgi_904_pexels-photo-28318853.jpg,G:\내 드라이브\데이터셋\mixed\imgi_904_pexels-photo-28318853.jpg,171.483826,0.702335,16.597588,5.423738,0.530264,0.387578,0.585493
mixed,imgi_911_pexels-photo-7573328.jpg,G:\내 드라이브\데이터셋\mixed\imgi_911_pexels-photo-7573328.jpg,116.439293,0.675158,14.343096,5.355613,0.376190,0.388896,0.560076
mixed,imgi_917_pexels-photo-32038437.jpg,G:\내 드라이브\데이터셋\mixed\imgi_917_pexels-photo-32038437.jpg,93.515505,0.916969,36.313759,5.887056,0.580727,0.374871,0.711537
mixed,imgi_91_0062-ground-texture-seamless.jpg,G:\내 드라이브\데이터셋\mixed\imgi_91_0062-ground-texture-seamless.jpg,50.572670,0.979073,36.193462,5.574667,0.837902,0.351951,0.821406
mixed,imgi_91_FOREST_FLOORING_R5XX9610_2048x.jpg,G:\내 드라이브\데이터셋\mixed\imgi_91_FOREST_FLOORING_R5XX9610_2048x.jpg,178.160466,0.856698,19.848520,4.897296,0.535128,0.380403,0.583890
mixed,imgi_91_free-rough-debris-strewn-soil-texture-338_2.webp,G:\내 드라이브\데이터셋\mixed\imgi_91_free-rough-debris-strewn-soil-texture-338_2.webp,116.252844,0.901566,33.810913,5.537317,0.804810,0.367851,0.698280
mixed,imgi_92_forest-floor-terrain_0010_01_S_enl.jpg,G:\내 드라이브\데이터셋\mixed\imgi_92_forest-floor-terrain_0010_01_S_enl.jpg,89.650060,0.978385,38.044724,5.599974,0.910898,0.354875,0.759546
mixed,imgi_930_pexels-photo-19499690.png,G:\내 드라이브\데이터셋\mixed\imgi_930_pexels-photo-19499690.png,125.327737,0.448422,8.552302,5.304968,0.000000,0.333541,0.470275
mixed,imgi_937_pexels-photo-14194584.png,G:\내 드라이브\데이터셋\mixed\imgi_937_pexels-photo-14194584.png,154.352988,0.576583,11.354030,5.243750,0.000000,0.380857,0.486099
mixed,imgi_938_pexels-photo-14194584.png,G:\내 드라이브\데이터셋\mixed\imgi_938_pexels-photo-14194584.png,154.352917,0.576583,11.354032,5.243751,0.000000,0.380857,0.486099
mixed,imgi_954_pexels-photo-8431500.jpg,G:\내 드라이브\데이터셋\mixed\imgi_954_pexels-photo-8431500.jpg,194.612183,0.458378,8.454872,4.989484,0.324076,0.370051,0.505083
mixed,imgi_97_materials-of-the-world-forest-ground-leaves-render-04.jpg,G:\내 드라이브\데이터셋\mixed\imgi_97_materials-of-the-world-forest-ground-leaves-render-04.jpg,152.471363,0.793672,24.521870,5.782660,0.676829,0.367105,0.639645
mixed,imgi_98_everytexture.com-stock-nature-dirt-texture-00014-1024x768.jpg,G:\내 드라이브\데이터셋\mixed\imgi_98_everytexture.com-stock-nature-dirt-texture-00014-1024x768.jpg,20.836842,0.905905,24.509888,5.412055,0.689861,0.378587,0.824230
mixed,imgi_994_pexels-photo-12758029.jpg,G:\내 드라이브\데이터셋\mixed\imgi_994_pexels-photo-12758029.jpg,111.846655,0.952407,32.765766,5.341967,0.642766,0.387591,0.685332
rocky,imgi_106_tatry-3630832_1280.jpg,G:\내 드라이브\데이터셋\rocky\imgi_106_tatry-3630832_1280.jpg,83.077463,0.285777,4.833551,4.573668,0.000000,0.321369,0.494941
rocky,imgi_108_beach-4848021_1280.jpg,G:\내 드라이브\데이터셋\rocky\imgi_108_beach-4848021_1280.jpg,84.004406,0.719028,23.292131,5.866795,0.000000,0.311702,0.606344
rocky,imgi_110_elk-4728503_1280.jpg,G:\내 드라이브\데이터셋\rocky\imgi_110_elk-4728503_1280.jpg,66.338627,0.648500,12.710569,5.148434,0.397411,0.350275,0.636265
rocky,imgi_111_hiking-4591419_1280.jpg,G:\내 드라이브\데이터셋\rocky\imgi_111_hiking-4591419_1280.jpg,131.951776,0.641369,17.252731,5.826197,0.000000,0.322746,0.513147
rocky,imgi_111_train-4984612_1280.jpg,G:\내 드라이브\데이터셋\rocky\imgi_111_train-4984612_1280.jpg,83.493753,0.505934,12.528090,5.505059,0.000000,0.278198,0.553473
rocky,imgi_1132_pexels-photo-923131.jpg,G:\내 드라이브\데이터셋\rocky\imgi_1132_pexels-photo-923131.jpg,87.938831,0.452700,10.628724,5.604017,0.222206,0.308141,0.568302
rocky,imgi_113_mountains-5434225_1280.jpg,G:\내 드라이브\데이터셋\rocky\imgi_113_mountains-5434225_1280.jpg,110.087151,0.497777,12.129584,5.421717,0.000000,0.263110,0.501342
rocky,imgi_120_islands-6294676_1280.jpg,G:\내 드라이브\데이터셋\rocky\imgi_120_islands-6294676_1280.jpg,119.640480,0.421445,8.396522,5.451104,0.000000,0.296313,0.469649
rocky,imgi_120_lake-5870800_1280.jpg,G:\내 드라이브\데이터셋\rocky\imgi_120_lake-5870800_1280.jpg,107.960441,0.702035,24.701738,5.842394,0.000000,0.297138,0.567576
rocky,imgi_123_lake-3593382_1280.jpg,G:\내 드라이브\데이터셋\rocky\imgi_123_lake-3593382_1280.jpg,40.617490,0.588485,14.808771,5.607417,0.000000,0.300143,0.644965
rocky,imgi_126_landscape-2423861_1280.jpg,G:\내 드라이브\데이터셋\rocky\imgi_126_landscape-2423861_1280.jpg,64.339039,0.614378,18.156448,5.728764,0.000000,0.300725,0.617226
rocky,imgi_128_field-6267617_1280.jpg,G:\내 드라이브\데이터셋\rocky\imgi_128_field-6267617_1280.jpg,92.886375,0.360425,6.705057,5.313930,0.000000,0.320585,0.510328
rocky,imgi_129_colorado-689377_1280.jpg,G:\내 드라이브\데이터셋\rocky\imgi_129_colorado-689377_1280.jpg,139.729666,0.673959,20.826027,5.804044,0.000000,0.299143,0.527536
rocky,imgi_129_the-alps-4546814_1280.jpg,G:\내 드라이브\데이터셋\rocky\imgi_129_the-alps-4546814_1280.jpg,100.522324,0.389223,12.658461,4.887945,0.000000,0.235854,0.501563
rocky,imgi_132_cairn-2746627_1280.jpg,G:\내 드라이브\데이터셋\rocky\imgi_132_cairn-2746627_1280.jpg,119.943777,0.378945,10.510694,5.693157,0.000000,0.264464,0.475818
rocky,imgi_132_canada-534545_1280.jpg,G:\내 드라이브\데이터셋\rocky\imgi_132_canada-534545_1280.jpg,52.746433,0.523970,13.509624,5.667766,0.000000,0.273555,0.613980
rocky,imgi_133_rock-6560662_1280.jpg,G:\내 드라이브\데이터셋\rocky\imgi_133_rock-6560662_1280.jpg,36.789208,0.949041,26.397980,5.308232,0.685180,0.370646,0.799373
rocky,imgi_134_lake-4697445_1280.jpg,G:\내 드라이브\데이터셋\rocky\imgi_134_lake-4697445_1280.jpg,58.072713,0.700614,27.613197,5.778614,0.000000,0.292796,0.672250
rocky,imgi_134_waters-3229268_1280.jpg,G:\내 드라이브\데이터셋\rocky\imgi_134_waters-3229268_1280.jpg,89.144720,0.721692,19.590107,5.634614,0.155574,0.286902,0.597312
rocky,imgi_135_lake-4697448_1280.jpg,G:\내 드라이브\데이터셋\rocky\imgi_135_lake-4697448_1280.jpg,49.701584,0.551302,18.632092,5.635146,0.346891,0.292509,0.690565
rocky,imgi_141_colorado-2111798_1280.jpg,G:\내 드라이브\데이터셋\rocky\imgi_141_colorado-2111798_1280.jpg,155.679097,0.437669,15.505880,5.296236,0.000000,0.279640,0.497189
rocky,imgi_142_sky-3489195_1280.jpg,G:\내 드라이브\데이터셋\rocky\imgi_142_sky-3489195_1280.jpg,86.455024,0.409308,10.628350,5.645204,0.000000,0.266503,0.537970
rocky,imgi_142_the-alps-4449150_1280.jpg,G:\내 드라이브\데이터셋\rocky\imgi_142_the-alps-4449150_1280.jpg,56.171194,0.644227,18.314253,5.502785,0.000000,0.328779,0.635745
rocky,imgi_143_fanes-3734894_1280.jpg,G:\내 드라이브\데이터셋\rocky\imgi_143_fanes-3734894_1280.jpg,134.797326,0.567698,21.304840,5.831165,0.000000,0.270673,0.526934
rocky,imgi_144_travel-6002469_1280.jpg,G:\내 드라이브\데이터셋\rocky\imgi_144_travel-6002469_1280.jpg,82.798196,0.819932,27.254816,5.947648,0.000000,0.333148,0.629275
rocky,imgi_145_sunrise-3684735_1280.jpg,G:\내 드라이브\데이터셋\rocky\imgi_145_sunrise-3684735_1280.jpg,127.008327,0.178109,5.084981,5.381042,0.000000,0.250076,0.406320
rocky,imgi_146_cove-3778425_1280.jpg,G:\내 드라이브\데이터셋\rocky\imgi_146_cove-3778425_1280.jpg,79.071756,0.602887,14.045699,5.290030,0.000000,0.290749,0.566284
rocky,imgi_149_grass-6196475_1280.jpg,G:\내 드라이브\데이터셋\rocky\imgi_149_grass-6196475_1280.jpg,67.376263,0.721806,18.643745,5.780774,0.000000,0.320288,0.615898
rocky,imgi_150_way-2719470_1280.jpg,G:\내 드라이브\데이터셋\rocky\imgi_150_way-2719470_1280.jpg,68.658234,0.719266,23.915638,5.827516,0.000000,0.301371,0.636368
rocky,imgi_151_lake-4697441_1280.jpg,G:\내 드라이브\데이터셋\rocky\imgi_151_lake-4697441_1280.jpg,83.687349,0.632464,16.315620,5.748785,0.000000,0.308677,0.573920
rocky,imgi_152_lake-4697450_1280.jpg,G:\내 드라이브\데이터셋\rocky\imgi_152_lake-4697450_1280.jpg,81.353856,0.697247,24.992838,5.912868,0.000000,0.302872,0.618292
rocky,imgi_153_lake-4697443_1280.jpg,G:\내 드라이브\데이터셋\rocky\imgi_153_lake-4697443_1280.jpg,73.668717,0.747987,23.436245,5.799857,0.000000,0.321754,0.626973
rocky,imgi_154_lake-4697442_1280.jpg,G:\내 드라이브\데이터셋\rocky\imgi_154_lake-4697442_1280.jpg,44.950272,0.584878,15.911961,5.830693,0.000000,0.295256,0.641704
rocky,imgi_155_sea-4994550_1280.jpg,G:\내 드라이브\데이터셋\rocky\imgi_155_sea-4994550_1280.jpg,93.944439,0.485796,10.016063,5.484214,0.000000,0.306445,0.525363
rocky,imgi_156_nature-3229281_1280.jpg,G:\내 드라이브\데이터셋\rocky\imgi_156_nature-3229281_1280.jpg,106.995356,0.703171,16.286228,4.927054,0.298703,0.334296,0.556680
rocky,imgi_159_banff-national-park-5961236_1280.jpg,G:\내 드라이브\데이터셋\rocky\imgi_159_banff-national-park-5961236_1280.jpg,74.458343,0.574983,16.094177,5.795474,0.000000,0.275891,0.586524
rocky,imgi_162_nature-9674982_1280.jpg,G:\내 드라이브\데이터셋\rocky\imgi_162_nature-9674982_1280.jpg,18.133848,0.203238,5.512261,5.046891,0.466691,0.244733,0.669204
rocky,imgi_163_mountains-5901106_1280.jpg,G:\내 드라이브\데이터셋\rocky\imgi_163_mountains-5901106_1280.jpg,97.517808,0.675275,18.026136,5.779777,0.000000,0.308920,0.556607
rocky,imgi_165_dolomites-2437537_1280.jpg,G:\내 드라이브\데이터셋\rocky\imgi_165_dolomites-2437537_1280.jpg,88.134856,0.552867,17.566433,5.659254,0.000000,0.264001,0.567162
rocky,imgi_165_mountain-2746646_1280.jpg,G:\내 드라이브\데이터셋\rocky\imgi_165_mountain-2746646_1280.jpg,87.846052,0.439082,9.691835,5.721470,0.000000,0.311686,0.535548
rocky,imgi_168_hill-7312800_1280.jpg,G:\내 드라이브\데이터셋\rocky\imgi_168_hill-7312800_1280.jpg,84.924466,0.522285,10.997962,5.727450,0.000000,0.291702,0.545028
rocky,imgi_169_natural-landscapes-8226205_1280.jpg,G:\내 드라이브\데이터셋\rocky\imgi_169_natural-landscapes-8226205_1280.jpg,142.511077,0.363307,11.234551,5.056943,0.000000,0.280688,0.469296
rocky,imgi_171_mountain-2764264_1280.jpg,G:\내 드라이브\데이터셋\rocky\imgi_171_mountain-2764264_1280.jpg,113.667841,0.583867,12.799075,5.444984,0.000000,0.309566,0.502561
rocky,imgi_172_horses-4779500_1280.jpg,G:\내 드라이브\데이터셋\rocky\imgi_172_horses-4779500_1280.jpg,61.441290,0.471915,10.518195,5.518630,0.000000,0.288398,0.585501
rocky,imgi_173_mountains-959759_1280.jpg,G:\내 드라이브\데이터셋\rocky\imgi_173_mountains-959759_1280.jpg,67.540222,0.413124,8.448210,5.184411,0.000000,0.283258,0.556917
rocky,imgi_174_nature-4572231_1280.jpg,G:\내 드라이브\데이터셋\rocky\imgi_174_nature-4572231_1280.jpg,90.094710,0.746722,20.586870,5.553610,0.000000,0.309606,0.582288
rocky,imgi_175_waters-3229270_1280.jpg,G:\내 드라이브\데이터셋\rocky\imgi_175_waters-3229270_1280.jpg,88.103742,0.839327,28.146103,5.708192,0.075032,0.334350,0.633600
rocky,imgi_178_nature-6661707_1280.jpg,G:\내 드라이브\데이터셋\rocky\imgi_178_nature-6661707_1280.jpg,60.511676,0.775643,16.081194,5.478801,0.000000,0.353583,0.619801
rocky,imgi_182_eisfelder-1514665_1280.jpg,G:\내 드라이브\데이터셋\rocky\imgi_182_eisfelder-1514665_1280.jpg,83.305244,0.494173,9.930470,5.500330,0.000000,0.312054,0.545028
rocky,imgi_183_hot-5954088_1280.jpg,G:\내 드라이브\데이터셋\rocky\imgi_183_hot-5954088_1280.jpg,33.463664,0.756300,17.214113,5.284373,0.393713,0.348838,0.721553
rocky,imgi_1842_pexels-photo-6104374.jpg,G:\내 드라이브\데이터셋\rocky\imgi_1842_pexels-photo-6104374.jpg,52.349767,0.068264,2.263046,5.660167,0.000000,0.253621,0.408259
rocky,imgi_1844_pexels-photo-12602490.jpg,G:\내 드라이브\데이터셋\rocky\imgi_1844_pexels-photo-12602490.jpg,83.654281,0.470941,10.281660,4.926368,0.308392,0.338608,0.572993
rocky,imgi_1846_pexels-photo-15596553.jpg,G:\내 드라이브\데이터셋\rocky\imgi_1846_pexels-photo-15596553.jpg,122.572956,0.612022,14.655519,5.097703,0.364595,0.396272,0.545646
rocky,imgi_1848_pexels-photo-16711184.jpg,G:\내 드라이브\데이터셋\rocky\imgi_1848_pexels-photo-16711184.jpg,114.903716,0.941609,20.738741,5.720648,0.000000,0.381800,0.544736
rocky,imgi_1850_pexels-photo-30609953.jpg,G:\내 드라이브\데이터셋\rocky\imgi_1850_pexels-photo-30609953.jpg,97.133834,0.495903,12.412183,5.644875,0.000000,0.309710,0.531074
rocky,imgi_1852_pexels-photo-167983.jpg,G:\내 드라이브\데이터셋\rocky\imgi_1852_pexels-photo-167983.jpg,103.863606,0.207952,5.511065,5.710824,0.000000,0.292754,0.472644
rocky,imgi_1854_pexels-photo-33854169.jpg,G:\내 드라이브\데이터셋\rocky\imgi_1854_pexels-photo-33854169.jpg,148.069204,0.257903,7.976555,4.718266,0.000000,0.236192,0.438285
rocky,imgi_1856_pexels-photo-33564747.jpg,G:\내 드라이브\데이터셋\rocky\imgi_1856_pexels-photo-33564747.jpg,75.247327,0.864042,19.969162,5.322352,0.691109,0.360306,0.698939
rocky,imgi_1858_pexels-photo-13255809.jpg,G:\내 드라이브\데이터셋\rocky\imgi_1858_pexels-photo-13255809.jpg,68.489270,0.496974,13.512922,5.703240,0.000000,0.301986,0.587977
rocky,imgi_1860_pexels-photo-33653655.jpg,G:\내 드라이브\데이터셋\rocky\imgi_1860_pexels-photo-33653655.jpg,118.610147,0.691469,15.832452,4.824100,0.733736,0.355031,0.588455
rocky,imgi_1862_pexels-photo-14020402.jpg,G:\내 드라이브\데이터셋\rocky\imgi_1862_pexels-photo-14020402.jpg,109.328363,0.743801,14.434060,5.762708,0.000000,0.307616,0.517986
rocky,imgi_1864_pexels-photo-19269670.jpg,G:\내 드라이브\데이터셋\rocky\imgi_1864_pexels-photo-19269670.jpg,49.790240,0.202467,4.228166,5.042310,0.000000,0.330996,0.552181
rocky,imgi_1866_pexels-photo-9076018.jpg,G:\내 드라이브\데이터셋\rocky\imgi_1866_pexels-photo-9076018.jpg,84.590063,0.640753,13.642737,5.753809,0.030125,0.354260,0.568211
rocky,imgi_1868_pexels-photo-13147623.jpg,G:\내 드라이브\데이터셋\rocky\imgi_1868_pexels-photo-13147623.jpg,106.794560,0.878603,17.555635,5.286800,0.000000,0.392061,0.541935
rocky,imgi_1870_pexels-photo-34644780.jpg,G:\내 드라이브\데이터셋\rocky\imgi_1870_pexels-photo-34644780.jpg,83.533691,0.755014,23.167936,5.654088,0.000000,0.354522,0.610907
rocky,imgi_1872_pexels-photo-12615248.jpg,G:\내 드라이브\데이터셋\rocky\imgi_1872_pexels-photo-12615248.jpg,72.249489,0.533678,16.213272,5.305976,0.000000,0.305125,0.590921
rocky,imgi_1874_pexels-photo-6534305.jpg,G:\내 드라이브\데이터셋\rocky\imgi_1874_pexels-photo-6534305.jpg,142.319644,0.722825,15.968411,5.596894,0.376553,0.392191,0.563023
rocky,imgi_1876_pexels-photo-36567543.jpg,G:\내 드라이브\데이터셋\rocky\imgi_1876_pexels-photo-36567543.jpg,112.562310,0.614708,13.273234,5.705607,0.000000,0.355342,0.511388
rocky,imgi_1878_pexels-photo-34775110.jpg,G:\내 드라이브\데이터셋\rocky\imgi_1878_pexels-photo-34775110.jpg,79.279023,0.360260,8.276323,5.439567,0.000000,0.334937,0.546944
rocky,imgi_1880_pexels-photo-36466999.jpg,G:\내 드라이브\데이터셋\rocky\imgi_1880_pexels-photo-36466999.jpg,55.657951,0.522357,11.849192,5.629740,0.111275,0.351416,0.623111
rocky,imgi_1882_pexels-photo-9978453.jpg,G:\내 드라이브\데이터셋\rocky\imgi_1882_pexels-photo-9978453.jpg,66.647100,0.638065,17.787458,5.377796,0.274635,0.306022,0.646757
rocky,imgi_1888_pexels-photo-37310942.jpg,G:\내 드라이브\데이터셋\rocky\imgi_1888_pexels-photo-37310942.jpg,56.207506,0.851051,23.998623,5.840246,0.445111,0.393447,0.726656
rocky,imgi_1890_pexels-photo-16385569.jpg,G:\내 드라이브\데이터셋\rocky\imgi_1890_pexels-photo-16385569.jpg,80.760419,0.506452,21.252743,5.573779,0.000000,0.262218,0.597783
rocky,imgi_1892_pexels-photo-28641734.jpg,G:\내 드라이브\데이터셋\rocky\imgi_1892_pexels-photo-28641734.jpg,39.069959,0.780678,19.603947,5.480323,0.649891,0.337608,0.758512
rocky,imgi_1894_pexels-photo-34596289.jpg,G:\내 드라이브\데이터셋\rocky\imgi_1894_pexels-photo-34596289.jpg,75.698389,0.426846,10.085468,5.421964,0.000000,0.309098,0.559405
rocky,imgi_1896_pexels-photo-5520832.jpg,G:\내 드라이브\데이터셋\rocky\imgi_1896_pexels-photo-5520832.jpg,46.357214,0.150699,3.886454,4.754201,0.000000,0.283252,0.490728
rocky,imgi_1898_pexels-photo-7694253.jpg,G:\내 드라이브\데이터셋\rocky\imgi_1898_pexels-photo-7694253.jpg,79.185539,0.726678,20.188068,5.529319,0.319971,0.375926,0.648647
rocky,imgi_189_hut-2211357_1280.jpg,G:\내 드라이브\데이터셋\rocky\imgi_189_hut-2211357_1280.jpg,119.193609,0.517181,17.013033,5.422252,0.000000,0.255572,0.506784
rocky,imgi_1904_pexels-photo-26561133.jpg,G:\내 드라이브\데이터셋\rocky\imgi_1904_pexels-photo-26561133.jpg,102.121231,0.194662,5.321890,5.691274,0.000000,0.268582,0.459245
rocky,imgi_1906_pexels-photo-15173341.jpg,G:\내 드라이브\데이터셋\rocky\imgi_1906_pexels-photo-15173341.jpg,136.446740,0.469265,11.987735,4.684240,0.481111,0.306128,0.525491
rocky,imgi_1908_pexels-photo-2790940.jpg,G:\내 드라이브\데이터셋\rocky\imgi_1908_pexels-photo-2790940.jpg,86.624245,0.748496,22.692253,5.467448,0.574629,0.388134,0.681074
rocky,imgi_190_mountains-6067511_1280.jpg,G:\내 드라이브\데이터셋\rocky\imgi_190_mountains-6067511_1280.jpg,89.882931,0.467746,11.698601,5.568244,0.000000,0.281492,0.538201
rocky,imgi_1910_pexels-photo-31190940.jpg,G:\내 드라이브\데이터셋\rocky\imgi_1910_pexels-photo-31190940.jpg,104.284596,0.472884,10.282514,5.684694,0.000000,0.327671,0.509778
rocky,imgi_1912_pexels-photo-13592456.jpg,G:\내 드라이브\데이터셋\rocky\imgi_1912_pexels-photo-13592456.jpg,29.269404,0.459586,9.474370,5.533297,0.000000,0.324356,0.643186
rocky,imgi_1914_pexels-photo-34393431.jpg,G:\내 드라이브\데이터셋\rocky\imgi_1914_pexels-photo-34393431.jpg,91.436371,0.207451,4.204690,4.832000,0.000000,0.342614,0.474855
rocky,imgi_1916_pexels-photo-33582797.jpg,G:\내 드라이브\데이터셋\rocky\imgi_1916_pexels-photo-33582797.jpg,57.655419,0.635899,18.645178,5.673208,0.000000,0.314461,0.633144
rocky,imgi_1918_pexels-photo-18370580.jpg,G:\내 드라이브\데이터셋\rocky\imgi_1918_pexels-photo-18370580.jpg,93.697959,0.095892,3.088505,5.128823,0.111667,0.329334,0.377000
rocky,imgi_1920_pexels-photo-9872049.jpg,G:\내 드라이브\데이터셋\rocky\imgi_1920_pexels-photo-9872049.jpg,88.914394,0.531838,13.988916,5.464304,0.000000,0.316353,0.554199
rocky,imgi_1922_pexels-photo-19719527.jpg,G:\내 드라이브\데이터셋\rocky\imgi_1922_pexels-photo-19719527.jpg,64.978405,0.362551,7.544916,4.777391,0.000000,0.359089,0.551395
rocky,imgi_1924_pexels-photo-8969055.jpg,G:\내 드라이브\데이터셋\rocky\imgi_1924_pexels-photo-8969055.jpg,158.468066,0.647714,13.181351,5.372729,0.000000,0.345407,0.495419
rocky,imgi_1926_pexels-photo-13807249.jpg,G:\내 드라이브\데이터셋\rocky\imgi_1926_pexels-photo-13807249.jpg,60.361358,0.537228,10.081286,5.453365,0.000000,0.345450,0.591138
rocky,imgi_1928_pexels-photo-13592478.jpg,G:\내 드라이브\데이터셋\rocky\imgi_1928_pexels-photo-13592478.jpg,35.686599,0.434654,9.170761,5.453928,0.075057,0.315388,0.638859
rocky,imgi_1930_pexels-photo-18783753.jpg,G:\내 드라이브\데이터셋\rocky\imgi_1930_pexels-photo-18783753.jpg,108.471219,0.505027,10.056309,5.504807,0.000000,0.380392,0.506314
rocky,imgi_1932_pexels-photo-14755970.jpg,G:\내 드라이브\데이터셋\rocky\imgi_1932_pexels-photo-14755970.jpg,159.543942,0.804281,16.758415,5.466567,0.260715,0.332625,0.545710
rocky,imgi_1934_pexels-photo-36309854.jpg,G:\내 드라이브\데이터셋\rocky\imgi_1934_pexels-photo-36309854.jpg,22.824326,0.582278,14.243540,5.297709,0.424825,0.345750,0.731315
rocky,imgi_1936_pexels-photo-5667647.jpg,G:\내 드라이브\데이터셋\rocky\imgi_1936_pexels-photo-5667647.jpg,0.000000,0.496836,10.928349,5.051961,0.000000,0.330866,0.692712
rocky,imgi_1938_pexels-photo-15096423.jpg,G:\내 드라이브\데이터셋\rocky\imgi_1938_pexels-photo-15096423.jpg,82.761113,0.772632,8.944691,5.147103,0.242752,0.350893,0.568417
rocky,imgi_193_poppy-5296176_1280.jpg,G:\내 드라이브\데이터셋\rocky\imgi_193_poppy-5296176_1280.jpg,91.537823,0.397761,10.146271,5.347482,0.137059,0.268770,0.542685
rocky,imgi_1940_pexels-photo-26969889.jpg,G:\내 드라이브\데이터셋\rocky\imgi_1940_pexels-photo-26969889.jpg,54.394816,0.156132,4.290249,5.068768,0.000000,0.271388,0.492617
rocky,imgi_1942_pexels-photo-20184081.jpg,G:\내 드라이브\데이터셋\rocky\imgi_1942_pexels-photo-20184081.jpg,111.863704,0.520498,8.703108,5.566187,0.000000,0.332064,0.488919
rocky,imgi_1944_pexels-photo-17181067.jpg,G:\내 드라이브\데이터셋\rocky\imgi_1944_pexels-photo-17181067.jpg,114.381194,0.342307,8.778260,5.387839,0.213267,0.289245,0.507693
rocky,imgi_1948_pexels-photo-32507662.jpg,G:\내 드라이브\데이터셋\rocky\imgi_1948_pexels-photo-32507662.jpg,31.980776,0.587520,14.185163,5.817795,0.000000,0.330771,0.660939
rocky,imgi_194_lake-4697449_1280.jpg,G:\내 드라이브\데이터셋\rocky\imgi_194_lake-4697449_1280.jpg,43.041785,0.649099,19.181082,5.580240,0.262472,0.305068,0.695630
rocky,imgi_1950_pexels-photo-7573309.jpg,G:\내 드라이브\데이터셋\rocky\imgi_1950_pexels-photo-7573309.jpg,75.497522,0.556725,13.278824,5.535791,0.000000,0.361559,0.579988
rocky,imgi_1952_pexels-photo-33564323.jpg,G:\내 드라이브\데이터셋\rocky\imgi_1952_pexels-photo-33564323.jpg,73.292475,0.355817,7.646827,5.629494,0.000000,0.343805,0.555855
rocky,imgi_1954_pexels-photo-12971471.jpg,G:\내 드라이브\데이터셋\rocky\imgi_1954_pexels-photo-12971471.jpg,118.203066,0.171609,4.348928,4.957032,0.566766,0.308751,0.465078
rocky,imgi_1956_pexels-photo-33985806.jpg,G:\내 드라이브\데이터셋\rocky\imgi_1956_pexels-photo-33985806.jpg,141.720224,0.469592,9.099870,4.982824,0.000000,0.335443,0.462294
rocky,imgi_1958_pexels-photo-15967976.jpg,G:\내 드라이브\데이터셋\rocky\imgi_1958_pexels-photo-15967976.jpg,158.450975,0.632431,21.523981,5.406250,0.000000,0.292354,0.530129
rocky,imgi_1960_pexels-photo-13342847.jpg,G:\내 드라이브\데이터셋\rocky\imgi_1960_pexels-photo-13342847.jpg,134.645746,0.674236,13.132175,5.165635,0.190310,0.371014,0.515587
rocky,imgi_1962_pexels-photo-14145680.jpg,G:\내 드라이브\데이터셋\rocky\imgi_1962_pexels-photo-14145680.jpg,132.041172,0.552283,9.617771,5.055925,0.000000,0.358395,0.469454
rocky,imgi_1964_pexels-photo-36279309.jpg,G:\내 드라이브\데이터셋\rocky\imgi_1964_pexels-photo-36279309.jpg,128.384716,0.450094,7.867978,5.262981,0.000000,0.359519,0.468266
rocky,imgi_1966_pexels-photo-19497746.jpg,G:\내 드라이브\데이터셋\rocky\imgi_1966_pexels-photo-19497746.jpg,169.111258,0.468789,7.396773,5.704498,0.000000,0.317450,0.466417
rocky,imgi_1968_pexels-photo-7244979.jpg,G:\내 드라이브\데이터셋\rocky\imgi_1968_pexels-photo-7244979.jpg,142.567604,0.758020,14.375611,5.446310,0.000000,0.368100,0.504196
rocky,imgi_1970_pexels-photo-35295190.jpg,G:\내 드라이브\데이터셋\rocky\imgi_1970_pexels-photo-35295190.jpg,149.169663,0.446829,8.112586,5.356277,0.247436,0.367221,0.505459
rocky,imgi_1972_pexels-photo-17053272.png,G:\내 드라이브\데이터셋\rocky\imgi_1972_pexels-photo-17053272.png,104.285738,0.305680,7.177417,5.493841,0.000000,0.284261,0.490880
rocky,imgi_1974_pexels-photo-20118629.jpg,G:\내 드라이브\데이터셋\rocky\imgi_1974_pexels-photo-20118629.jpg,80.492959,0.395328,10.076873,5.344924,0.000000,0.326523,0.550481
rocky,imgi_1976_pexels-photo-15968191.jpg,G:\내 드라이브\데이터셋\rocky\imgi_1976_pexels-photo-15968191.jpg,129.364140,0.680959,22.925095,5.675753,0.000000,0.310528,0.538514
rocky,imgi_1978_pexels-photo-18756744.jpg,G:\내 드라이브\데이터셋\rocky\imgi_1978_pexels-photo-18756744.jpg,82.946632,0.415248,9.112792,5.682446,0.000000,0.301623,0.540810
rocky,imgi_1980_pexels-photo-8266729.jpg,G:\내 드라이브\데이터셋\rocky\imgi_1980_pexels-photo-8266729.jpg,61.332747,0.253307,5.573435,4.872535,0.000000,0.323969,0.548497
rocky,imgi_1982_pexels-photo-12878778.jpg,G:\내 드라이브\데이터셋\rocky\imgi_1982_pexels-photo-12878778.jpg,121.124201,0.368001,7.386225,5.266426,0.000000,0.334390,0.463609
rocky,imgi_1984_pexels-photo-33654713.jpg,G:\내 드라이브\데이터셋\rocky\imgi_1984_pexels-photo-33654713.jpg,102.881408,0.619170,10.719708,5.031483,0.142881,0.393185,0.527242
rocky,imgi_1986_pexels-photo-17243091.jpg,G:\내 드라이브\데이터셋\rocky\imgi_1986_pexels-photo-17243091.jpg,85.352860,0.161838,4.606623,3.855989,0.506237,0.284459,0.469741
rocky,imgi_1988_pexels-photo-17061420.jpg,G:\내 드라이브\데이터셋\rocky\imgi_1988_pexels-photo-17061420.jpg,117.381031,0.643193,16.703194,5.658889,0.000000,0.328283,0.515926
rocky,imgi_198_rockies-5244722_1280.jpg,G:\내 드라이브\데이터셋\rocky\imgi_198_rockies-5244722_1280.jpg,112.579293,0.513924,13.754115,5.774336,0.000000,0.270867,0.505164
rocky,imgi_1990_pexels-photo-28257294.jpg,G:\내 드라이브\데이터셋\rocky\imgi_1990_pexels-photo-28257294.jpg,78.122133,0.844716,19.700220,5.520340,0.111412,0.386433,0.622248
rocky,imgi_1992_pexels-photo-20585795.jpg,G:\내 드라이브\데이터셋\rocky\imgi_1992_pexels-photo-20585795.jpg,100.789495,0.532633,7.272526,5.570277,0.000000,0.359287,0.505238
rocky,imgi_1996_pexels-photo-16052606.jpg,G:\내 드라이브\데이터셋\rocky\imgi_1996_pexels-photo-16052606.jpg,39.507330,0.631806,18.591640,5.608653,0.000000,0.314035,0.666122
rocky,imgi_1998_pexels-photo-13880929.jpg,G:\내 드라이브\데이터셋\rocky\imgi_1998_pexels-photo-13880929.jpg,149.823843,0.576113,18.395376,5.208446,0.000000,0.290145,0.508858
rocky,imgi_2000_pexels-photo-19719513.jpg,G:\내 드라이브\데이터셋\rocky\imgi_2000_pexels-photo-19719513.jpg,94.022626,0.330171,7.692438,5.190249,0.000000,0.337924,0.510484
rocky,imgi_2002_pexels-photo-27102852.jpg,G:\내 드라이브\데이터셋\rocky\imgi_2002_pexels-photo-27102852.jpg,0.000000,0.650677,11.922304,5.121854,0.642023,0.367129,0.786790
rocky,imgi_2006_pexels-photo-19620404.jpg,G:\내 드라이브\데이터셋\rocky\imgi_2006_pexels-photo-19620404.jpg,96.872461,0.491453,7.097597,4.888311,0.000000,0.379711,0.496585
rocky,imgi_2008_pexels-photo-9191117.jpg,G:\내 드라이브\데이터셋\rocky\imgi_2008_pexels-photo-9191117.jpg,104.229870,0.665535,15.429998,5.657220,0.000000,0.370691,0.538309
rocky,imgi_200_rockies-5244730_1280.jpg,G:\내 드라이브\데이터셋\rocky\imgi_200_rockies-5244730_1280.jpg,87.111422,0.772587,31.294624,5.482547,0.000000,0.300850,0.637074
rocky,imgi_2010_pexels-photo-5768958.jpg,G:\내 드라이브\데이터셋\rocky\imgi_2010_pexels-photo-5768958.jpg,47.762900,0.757250,23.348110,5.646137,0.596397,0.349584,0.754369
rocky,imgi_2012_pexels-photo-34974535.jpg,G:\내 드라이브\데이터셋\rocky\imgi_2012_pexels-photo-34974535.jpg,20.264100,0.206777,4.881655,4.515553,0.000000,0.350687,0.598096
rocky,imgi_2014_pexels-photo-7244984.jpg,G:\내 드라이브\데이터셋\rocky\imgi_2014_pexels-photo-7244984.jpg,92.176539,0.724867,13.080809,5.120038,0.000000,0.334338,0.536428
rocky,imgi_2016_pexels-photo-8653502.jpg,G:\내 드라이브\데이터셋\rocky\imgi_2016_pexels-photo-8653502.jpg,157.071513,0.728352,15.845984,5.218602,0.111766,0.335420,0.516303
rocky,imgi_2018_pexels-photo-22779088.jpg,G:\내 드라이브\데이터셋\rocky\imgi_2018_pexels-photo-22779088.jpg,67.564705,0.808521,21.734377,5.860147,0.275560,0.352990,0.669133
rocky,imgi_2022_pexels-photo-33117746.jpg,G:\내 드라이브\데이터셋\rocky\imgi_2022_pexels-photo-33117746.jpg,91.722942,0.413457,11.881988,5.639254,0.000000,0.312782,0.538816
rocky,imgi_2024_pexels-photo-9152568.jpg,G:\내 드라이브\데이터셋\rocky\imgi_2024_pexels-photo-9152568.jpg,78.983085,0.491431,14.290482,5.635920,0.000000,0.296553,0.571840
rocky,imgi_2026_pexels-photo-17307142.jpg,G:\내 드라이브\데이터셋\rocky\imgi_2026_pexels-photo-17307142.jpg,96.698150,0.606972,6.931090,5.640247,0.224141,0.377233,0.542071
rocky,imgi_2028_pexels-photo-26649003.jpg,G:\내 드라이브\데이터셋\rocky\imgi_2028_pexels-photo-26649003.jpg,121.058831,0.279884,6.613452,4.792742,0.000000,0.302161,0.440975
rocky,imgi_2030_pexels-photo-37374565.jpg,G:\내 드라이브\데이터셋\rocky\imgi_2030_pexels-photo-37374565.jpg,87.876515,0.376958,9.696563,5.396961,0.000000,0.285396,0.532784
rocky,imgi_2032_pexels-photo-5322640.jpg,G:\내 드라이브\데이터셋\rocky\imgi_2032_pexels-photo-5322640.jpg,97.394356,0.662399,18.445993,5.463213,0.091826,0.334713,0.573318
rocky,imgi_2034_pexels-photo-19620390.jpg,G:\내 드라이브\데이터셋\rocky\imgi_2034_pexels-photo-19620390.jpg,111.461746,0.541404,12.116187,5.344153,0.000000,0.338027,0.504389
rocky,imgi_2036_pexels-photo-33900025.jpg,G:\내 드라이브\데이터셋\rocky\imgi_2036_pexels-photo-33900025.jpg,171.802682,0.718628,16.618629,5.672052,0.104501,0.394574,0.530942
rocky,imgi_2038_pexels-photo-12347983.jpg,G:\내 드라이브\데이터셋\rocky\imgi_2038_pexels-photo-12347983.jpg,40.212539,0.707465,16.202147,5.429489,0.634827,0.359547,0.740707
rocky,imgi_2040_pexels-photo-26616686.jpg,G:\내 드라이브\데이터셋\rocky\imgi_2040_pexels-photo-26616686.jpg,82.369658,0.586156,8.170373,4.761167,0.000000,0.306359,0.516629
rocky,imgi_2042_pexels-photo-7573308.jpg,G:\내 드라이브\데이터셋\rocky\imgi_2042_pexels-photo-7573308.jpg,96.134045,0.584371,9.973609,5.059066,0.573510,0.376960,0.591393
rocky,imgi_2044_pexels-photo-32584728.jpg,G:\내 드라이브\데이터셋\rocky\imgi_2044_pexels-photo-32584728.jpg,103.269223,0.541770,7.814470,5.687213,0.320887,0.353846,0.544403
rocky,imgi_2046_pexels-photo-14598445.jpg,G:\내 드라이브\데이터셋\rocky\imgi_2046_pexels-photo-14598445.jpg,55.647360,0.599004,15.300199,5.658619,0.000000,0.324934,0.622193
rocky,imgi_2048_pexels-photo-34389036.jpg,G:\내 드라이브\데이터셋\rocky\imgi_2048_pexels-photo-34389036.jpg,107.585602,0.310603,7.398667,5.425514,0.363254,0.320630,0.536727
rocky,imgi_2050_pexels-photo-34340946.jpg,G:\내 드라이브\데이터셋\rocky\imgi_2050_pexels-photo-34340946.jpg,101.905016,0.628252,22.312666,5.817382,0.000000,0.307993,0.568564
rocky,imgi_2052_pexels-photo-15832001.jpg,G:\내 드라이브\데이터셋\rocky\imgi_2052_pexels-photo-15832001.jpg,53.183256,0.113797,3.645986,5.145141,0.000000,0.239381,0.448828
rocky,imgi_2054_pexels-photo-6788525.jpg,G:\내 드라이브\데이터셋\rocky\imgi_2054_pexels-photo-6788525.jpg,82.742000,0.617127,14.020772,5.088925,0.531597,0.345437,0.627311
rocky,imgi_2056_pexels-photo-13774783.jpg,G:\내 드라이브\데이터셋\rocky\imgi_2056_pexels-photo-13774783.jpg,44.573869,0.467601,11.081030,5.491480,0.000000,0.261333,0.616357
rocky,imgi_2058_pexels-photo-1101097.jpg,G:\내 드라이브\데이터셋\rocky\imgi_2058_pexels-photo-1101097.jpg,48.368758,0.657096,17.115503,5.493775,0.504142,0.324700,0.709561
rocky,imgi_2060_pexels-photo-36348505.jpg,G:\내 드라이브\데이터셋\rocky\imgi_2060_pexels-photo-36348505.jpg,117.264379,0.485879,6.930630,4.378657,0.595318,0.371109,0.517960
rocky,imgi_2062_pexels-photo-13592474.jpg,G:\내 드라이브\데이터셋\rocky\imgi_2062_pexels-photo-13592474.jpg,33.861854,0.509500,10.865939,5.675209,0.000000,0.333423,0.642196
rocky,imgi_2064_pexels-photo-27577540.jpg,G:\내 드라이브\데이터셋\rocky\imgi_2064_pexels-photo-27577540.jpg,116.222732,0.630794,17.460125,5.846500,0.000000,0.314619,0.520231
rocky,imgi_2066_pexels-photo-19286145.jpg,G:\내 드라이브\데이터셋\rocky\imgi_2066_pexels-photo-19286145.jpg,123.623893,0.682499,13.398599,5.694934,0.000000,0.336168,0.496423
rocky,imgi_2068_pexels-photo-34030928.jpg,G:\내 드라이브\데이터셋\rocky\imgi_2068_pexels-photo-34030928.jpg,54.838838,0.423021,6.619339,4.617366,0.000000,0.338203,0.558223
rocky,imgi_2072_pexels-photo-22469003.jpg,G:\내 드라이브\데이터셋\rocky\imgi_2072_pexels-photo-22469003.jpg,91.653830,0.313020,9.188424,4.786505,0.245368,0.273100,0.533797
rocky,imgi_2074_pexels-photo-7573328.jpg,G:\내 드라이브\데이터셋\rocky\imgi_2074_pexels-photo-7573328.jpg,116.438684,0.675159,14.343098,5.355613,0.376193,0.388896,0.560078
rocky,imgi_2076_pexels-photo-19294542.jpg,G:\내 드라이브\데이터셋\rocky\imgi_2076_pexels-photo-19294542.jpg,42.233294,0.846369,12.900281,5.409882,0.462866,0.432125,0.706427
rocky,imgi_2078_pexels-photo-19719520.jpg,G:\내 드라이브\데이터셋\rocky\imgi_2078_pexels-photo-19719520.jpg,110.814033,0.501293,10.112682,4.809441,0.563929,0.365315,0.554401
rocky,imgi_2080_pexels-photo-17181056.jpg,G:\내 드라이브\데이터셋\rocky\imgi_2080_pexels-photo-17181056.jpg,96.505637,0.282993,6.681446,5.525842,0.577893,0.289368,0.578455
rocky,imgi_2082_pexels-photo-35518572.jpg,G:\내 드라이브\데이터셋\rocky\imgi_2082_pexels-photo-35518572.jpg,37.266806,0.517816,11.446294,5.728502,0.266277,0.360493,0.675997
rocky,imgi_2084_pexels-photo-5910392.jpg,G:\내 드라이브\데이터셋\rocky\imgi_2084_pexels-photo-5910392.jpg,62.764742,0.798233,16.962227,5.564293,0.000000,0.337855,0.618227
rocky,imgi_2086_pexels-photo-12045839.jpg,G:\내 드라이브\데이터셋\rocky\imgi_2086_pexels-photo-12045839.jpg,61.598534,0.883180,11.345201,5.542987,0.280864,0.441092,0.640872
rocky,imgi_2088_pexels-photo-9903798.jpg,G:\내 드라이브\데이터셋\rocky\imgi_2088_pexels-photo-9903798.jpg,96.841433,0.433862,9.290148,5.064049,0.000000,0.293444,0.504151
rocky,imgi_2090_pexels-photo-15638236.jpg,G:\내 드라이브\데이터셋\rocky\imgi_2090_pexels-photo-15638236.jpg,142.960935,0.178078,4.430512,4.633583,0.000000,0.279854,0.381284
rocky,imgi_2092_pexels-photo-12114631.jpg,G:\내 드라이브\데이터셋\rocky\imgi_2092_pexels-photo-12114631.jpg,105.510905,0.518878,9.483877,4.757158,0.000000,0.375488,0.487140
rocky,imgi_2094_pexels-photo-23192792.jpg,G:\내 드라이브\데이터셋\rocky\imgi_2094_pexels-photo-23192792.jpg,83.798686,0.454824,6.984844,5.235468,0.507692,0.365860,0.596212
rocky,imgi_2096_pexels-photo-33151291.jpg,G:\내 드라이브\데이터셋\rocky\imgi_2096_pexels-photo-33151291.jpg,164.595698,0.559862,15.742313,5.158252,0.000000,0.341139,0.499848
rocky,imgi_2098_pexels-photo-33885508.jpg,G:\내 드라이브\데이터셋\rocky\imgi_2098_pexels-photo-33885508.jpg,124.304731,0.394406,8.549352,4.635304,0.000000,0.312685,0.445854
rocky,imgi_2100_pexels-photo-26180289.jpg,G:\내 드라이브\데이터셋\rocky\imgi_2100_pexels-photo-26180289.jpg,94.147960,0.449861,9.957354,4.927109,0.000000,0.323483,0.510656
rocky,imgi_2102_pexels-photo-12997929.jpg,G:\내 드라이브\데이터셋\rocky\imgi_2102_pexels-photo-12997929.jpg,83.659571,0.422521,9.427647,5.076856,0.000000,0.296952,0.529740
rocky,imgi_2104_pexels-photo-37367104.jpg,G:\내 드라이브\데이터셋\rocky\imgi_2104_pexels-photo-37367104.jpg,77.310269,0.532774,13.085304,5.334245,0.000000,0.279189,0.565329
rocky,imgi_2106_pexels-photo-5197969.jpg,G:\내 드라이브\데이터셋\rocky\imgi_2106_pexels-photo-5197969.jpg,79.887116,0.320000,6.996998,5.532419,0.000000,0.322047,0.538543
rocky,imgi_2108_pexels-photo-2790924.jpg,G:\내 드라이브\데이터셋\rocky\imgi_2108_pexels-photo-2790924.jpg,131.978277,0.778968,25.467941,5.499428,0.758247,0.396666,0.657620
rocky,imgi_2110_pexels-photo-4581165.jpg,G:\내 드라이브\데이터셋\rocky\imgi_2110_pexels-photo-4581165.jpg,53.213659,0.706643,14.820950,5.670599,0.339206,0.359144,0.671926
rocky,imgi_2112_pexels-photo-8322089.jpg,G:\내 드라이브\데이터셋\rocky\imgi_2112_pexels-photo-8322089.jpg,84.425181,0.716165,17.468012,5.566280,0.051315,0.329920,0.586765
rocky,imgi_2114_pexels-photo-36348511.jpg,G:\내 드라이브\데이터셋\rocky\imgi_2114_pexels-photo-36348511.jpg,128.970450,0.283947,6.314004,5.053898,0.741702,0.295552,0.544037
rocky,imgi_2116_pexels-photo-11352129.jpg,G:\내 드라이브\데이터셋\rocky\imgi_2116_pexels-photo-11352129.jpg,56.693124,0.282090,4.733926,5.337665,0.000000,0.323605,0.568536
rocky,imgi_2118_pexels-photo-12540947.jpg,G:\내 드라이브\데이터셋\rocky\imgi_2118_pexels-photo-12540947.jpg,114.411066,0.653880,16.397234,5.745117,0.000000,0.355897,0.522698
rocky,imgi_2120_pexels-photo-9562556.jpg,G:\내 드라이브\데이터셋\rocky\imgi_2120_pexels-photo-9562556.jpg,160.138840,0.607852,15.370426,5.177077,0.000000,0.314677,0.496086
rocky,imgi_2122_pexels-photo-15351291.jpg,G:\내 드라이브\데이터셋\rocky\imgi_2122_pexels-photo-15351291.jpg,53.601574,0.511691,9.540606,5.658628,0.000000,0.361142,0.602566
rocky,imgi_2124_pexels-photo-9064225.jpg,G:\내 드라이브\데이터셋\rocky\imgi_2124_pexels-photo-9064225.jpg,48.727230,0.416838,8.748747,5.401793,0.000000,0.326853,0.604362
rocky,imgi_2126_pexels-photo-23990895.jpg,G:\내 드라이브\데이터셋\rocky\imgi_2126_pexels-photo-23990895.jpg,88.401969,0.509840,9.577759,5.167148,0.320652,0.342104,0.570959
rocky,imgi_2128_pexels-photo-37001450.jpg,G:\내 드라이브\데이터셋\rocky\imgi_2128_pexels-photo-37001450.jpg,78.916435,0.329247,7.151948,5.118978,0.118392,0.301413,0.545009
rocky,imgi_2130_pexels-photo-20585824.jpg,G:\내 드라이브\데이터셋\rocky\imgi_2130_pexels-photo-20585824.jpg,109.291975,0.506444,8.409899,5.664472,0.000000,0.323152,0.491368
rocky,imgi_2132_pexels-photo-17012760.jpg,G:\내 드라이브\데이터셋\rocky\imgi_2132_pexels-photo-17012760.jpg,78.403507,0.190043,4.088024,5.477535,0.000000,0.323852,0.497851
rocky,imgi_2134_pexels-photo-30147122.jpg,G:\내 드라이브\데이터셋\rocky\imgi_2134_pexels-photo-30147122.jpg,117.467529,0.616587,21.247519,5.751368,0.000000,0.290989,0.533340
rocky,imgi_2136_pexels-photo-17150143.jpg,G:\내 드라이브\데이터셋\rocky\imgi_2136_pexels-photo-17150143.jpg,141.177392,0.600153,20.142475,5.525540,0.000000,0.331753,0.527593
rocky,imgi_2138_pexels-photo-28919736.jpg,G:\내 드라이브\데이터셋\rocky\imgi_2138_pexels-photo-28919736.jpg,116.786857,0.656950,15.988719,5.663283,0.000000,0.357858,0.516624
rocky,imgi_2140_pexels-photo-31871804.jpg,G:\내 드라이브\데이터셋\rocky\imgi_2140_pexels-photo-31871804.jpg,94.505405,0.681544,14.069230,5.781004,0.000000,0.297367,0.542426
rocky,imgi_2142_pexels-photo-17362781.jpg,G:\내 드라이브\데이터셋\rocky\imgi_2142_pexels-photo-17362781.jpg,55.477538,0.310573,7.536614,4.597172,0.467940,0.325520,0.620242
rocky,imgi_2144_pexels-photo-17181107.jpg,G:\내 드라이브\데이터셋\rocky\imgi_2144_pexels-photo-17181107.jpg,93.657495,0.239550,6.993153,5.568732,0.113844,0.256651,0.521540
rocky,imgi_2146_pexels-photo-13920625.jpg,G:\내 드라이브\데이터셋\rocky\imgi_2146_pexels-photo-13920625.jpg,69.039692,0.718584,13.468385,5.695560,0.000000,0.316264,0.588187
rocky,imgi_2148_pexels-photo-19799417.jpg,G:\내 드라이브\데이터셋\rocky\imgi_2148_pexels-photo-19799417.jpg,94.223609,0.329135,5.654312,5.376325,0.000000,0.326153,0.505587
rocky,imgi_2150_pexels-photo-16967371.jpg,G:\내 드라이브\데이터셋\rocky\imgi_2150_pexels-photo-16967371.jpg,73.986834,0.205732,4.686625,5.414736,0.000000,0.305944,0.522652
rocky,imgi_2152_pexels-photo-6472943.jpg,G:\내 드라이브\데이터셋\rocky\imgi_2152_pexels-photo-6472943.jpg,76.351912,0.935168,33.064449,5.655322,0.716454,0.389926,0.762153
rocky,imgi_2154_pexels-photo-19294759.jpg,G:\내 드라이브\데이터셋\rocky\imgi_2154_pexels-photo-19294759.jpg,0.000000,0.588082,14.220045,5.698389,0.076985,0.315563,0.728221
rocky,imgi_2156_pexels-photo-7348526.jpg,G:\내 드라이브\데이터셋\rocky\imgi_2156_pexels-photo-7348526.jpg,141.546152,0.332036,6.326293,5.165887,0.000000,0.347405,0.456591
rocky,imgi_2158_pexels-photo-16566645.jpg,G:\내 드라이브\데이터셋\rocky\imgi_2158_pexels-photo-16566645.jpg,149.322649,0.350681,8.871518,4.853176,0.000000,0.255362,0.448894
rocky,imgi_2160_pexels-photo-19294548.jpg,G:\내 드라이브\데이터셋\rocky\imgi_2160_pexels-photo-19294548.jpg,48.322945,0.614453,7.551993,5.135706,0.000000,0.356668,0.593665
rocky,imgi_2162_pexels-photo-17181106.jpg,G:\내 드라이브\데이터셋\rocky\imgi_2162_pexels-photo-17181106.jpg,52.647893,0.379302,8.922294,5.502329,0.088957,0.317422,0.608609
rocky,imgi_2164_pexels-photo-5579984.jpg,G:\내 드라이브\데이터셋\rocky\imgi_2164_pexels-photo-5579984.jpg,69.066761,0.664704,16.430229,5.439913,0.409563,0.373276,0.660965
rocky,imgi_2166_pexels-photo-1101090.jpg,G:\내 드라이브\데이터셋\rocky\imgi_2166_pexels-photo-1101090.jpg,51.779718,0.525063,11.793905,5.529987,0.087315,0.295807,0.621286
rocky,imgi_2168_pexels-photo-32707702.jpg,G:\내 드라이브\데이터셋\rocky\imgi_2168_pexels-photo-32707702.jpg,145.662077,0.532323,14.207061,5.089962,0.095701,0.325544,0.501256
rocky,imgi_2170_pexels-photo-13989976.jpg,G:\내 드라이브\데이터셋\rocky\imgi_2170_pexels-photo-13989976.jpg,139.392506,0.341235,5.820797,4.414653,0.000000,0.330708,0.427511
rocky,imgi_2172_pexels-photo-10145018.jpg,G:\내 드라이브\데이터셋\rocky\imgi_2172_pexels-photo-10145018.jpg,80.388951,0.365769,9.322720,5.263319,0.000000,0.297796,0.541544
rocky,imgi_2174_pexels-photo-35803149.jpg,G:\내 드라이브\데이터셋\rocky\imgi_2174_pexels-photo-35803149.jpg,133.317012,0.285230,4.962641,5.521955,0.000000,0.233720,0.446634
rocky,imgi_2176_pexels-photo-22891327.jpg,G:\내 드라이브\데이터셋\rocky\imgi_2176_pexels-photo-22891327.jpg,165.394994,0.809413,18.919378,4.848187,0.582376,0.386140,0.584614
rocky,imgi_2178_pexels-photo-33753320.jpg,G:\내 드라이브\데이터셋\rocky\imgi_2178_pexels-photo-33753320.jpg,98.696508,0.779306,19.715296,5.586813,0.000000,0.356143,0.567086
rocky,imgi_2180_pexels-photo-33941094.jpg,G:\내 드라이브\데이터셋\rocky\imgi_2180_pexels-photo-33941094.jpg,80.704789,0.524646,10.573865,5.459052,0.000000,0.361955,0.557802
rocky,imgi_2182_pexels-photo-11962687.jpg,G:\내 드라이브\데이터셋\rocky\imgi_2182_pexels-photo-11962687.jpg,98.328162,0.082867,2.077666,2.474623,0.348504,0.317975,0.291929
rocky,imgi_2184_pexels-photo-36279310.jpg,G:\내 드라이브\데이터셋\rocky\imgi_2184_pexels-photo-36279310.jpg,109.349114,0.355870,4.577413,4.621852,0.000000,0.320563,0.447101
rocky,imgi_2186_pexels-photo-33064013.jpg,G:\내 드라이브\데이터셋\rocky\imgi_2186_pexels-photo-33064013.jpg,93.842597,0.430316,9.159888,4.831311,0.000000,0.353827,0.507319
rocky,imgi_2188_pexels-photo-33389102.jpg,G:\내 드라이브\데이터셋\rocky\imgi_2188_pexels-photo-33389102.jpg,62.204297,0.428523,9.686010,5.272375,0.000000,0.333436,0.580451
rocky,imgi_2190_free-photo-of-qobustan.jpg,G:\내 드라이브\데이터셋\rocky\imgi_2190_free-photo-of-qobustan.jpg,106.715417,0.517881,8.788130,5.241464,0.000000,0.349257,0.495191
rocky,imgi_2192_pexels-photo-14400173.jpg,G:\내 드라이브\데이터셋\rocky\imgi_2192_pexels-photo-14400173.jpg,49.170805,0.880743,18.163637,5.735046,0.064209,0.399997,0.663342
rocky,imgi_2194_pexels-photo-5667940.jpg,G:\내 드라이브\데이터셋\rocky\imgi_2194_pexels-photo-5667940.jpg,116.870957,0.336058,7.599312,5.339007,0.209822,0.300827,0.496685
rocky,imgi_2196_pexels-photo-14453480.jpg,G:\내 드라이브\데이터셋\rocky\imgi_2196_pexels-photo-14453480.jpg,93.305151,0.095168,2.717483,4.260448,0.487472,0.280240,0.390257
rocky,imgi_2198_pexels-photo-17491084.jpg,G:\내 드라이브\데이터셋\rocky\imgi_2198_pexels-photo-17491084.jpg,99.297987,0.742609,23.409424,5.912150,0.364190,0.360266,0.631057
rocky,imgi_2200_pexels-photo-3461633.jpg,G:\내 드라이브\데이터셋\rocky\imgi_2200_pexels-photo-3461633.jpg,97.752137,0.491582,17.534433,5.660636,0.000000,0.279976,0.550978
rocky,imgi_2202_pexels-photo-12222314.jpg,G:\내 드라이브\데이터셋\rocky\imgi_2202_pexels-photo-12222314.jpg,53.738559,0.175647,3.995830,4.822970,0.000000,0.309590,0.507581
rocky,imgi_2204_pexels-photo-15726850.jpg,G:\내 드라이브\데이터셋\rocky\imgi_2204_pexels-photo-15726850.jpg,40.411823,0.316887,4.725776,4.937176,0.000000,0.328634,0.585500
rocky,imgi_2206_pexels-photo-16590613.jpg,G:\내 드라이브\데이터셋\rocky\imgi_2206_pexels-photo-16590613.jpg,60.103485,0.452205,11.660006,5.601336,0.000000,0.265406,0.591007
rocky,imgi_2208_pexels-photo-18346333.jpg,G:\내 드라이브\데이터셋\rocky\imgi_2208_pexels-photo-18346333.jpg,118.966941,0.676448,25.681896,5.801299,0.000000,0.289966,0.551274
rocky,imgi_2210_pexels-photo-10714906.jpg,G:\내 드라이브\데이터셋\rocky\imgi_2210_pexels-photo-10714906.jpg,60.481876,0.617102,14.266595,5.683475,0.000000,0.338469,0.609838
rocky,imgi_2212_pexels-photo-5006141.jpg,G:\내 드라이브\데이터셋\rocky\imgi_2212_pexels-photo-5006141.jpg,104.986548,0.616094,14.816068,5.850879,0.552504,0.365024,0.605303
rocky,imgi_2214_pexels-photo-18783754.jpg,G:\내 드라이브\데이터셋\rocky\imgi_2214_pexels-photo-18783754.jpg,134.620181,0.582546,15.186018,5.774839,0.000000,0.288323,0.500017
rocky,imgi_2216_pexels-photo-14406154.jpg,G:\내 드라이브\데이터셋\rocky\imgi_2216_pexels-photo-14406154.jpg,58.380580,0.457307,12.064920,5.750559,0.000000,0.345511,0.604074
rocky,imgi_2218_pexels-photo-18783748.jpg,G:\내 드라이브\데이터셋\rocky\imgi_2218_pexels-photo-18783748.jpg,56.635353,0.535861,15.722006,5.692653,0.000000,0.300903,0.619956
rocky,imgi_2220_pexels-photo-12729087.jpg,G:\내 드라이브\데이터셋\rocky\imgi_2220_pexels-photo-12729087.jpg,114.743199,0.431778,9.025400,5.211881,0.299580,0.305760,0.515195
rocky,imgi_2222_pexels-photo-8969052.jpg,G:\내 드라이브\데이터셋\rocky\imgi_2222_pexels-photo-8969052.jpg,171.643171,0.662971,14.510820,5.406533,0.000000,0.321549,0.500174
rocky,imgi_2224_pexels-photo-15501958.jpg,G:\내 드라이브\데이터셋\rocky\imgi_2224_pexels-photo-15501958.jpg,95.863154,0.570807,14.298235,5.360660,0.000000,0.327811,0.542744
rocky,imgi_2226_pexels-photo-16151325.jpg,G:\내 드라이브\데이터셋\rocky\imgi_2226_pexels-photo-16151325.jpg,58.470249,0.708678,21.664360,5.742022,0.369339,0.308203,0.693191
rocky,imgi_2228_pexels-photo-15141426.jpg,G:\내 드라이브\데이터셋\rocky\imgi_2228_pexels-photo-15141426.jpg,49.300498,0.292554,7.848808,5.388523,0.000000,0.291797,0.595204
rocky,imgi_2230_pexels-photo-8379631.jpg,G:\내 드라이브\데이터셋\rocky\imgi_2230_pexels-photo-8379631.jpg,94.309038,0.817437,12.864628,5.552041,0.000000,0.421625,0.549566
rocky,imgi_2232_pexels-photo-37374561.jpg,G:\내 드라이브\데이터셋\rocky\imgi_2232_pexels-photo-37374561.jpg,42.244426,0.563056,12.380242,5.784196,0.000000,0.338461,0.634430
rocky,imgi_2234_pexels-photo-17794061.jpg,G:\내 드라이브\데이터셋\rocky\imgi_2234_pexels-photo-17794061.jpg,98.951164,0.589328,12.791235,5.747960,0.000000,0.351765,0.533725
rocky,imgi_2236_pexels-photo-2790889.jpg,G:\내 드라이브\데이터셋\rocky\imgi_2236_pexels-photo-2790889.jpg,106.960827,0.701016,19.065622,5.294517,0.460100,0.392262,0.608798
rocky,imgi_2238_pexels-photo-32543457.jpg,G:\내 드라이브\데이터셋\rocky\imgi_2238_pexels-photo-32543457.jpg,136.350534,0.777941,20.442623,5.794417,0.000000,0.363669,0.532192
rocky,imgi_2240_pexels-photo-29600295.png,G:\내 드라이브\데이터셋\rocky\imgi_2240_pexels-photo-29600295.png,113.377717,0.552764,23.219414,5.841228,0.000000,0.295762,0.550558
rocky,imgi_2242_pexels-photo-34220158.jpg,G:\내 드라이브\데이터셋\rocky\imgi_2242_pexels-photo-34220158.jpg,40.981987,0.321583,6.116099,5.089408,0.000000,0.362629,0.599445
rocky,imgi_2244_pexels-photo-27182936.jpg,G:\내 드라이브\데이터셋\rocky\imgi_2244_pexels-photo-27182936.jpg,52.868005,0.711522,16.389668,5.291937,0.195057,0.363412,0.657998
rocky,imgi_2246_pexels-photo-12649518.jpg,G:\내 드라이브\데이터셋\rocky\imgi_2246_pexels-photo-12649518.jpg,64.704211,0.417535,8.386903,5.114322,0.000000,0.321485,0.563315
rocky,imgi_2248_pexels-photo-27946674.jpg,G:\내 드라이브\데이터셋\rocky\imgi_2248_pexels-photo-27946674.jpg,85.851993,0.367873,7.794329,4.503561,0.430439,0.337973,0.559014
rocky,imgi_2250_pexels-photo-12189421.jpg,G:\내 드라이브\데이터셋\rocky\imgi_2250_pexels-photo-12189421.jpg,70.433957,0.874164,13.427610,5.573038,0.000000,0.438803,0.597693
rocky,imgi_2252_pexels-photo-14631297.jpg,G:\내 드라이브\데이터셋\rocky\imgi_2252_pexels-photo-14631297.jpg,52.315282,0.341331,8.600661,5.587946,0.000000,0.333927,0.597797
rocky,imgi_2254_pexels-photo-28588316.jpg,G:\내 드라이브\데이터셋\rocky\imgi_2254_pexels-photo-28588316.jpg,76.402657,0.540228,8.185072,4.494833,0.613144,0.368619,0.604694
rocky,imgi_2256_pexels-photo-6158195.jpg,G:\내 드라이브\데이터셋\rocky\imgi_2256_pexels-photo-6158195.jpg,149.161046,0.580667,14.244604,5.118352,0.447252,0.338475,0.549374
rocky,imgi_2258_pexels-photo-13855778.jpg,G:\내 드라이브\데이터셋\rocky\imgi_2258_pexels-photo-13855778.jpg,94.458111,0.792324,7.529278,5.374508,0.000000,0.461268,0.527397
rocky,imgi_2260_pexels-photo-15943379.jpg,G:\내 드라이브\데이터셋\rocky\imgi_2260_pexels-photo-15943379.jpg,111.757940,0.527809,15.372910,5.688803,0.000000,0.306480,0.517819
rocky,imgi_2262_pexels-photo-14747631.jpg,G:\내 드라이브\데이터셋\rocky\imgi_2262_pexels-photo-14747631.jpg,54.184877,0.668282,22.708401,5.192204,0.215320,0.340336,0.682205
rocky,imgi_2264_pexels-photo-15173522.jpg,G:\내 드라이브\데이터셋\rocky\imgi_2264_pexels-photo-15173522.jpg,161.447382,0.784334,14.729365,5.110488,0.010418,0.400385,0.500786
rocky,imgi_2266_pexels-photo-635353.jpg,G:\내 드라이브\데이터셋\rocky\imgi_2266_pexels-photo-635353.jpg,172.047319,0.671500,21.901949,5.825532,0.000000,0.315357,0.534201
rocky,imgi_2268_pexels-photo-6194846.jpg,G:\내 드라이브\데이터셋\rocky\imgi_2268_pexels-photo-6194846.jpg,63.828333,0.555207,8.430124,5.467931,0.000000,0.306326,0.573130
rocky,imgi_2270_pexels-photo-15455383.png,G:\내 드라이브\데이터셋\rocky\imgi_2270_pexels-photo-15455383.png,60.955136,0.560788,16.164902,5.530978,0.314502,0.323524,0.657260
rocky,imgi_2272_pexels-photo-11917142.jpg,G:\내 드라이브\데이터셋\rocky\imgi_2272_pexels-photo-11917142.jpg,78.711082,0.543520,12.994606,5.768321,0.000000,0.329932,0.569602
rocky,imgi_2274_pexels-photo-16967370.jpg,G:\내 드라이브\데이터셋\rocky\imgi_2274_pexels-photo-16967370.jpg,79.442077,0.533084,10.786299,5.691095,0.000000,0.346225,0.559539
rocky,imgi_2276_pexels-photo-37367100.jpg,G:\내 드라이브\데이터셋\rocky\imgi_2276_pexels-photo-37367100.jpg,67.423297,0.726597,17.901453,5.663960,0.019359,0.356610,0.618481
rocky,imgi_2278_pexels-photo-3762513.jpg,G:\내 드라이브\데이터셋\rocky\imgi_2278_pexels-photo-3762513.jpg,52.216346,0.307188,4.740110,4.742336,0.000000,0.342988,0.558866
rocky,imgi_2280_pexels-photo-20435789.jpg,G:\내 드라이브\데이터셋\rocky\imgi_2280_pexels-photo-20435789.jpg,131.370898,0.408375,11.000375,5.745729,0.336946,0.302671,0.525634
rocky,imgi_2282_pexels-photo-17664166.jpg,G:\내 드라이브\데이터셋\rocky\imgi_2282_pexels-photo-17664166.jpg,53.468491,0.412811,13.504262,5.532655,0.000000,0.270582,0.612334
rocky,imgi_2284_pexels-photo-29752467.jpg,G:\내 드라이브\데이터셋\rocky\imgi_2284_pexels-photo-29752467.jpg,97.545774,0.406877,7.764804,5.051924,0.327631,0.327073,0.541260
rocky,imgi_2286_pexels-photo-17247517.jpg,G:\내 드라이브\데이터셋\rocky\imgi_2286_pexels-photo-17247517.jpg,127.166392,0.451068,14.744558,5.946046,0.000000,0.284118,0.497527
rocky,imgi_2288_pexels-photo-27690346.jpg,G:\내 드라이브\데이터셋\rocky\imgi_2288_pexels-photo-27690346.jpg,68.924383,0.347911,6.771799,5.514622,0.000000,0.361683,0.561550
rocky,imgi_2292_pexels-photo-30825019.jpg,G:\내 드라이브\데이터셋\rocky\imgi_2292_pexels-photo-30825019.jpg,53.100236,0.654984,15.754496,5.282797,0.360550,0.311077,0.670571
rocky,imgi_2296_pexels-photo-5645455.jpg,G:\내 드라이브\데이터셋\rocky\imgi_2296_pexels-photo-5645455.jpg,108.085196,0.595086,14.178963,5.333993,0.000000,0.366244,0.522732
rocky,imgi_2299_pexels-photo-9214438.jpg,G:\내 드라이브\데이터셋\rocky\imgi_2299_pexels-photo-9214438.jpg,65.626686,0.318780,8.798777,5.096065,0.000000,0.281139,0.558911
rocky,imgi_2301_pexels-photo-17664160.jpg,G:\내 드라이브\데이터셋\rocky\imgi_2301_pexels-photo-17664160.jpg,45.777158,0.445185,11.989398,5.361746,0.000000,0.282269,0.619227
rocky,imgi_2304_pexels-photo-13337790.jpg,G:\내 드라이브\데이터셋\rocky\imgi_2304_pexels-photo-13337790.jpg,53.108848,0.303374,7.900194,4.722672,0.000000,0.262300,0.563318
rocky,imgi_2308_pexels-photo-35526188.jpg,G:\내 드라이브\데이터셋\rocky\imgi_2308_pexels-photo-35526188.jpg,67.062192,0.694151,15.419797,5.823286,0.000000,0.360952,0.605428
rocky,imgi_2312_pexels-photo-33666767.jpg,G:\내 드라이브\데이터셋\rocky\imgi_2312_pexels-photo-33666767.jpg,97.921406,0.490032,11.694560,5.615065,0.000000,0.275267,0.522822
rocky,imgi_2315_pexels-photo-12154203.jpg,G:\내 드라이브\데이터셋\rocky\imgi_2315_pexels-photo-12154203.jpg,74.121836,0.401602,15.174680,5.472205,0.000000,0.259332,0.581175
rocky,imgi_2318_pexels-photo-34720572.jpg,G:\내 드라이브\데이터셋\rocky\imgi_2318_pexels-photo-34720572.jpg,103.464617,0.594291,14.360122,5.637400,0.000000,0.364547,0.534083
rocky,imgi_2322_pexels-photo-13416240.jpg,G:\내 드라이브\데이터셋\rocky\imgi_2322_pexels-photo-13416240.jpg,60.656037,0.425968,11.433805,5.709079,0.000000,0.316609,0.594054
rocky,imgi_2326_pexels-photo-11761245.jpg,G:\내 드라이브\데이터셋\rocky\imgi_2326_pexels-photo-11761245.jpg,89.150841,0.592390,16.402342,5.065061,0.000000,0.340411,0.556319
rocky,imgi_2328_pexels-photo-34720570.jpg,G:\내 드라이브\데이터셋\rocky\imgi_2328_pexels-photo-34720570.jpg,129.698522,0.661610,14.534566,5.513486,0.000000,0.357546,0.503885
rocky,imgi_2331_pexels-photo-19275726.jpg,G:\내 드라이브\데이터셋\rocky\imgi_2331_pexels-photo-19275726.jpg,80.898848,0.297959,6.848859,5.357783,0.708036,0.337519,0.628179
rocky,imgi_2334_pexels-photo-20582018.jpg,G:\내 드라이브\데이터셋\rocky\imgi_2334_pexels-photo-20582018.jpg,56.413432,0.494244,15.037826,5.531214,0.000000,0.269363,0.614001
rocky,imgi_2337_pexels-photo-9927406.jpg,G:\내 드라이브\데이터셋\rocky\imgi_2337_pexels-photo-9927406.jpg,48.708440,0.413450,6.977741,5.213657,0.000000,0.277113,0.584909
rocky,imgi_2340_pexels-photo-33089277.jpg,G:\내 드라이브\데이터셋\rocky\imgi_2340_pexels-photo-33089277.jpg,128.893425,0.677178,10.535176,5.349544,0.000000,0.300594,0.477761
rocky,imgi_2343_pexels-photo-34958211.jpg,G:\내 드라이브\데이터셋\rocky\imgi_2343_pexels-photo-34958211.jpg,70.090115,0.708183,18.522974,5.526481,0.000000,0.324744,0.610802
rocky,imgi_236_mountains-7482182_1280.jpg,G:\내 드라이브\데이터셋\rocky\imgi_236_mountains-7482182_1280.jpg,57.446497,0.676027,17.606638,5.667338,0.000000,0.311771,0.628390
rocky,imgi_239_transilvania-5632013_1280.jpg,G:\내 드라이브\데이터셋\rocky\imgi_239_transilvania-5632013_1280.jpg,129.454096,0.697956,16.357389,5.577330,0.000000,0.316462,0.508321
rocky,imgi_242_mountain-5939183_1280.jpg,G:\내 드라이브\데이터셋\rocky\imgi_242_mountain-5939183_1280.jpg,133.887443,0.501189,14.361742,5.175379,0.000000,0.246797,0.484513
rocky,imgi_245_scotland-5771032_1280.jpg,G:\내 드라이브\데이터셋\rocky\imgi_245_scotland-5771032_1280.jpg,87.852510,0.700088,14.802668,5.602595,0.000000,0.343774,0.562702
rocky,imgi_261_mountains-4972944_1280.jpg,G:\내 드라이브\데이터셋\rocky\imgi_261_mountains-4972944_1280.jpg,107.200736,0.542297,11.463498,5.543588,0.000000,0.281266,0.505327
rocky,imgi_263_mountains-5434228_1280.jpg,G:\내 드라이브\데이터셋\rocky\imgi_263_mountains-5434228_1280.jpg,127.963570,0.625027,15.351367,5.568776,0.000000,0.284649,0.500424
rocky,imgi_266_puddles-5776541_1280.jpg,G:\내 드라이브\데이터셋\rocky\imgi_266_puddles-5776541_1280.jpg,119.265286,0.661259,18.062452,5.683219,0.000000,0.289067,0.514921
rocky,imgi_268_mountains-7584795_1280.jpg,G:\내 드라이브\데이터셋\rocky\imgi_268_mountains-7584795_1280.jpg,92.777361,0.648898,17.740519,5.921160,0.000000,0.296516,0.562718
rocky,imgi_277_hills-7205745_1280.jpg,G:\내 드라이브\데이터셋\rocky\imgi_277_hills-7205745_1280.jpg,26.505129,0.397362,9.644207,5.316337,0.000000,0.242940,0.638120
rocky,imgi_280_field-3794819_1280.jpg,G:\내 드라이브\데이터셋\rocky\imgi_280_field-3794819_1280.jpg,55.276652,0.474795,8.507251,4.971234,0.000000,0.312334,0.575478
rocky,imgi_283_volcano-3214331_1280.jpg,G:\내 드라이브\데이터셋\rocky\imgi_283_volcano-3214331_1280.jpg,93.869968,0.467046,10.824379,5.405110,0.000000,0.280896,0.526734
rocky,imgi_303_mountains-1841558_1280.jpg,G:\내 드라이브\데이터셋\rocky\imgi_303_mountains-1841558_1280.jpg,111.853953,0.701722,19.913054,5.813675,0.000000,0.300342,0.538311
rocky,imgi_95_the-athabasca-river-4185023_1280.jpg,G:\내 드라이브\데이터셋\rocky\imgi_95_the-athabasca-river-4185023_1280.jpg,63.467183,0.507649,11.669106,5.517949,0.000000,0.302884,0.588631
rocky,imgi_99_lake-3593379_1280.jpg,G:\내 드라이브\데이터셋\rocky\imgi_99_lake-3593379_1280.jpg,66.528740,0.321556,7.552488,5.651668,0.000000,0.265380,0.559971
snow,imgi_100_tall-grass-marshy-wetland-ice-snow-picture-lund-southern-sweden-tall-grass-marshy-wetland-ice-snow-picture-211680830.jpg,G:\내 드라이브\데이터셋\snow\imgi_100_tall-grass-marshy-wetland-ice-snow-picture-lund-southern-sweden-tall-grass-marshy-wetland-ice-snow-picture-211680830.jpg,80.841750,0.823502,23.311182,5.743911,0.000000,0.342745,0.615336
snow,imgi_101_92207201-beautiful-winter-landscape-with-snow-covered-trees-winter-background.jpg,G:\내 드라이브\데이터셋\snow\imgi_101_92207201-beautiful-winter-landscape-with-snow-covered-trees-winter-background.jpg,48.937380,0.760704,24.013783,5.303771,0.543678,0.318595,0.742176
snow,imgi_101_frozen-wetland-trees-shrubs-undergrowth-winter-grass-ice-snow-water-305372324.jpg,G:\내 드라이브\데이터셋\snow\imgi_101_frozen-wetland-trees-shrubs-undergrowth-winter-grass-ice-snow-water-305372324.jpg,59.775372,0.841676,26.424072,5.757933,0.000000,0.354014,0.669676
snow,imgi_102_33955620031_f2454a5ed5_b (1).jpg,G:\내 드라이브\데이터셋\snow\imgi_102_33955620031_f2454a5ed5_b (1).jpg,90.030923,0.578681,23.151144,5.738506,0.000000,0.285301,0.591994
snow,imgi_102_free-photo-of-serene-winter-woodland-with-snowy-ground.jpg,G:\내 드라이브\데이터셋\snow\imgi_102_free-photo-of-serene-winter-woodland-with-snowy-ground.jpg,67.955789,0.455424,12.404134,5.649920,0.000000,0.327868,0.586346
snow,imgi_103_116255072-frozen-wetland-winter-field-a-lot-of-snow-fell-after-a-snowstorm-cold-weather-dry-autumn-tall.jpg,G:\내 드라이브\데이터셋\snow\imgi_103_116255072-frozen-wetland-winter-field-a-lot-of-snow-fell-after-a-snowstorm-cold-weather-dry-autumn-tall.jpg,47.494765,0.842270,19.000908,5.357758,0.582105,0.370232,0.733282
snow,imgi_103_41586_2013_BF494027a_Figa_HTML.jpg,G:\내 드라이브\데이터셋\snow\imgi_103_41586_2013_BF494027a_Figa_HTML.jpg,93.926099,0.425891,9.765511,5.197115,0.092948,0.329764,0.531875
snow,imgi_103_68efb9f1ac80ea186bb29283_44054a0a.jpg,G:\내 드라이브\데이터셋\snow\imgi_103_68efb9f1ac80ea186bb29283_44054a0a.jpg,54.248243,0.281540,9.370410,4.608857,0.000000,0.279771,0.566074
snow,imgi_103_forest-trees-covered-snow-ground-frost-winter-season-frosty-scenery-wintertime-landscape-germany-snowfall-430562833.jpg,G:\내 드라이브\데이터셋\snow\imgi_103_forest-trees-covered-snow-ground-frost-winter-season-frosty-scenery-wintertime-landscape-germany-snowfall-430562833.jpg,12.492259,0.674604,23.939148,5.296012,0.000000,0.284881,0.734334
snow,imgi_103_pexels-photo-6588719.jpg,G:\내 드라이브\데이터셋\snow\imgi_103_pexels-photo-6588719.jpg,73.507798,0.198419,6.323472,5.052603,0.087777,0.216086,0.514736
snow,imgi_103_rocks-snowy-mountains-37997189.jpg,G:\내 드라이브\데이터셋\snow\imgi_103_rocks-snowy-mountains-37997189.jpg,67.927760,0.524479,19.300709,5.224845,0.000000,0.287152,0.608815
snow,imgi_103_snow-covered-evergreen-trees-line-landscape-overlooking-partially-frozen-river-thick-blankets-ground-creating-serene-winter-426009947.jpg,G:\내 드라이브\데이터셋\snow\imgi_103_snow-covered-evergreen-trees-line-landscape-overlooking-partially-frozen-river-thick-blankets-ground-creating-serene-winter-426009947.jpg,35.880621,0.515881,14.494089,5.290264,0.000000,0.257685,0.644271
snow,imgi_104_a-field-of-snow-covered-shrubs-and-bushes-free-photo.jpg,G:\내 드라이브\데이터셋\snow\imgi_104_a-field-of-snow-covered-shrubs-and-bushes-free-photo.jpg,51.405002,0.416522,9.385770,5.593434,0.003174,0.299805,0.600146
snow,imgi_104_melting-snow-on-lawn.jpg,G:\내 드라이브\데이터셋\snow\imgi_104_melting-snow-on-lawn.jpg,77.492985,0.841340,20.777454,5.593823,0.000000,0.353035,0.610627
snow,imgi_104_snow-rocky-mountain-ground-rocky-ground-covered-white-snow-brown-rocks-sticking-out-snow-troodos-mountain-204582677.jpg,G:\내 드라이브\데이터셋\snow\imgi_104_snow-rocky-mountain-ground-rocky-ground-covered-white-snow-brown-rocks-sticking-out-snow-troodos-mountain-204582677.jpg,43.630789,0.663092,36.442818,5.558138,0.458720,0.272781,0.776922
snow,imgi_105_2021-12-23-07-45-44.jpg,G:\내 드라이브\데이터셋\snow\imgi_105_2021-12-23-07-45-44.jpg,36.561767,0.547410,12.448847,5.556816,0.000000,0.335059,0.644830
snow,imgi_105_pexels-photo-6754201.jpg,G:\내 드라이브\데이터셋\snow\imgi_105_pexels-photo-6754201.jpg,44.565944,0.397970,11.333883,4.966979,0.000000,0.273101,0.604299
snow,imgi_106_free-photo-of-winter-shadows-of-bare-tree-on-snow.jpg,G:\내 드라이브\데이터셋\snow\imgi_106_free-photo-of-winter-shadows-of-bare-tree-on-snow.jpg,25.638595,0.814724,22.717920,5.630991,0.000000,0.396242,0.719110
snow,imgi_106_HJ04652.jpg,G:\내 드라이브\데이터셋\snow\imgi_106_HJ04652.jpg,47.458246,0.711947,23.934574,5.499064,0.294709,0.317871,0.715286
snow,imgi_106_shutterstock_516797350.jpg,G:\내 드라이브\데이터셋\snow\imgi_106_shutterstock_516797350.jpg,77.042630,0.613901,11.696729,5.442613,0.000000,0.367415,0.570325
snow,imgi_107_gravel-driveway-snow-removal.jpg,G:\내 드라이브\데이터셋\snow\imgi_107_gravel-driveway-snow-removal.jpg,29.886638,0.500194,18.173254,5.347283,0.000000,0.259508,0.674588
snow,imgi_107_pexels-photo-899352.jpg,G:\내 드라이브\데이터셋\snow\imgi_107_pexels-photo-899352.jpg,73.393048,0.412504,12.661620,5.601951,0.000000,0.258565,0.570654
snow,imgi_107_snow-blankets-field-patches-dry-grass-small-bushes-scene-shows-cloudy-sky-cold-winter-day-430577911.jpg,G:\내 드라이브\데이터셋\snow\imgi_107_snow-blankets-field-patches-dry-grass-small-bushes-scene-shows-cloudy-sky-cold-winter-day-430577911.jpg,16.422526,0.799242,16.504974,5.662809,0.382436,0.381131,0.755089
snow,imgi_107_winter-landscape-with-snow-forest_23-2149298497.jpg,G:\내 드라이브\데이터셋\snow\imgi_107_winter-landscape-with-snow-forest_23-2149298497.jpg,62.593759,0.463113,10.438869,5.277985,0.000000,0.323399,0.582450
snow,imgi_108_2026-02-28-11-16-00-1344x896.jpg,G:\내 드라이브\데이터셋\snow\imgi_108_2026-02-28-11-16-00-1344x896.jpg,98.572971,0.395278,6.756325,4.962499,0.000000,0.316342,0.488004
snow,imgi_108_gratisography-snow-trees-winter-free-stock-photo-1170x780.jpg,G:\내 드라이브\데이터셋\snow\imgi_108_gratisography-snow-trees-winter-free-stock-photo-1170x780.jpg,0.000000,0.557163,17.385130,5.382561,0.000000,0.296432,0.730555
snow,imgi_108_snowy-woodland-scene-woodland-snow-floor-has-layer-crisp-clean-white-snow-tree-branches-white-140408853.jpg,G:\내 드라이브\데이터셋\snow\imgi_108_snowy-woodland-scene-woodland-snow-floor-has-layer-crisp-clean-white-snow-tree-branches-white-140408853.jpg,57.897778,0.917943,37.170334,5.955824,0.000000,0.351247,0.698979
snow,imgi_110_CSAS_2013-05-05_1003.jpg,G:\내 드라이브\데이터셋\snow\imgi_110_CSAS_2013-05-05_1003.jpg,11.469152,0.115513,4.373795,4.201347,0.250803,0.285210,0.536158
snow,imgi_111_2025-11-06-15-55-14-1344x896.jpg,G:\내 드라이브\데이터셋\snow\imgi_111_2025-11-06-15-55-14-1344x896.jpg,45.009135,0.384424,7.474456,5.618091,0.000000,0.314257,0.603945
snow,imgi_111_snowy-winter-wonderland-stockcake.jpg,G:\내 드라이브\데이터셋\snow\imgi_111_snowy-winter-wonderland-stockcake.jpg,84.779179,0.550912,14.496391,5.592599,0.000000,0.269239,0.559447
snow,imgi_112_21923_large-field-of-grass-with-patches-of-snow.jpg,G:\내 드라이브\데이터셋\snow\imgi_112_21923_large-field-of-grass-with-patches-of-snow.jpg,33.327621,0.478551,10.239984,5.349391,0.274637,0.355603,0.676475
snow,imgi_112_a-snowy-field-with-trees-and-mountains-in-the-background.jpg,G:\내 드라이브\데이터셋\snow\imgi_112_a-snowy-field-with-trees-and-mountains-in-the-background.jpg,104.884257,0.304071,5.616920,5.258011,0.000000,0.290215,0.478330
snow,imgi_112_a-snowy-forest-with-trees-and-snow-on-the-ground-photo.jpg,G:\내 드라이브\데이터셋\snow\imgi_112_a-snowy-forest-with-trees-and-snow-on-the-ground-photo.jpg,64.749259,0.852210,26.646643,5.455555,0.235604,0.351125,0.691940
snow,imgi_112_CSAS_2013-05-05_1001.jpg,G:\내 드라이브\데이터셋\snow\imgi_112_CSAS_2013-05-05_1001.jpg,41.367470,0.377040,7.309452,5.159351,0.000000,0.345782,0.604979
snow,imgi_112_snow-covered-grass-field-winter-beautiful-natural-landscape-418924060.jpg,G:\내 드라이브\데이터셋\snow\imgi_112_snow-covered-grass-field-winter-beautiful-natural-landscape-418924060.jpg,38.751078,0.905208,28.153809,5.607033,0.128544,0.367970,0.734435
snow,imgi_113_8868ca50-18a7-11f1-8a24-35cedd1a21de.jpg,G:\내 드라이브\데이터셋\snow\imgi_113_8868ca50-18a7-11f1-8a24-35cedd1a21de.jpg,71.073909,0.716855,17.797707,5.793083,0.000000,0.339507,0.607075
snow,imgi_113_pexels-photo-5273592.jpg,G:\내 드라이브\데이터셋\snow\imgi_113_pexels-photo-5273592.jpg,15.258325,0.027462,1.316235,3.733799,0.613231,0.300725,0.459910
snow,imgi_113_snow-capped-mountain-close-up-texture-stones-snow_131301-166.jpg,G:\내 드라이브\데이터셋\snow\imgi_113_snow-capped-mountain-close-up-texture-stones-snow_131301-166.jpg,84.185698,0.892312,36.619537,5.813957,0.084940,0.353151,0.662017
snow,imgi_113_windswept-winter-field-with-tall-grass-covered-in-fresh-snow-under-a-dramatic-cloudy-sky-photo.jpg,G:\내 드라이브\데이터셋\snow\imgi_113_windswept-winter-field-with-tall-grass-covered-in-fresh-snow-under-a-dramatic-cloudy-sky-photo.jpg,80.158698,0.628679,15.901389,5.504543,0.380378,0.278691,0.624898
snow,imgi_114_10617_forest-floor-covered-with-snow.jpg,G:\내 드라이브\데이터셋\snow\imgi_114_10617_forest-floor-covered-with-snow.jpg,39.537271,0.615251,22.631884,5.556193,0.000000,0.288359,0.682438
snow,imgi_114_a-field-of-tall-grass-with-snow-on-the-ground-free-photo.jpg,G:\내 드라이브\데이터셋\snow\imgi_114_a-field-of-tall-grass-with-snow-on-the-ground-free-photo.jpg,59.129672,0.670001,16.882677,5.616130,0.000000,0.311416,0.621875
snow,imgi_114_free-photo-of-fog-over-snowy-field-at-dawn.jpg,G:\내 드라이브\데이터셋\snow\imgi_114_free-photo-of-fog-over-snowy-field-at-dawn.jpg,72.085662,0.096133,2.396857,5.302256,0.000000,0.315507,0.403504
snow,imgi_114_the-snow-is-melting-on-the-ground-plowed-soil-the-field-is-ready-for-agricultural-work-black-soil-farming-field-free-photo.jpg,G:\내 드라이브\데이터셋\snow\imgi_114_the-snow-is-melting-on-the-ground-plowed-soil-the-field-is-ready-for-agricultural-work-black-soil-farming-field-free-photo.jpg,65.333668,0.714578,24.292433,5.727798,0.109753,0.311617,0.659522
snow,imgi_114_winter-field-with-dry-grass-covered-with-white-snow_105751-4532.jpg,G:\내 드라이브\데이터셋\snow\imgi_114_winter-field-with-dry-grass-covered-with-white-snow_105751-4532.jpg,32.908118,0.538936,14.251023,4.616066,0.000000,0.306292,0.630968
snow,imgi_115_1280px-Tarn_6320_feet_23126.jpg,G:\내 드라이브\데이터셋\snow\imgi_115_1280px-Tarn_6320_feet_23126.jpg,55.605842,0.792594,19.103376,5.634075,0.000000,0.329699,0.640573
snow,imgi_115_21943_field-of-grass-with-melting-snow.jpg,G:\내 드라이브\데이터셋\snow\imgi_115_21943_field-of-grass-with-melting-snow.jpg,46.998760,0.570941,13.345922,5.306988,0.000000,0.333943,0.626689
snow,imgi_115_free-photo-of-solitary-tree-casting-long-shadows-on-snow.jpg,G:\내 드라이브\데이터셋\snow\imgi_115_free-photo-of-solitary-tree-casting-long-shadows-on-snow.jpg,105.940634,0.295029,10.130232,5.423639,0.032852,0.260743,0.503606
snow,imgi_115_HD-wallpaper-snow-covered-ground-under-starry-night.jpg,G:\내 드라이브\데이터셋\snow\imgi_115_HD-wallpaper-snow-covered-ground-under-starry-night.jpg,148.394784,0.343731,8.387697,5.305809,0.000000,0.218131,0.457991
snow,imgi_115_pngtree-windswept-snow-creates-abstract-patterns-image_16318448.jpg,G:\내 드라이브\데이터셋\snow\imgi_115_pngtree-windswept-snow-creates-abstract-patterns-image_16318448.jpg,98.574103,0.650000,16.249548,5.433291,0.542830,0.278443,0.613863
snow,imgi_115_snow-covered-field-at-sunrise-illuminating-a-beautiful-winter-landscape-photo.jpg,G:\내 드라이브\데이터셋\snow\imgi_115_snow-covered-field-at-sunrise-illuminating-a-beautiful-winter-landscape-photo.jpg,65.752102,0.447106,9.280577,5.141163,0.144481,0.291976,0.582309
snow,imgi_115_snow-covered-ground-in-winter-melting-and-exposing-soil-below-with-patches-of-white-snowflakes-photo.jpg,G:\내 드라이브\데이터셋\snow\imgi_115_snow-covered-ground-in-winter-melting-and-exposing-soil-below-with-patches-of-white-snowflakes-photo.jpg,45.892391,0.798722,16.246265,5.558049,0.568411,0.383544,0.724266
snow,imgi_116_verschneite-winterlandschaft-10-4.jpg,G:\내 드라이브\데이터셋\snow\imgi_116_verschneite-winterlandschaft-10-4.jpg,50.098515,0.325731,10.488181,5.112255,0.219741,0.239654,0.620256
snow,imgi_117_1000_F_231948969_BzweTqHubhaE4L4n777SRVFh8F60kxbl.jpg,G:\내 드라이브\데이터셋\snow\imgi_117_1000_F_231948969_BzweTqHubhaE4L4n777SRVFh8F60kxbl.jpg,45.262399,0.625411,21.458038,5.653002,0.000000,0.297975,0.667401
snow,imgi_117_55603308-dirty-snow-in-the-garden-in-spring-in-germany.jpg,G:\내 드라이브\데이터셋\snow\imgi_117_55603308-dirty-snow-in-the-garden-in-spring-in-germany.jpg,51.200717,0.749032,19.044601,5.637117,0.188581,0.353437,0.675263
snow,imgi_117_5952_snow-covered-ground-with-reeds.jpg,G:\내 드라이브\데이터셋\snow\imgi_117_5952_snow-covered-ground-with-reeds.jpg,18.947626,0.677658,13.625170,4.545705,0.353023,0.387168,0.705264
snow,imgi_117_c1909ad2-112e-41ac-8d8d-b4be38da7e37.jpg,G:\내 드라이브\데이터셋\snow\imgi_117_c1909ad2-112e-41ac-8d8d-b4be38da7e37.jpg,25.345339,0.691040,23.960808,5.750591,0.339542,0.329989,0.762989
snow,imgi_117_free-photo-of-view-of-a-snowy-field-and-trees.jpg,G:\내 드라이브\데이터셋\snow\imgi_117_free-photo-of-view-of-a-snowy-field-and-trees.jpg,34.428613,0.502745,13.665488,5.743949,0.000000,0.296003,0.650538
snow,imgi_117_trees-growing-on-snowy-field-against-cloudy-sky-at-crater-lake-national-park-CAVF58199.jpg,G:\내 드라이브\데이터셋\snow\imgi_117_trees-growing-on-snowy-field-against-cloudy-sky-at-crater-lake-national-park-CAVF58199.jpg,33.996061,0.285140,10.924545,4.936440,0.199065,0.189984,0.638308
snow,imgi_118_pexels-photo-10591518.jpg,G:\내 드라이브\데이터셋\snow\imgi_118_pexels-photo-10591518.jpg,63.414136,0.500993,8.331642,5.389017,0.000000,0.323355,0.574765
snow,imgi_118_pexels-photo-10873715.jpg,G:\내 드라이브\데이터셋\snow\imgi_118_pexels-photo-10873715.jpg,46.703315,0.723257,17.351007,5.014597,0.069374,0.267942,0.638676
snow,imgi_118_SnowfieldOverWetland-HeinzRefuge-PA-LamarGoreUSFWS.jpg,G:\내 드라이브\데이터셋\snow\imgi_118_SnowfieldOverWetland-HeinzRefuge-PA-LamarGoreUSFWS.jpg,34.482389,0.266375,6.574210,4.359352,0.355554,0.305993,0.629732
snow,imgi_119_frozen-water-surface-meyghan-wetland-winter-one-important-wetlands-iran-where-many-migrating-bird-spend-such-as-178752731.jpg,G:\내 드라이브\데이터셋\snow\imgi_119_frozen-water-surface-meyghan-wetland-winter-one-important-wetlands-iran-where-many-migrating-bird-spend-such-as-178752731.jpg,67.435009,0.414323,11.339265,5.349617,0.000000,0.229738,0.570816
snow,imgi_119_snow-covered-stone-wall-texture-for-winter-backgrounds-and-seasonal-themes-free-photo.jpg,G:\내 드라이브\데이터셋\snow\imgi_119_snow-covered-stone-wall-texture-for-winter-backgrounds-and-seasonal-themes-free-photo.jpg,61.015599,0.824891,21.462933,5.788740,0.409759,0.343549,0.696369
snow,imgi_119_snowy-field-with-tall-grass-snow-ground_845546-42.jpg,G:\내 드라이브\데이터셋\snow\imgi_119_snowy-field-with-tall-grass-snow-ground_845546-42.jpg,79.410524,0.427364,8.568684,5.183320,0.000000,0.280788,0.535436
snow,imgi_120_360_F_569530433_h08eSbdS1LRm06ZgH6FxfxsviuVJXpya.jpg,G:\내 드라이브\데이터셋\snow\imgi_120_360_F_569530433_h08eSbdS1LRm06ZgH6FxfxsviuVJXpya.jpg,4.348865,0.447992,7.583304,3.445820,0.132026,0.338590,0.633457
snow,imgi_120_fb001b96-2710-4f47-89de-3256f01de6bd.jpg,G:\내 드라이브\데이터셋\snow\imgi_120_fb001b96-2710-4f47-89de-3256f01de6bd.jpg,61.674484,0.750451,20.009054,5.907213,0.000000,0.342762,0.634999
snow,imgi_120_free-photo-of-snowy-winter-in-pine-forest.png,G:\내 드라이브\데이터셋\snow\imgi_120_free-photo-of-snowy-winter-in-pine-forest.png,67.092545,0.180740,5.611041,5.146843,0.000000,0.266078,0.502208
snow,imgi_120_snow_rocks_ground_Adobe_Stock_9ed20c4659.jpg,G:\내 드라이브\데이터셋\snow\imgi_120_snow_rocks_ground_Adobe_Stock_9ed20c4659.jpg,16.865608,0.345550,11.279807,4.738515,0.133121,0.222815,0.659492
snow,imgi_121_2024-12-05-09-01-41-1344x896.jpg,G:\내 드라이브\데이터셋\snow\imgi_121_2024-12-05-09-01-41-1344x896.jpg,58.151705,0.498803,10.244021,5.432012,0.000000,0.314737,0.592881
snow,imgi_121_melting-ice-crust-riverbank-sunset-spring-transition-mud-snow-texture-golden-hour-lighting-detailed-view-sheet-443519548.jpg,G:\내 드라이브\데이터셋\snow\imgi_121_melting-ice-crust-riverbank-sunset-spring-transition-mud-snow-texture-golden-hour-lighting-detailed-view-sheet-443519548.jpg,65.698682,0.837512,18.501823,5.675121,0.000000,0.359447,0.622224
snow,imgi_121_pexels-photo-6021562.jpg,G:\내 드라이브\데이터셋\snow\imgi_121_pexels-photo-6021562.jpg,28.630868,0.471756,12.307891,4.407923,0.000000,0.274487,0.619583
snow,imgi_121_rocks-with-snow-as-background-texture-effect-design-natural-material_647656-746.jpg,G:\내 드라이브\데이터셋\snow\imgi_121_rocks-with-snow-as-background-texture-effect-design-natural-material_647656-746.jpg,89.248830,0.913527,37.993965,5.814222,0.331613,0.340578,0.683545
snow,imgi_122_1-breakup-1024x768.jpg,G:\내 드라이브\데이터셋\snow\imgi_122_1-breakup-1024x768.jpg,45.280004,0.568078,12.806802,5.765870,0.000000,0.342991,0.631318
snow,imgi_122_20250222_210527_095008-1500x630.jpg,G:\내 드라이브\데이터셋\snow\imgi_122_20250222_210527_095008-1500x630.jpg,81.000287,0.471958,15.215332,5.611337,0.000000,0.294539,0.572275
snow,imgi_122_free-photo-of-snow-on-the-ground-in-a-coniferous-forest.jpg,G:\내 드라이브\데이터셋\snow\imgi_122_free-photo-of-snow-on-the-ground-in-a-coniferous-forest.jpg,122.502713,0.678871,20.237436,5.648689,0.000000,0.340614,0.528924
snow,imgi_122_snowy-forest-scene-stockcake.jpg,G:\내 드라이브\데이터셋\snow\imgi_122_snowy-forest-scene-stockcake.jpg,24.976604,0.652412,22.870134,5.330630,0.000000,0.318658,0.710967
snow,imgi_123_18578_cut-out-bush-covered-in-snow-in-sunlight.jpg,G:\내 드라이브\데이터셋\snow\imgi_123_18578_cut-out-bush-covered-in-snow-in-sunlight.jpg,9.132456,0.272271,9.649247,3.420018,0.000000,0.280469,0.610535
snow,imgi_123_2021-05-20-11-23-00.jpg,G:\내 드라이브\데이터셋\snow\imgi_123_2021-05-20-11-23-00.jpg,61.160450,0.563181,16.702066,5.545435,0.219136,0.356103,0.650261
snow,imgi_123_Central_Mich_Feb_2015-111_xgaplus.jpg,G:\내 드라이브\데이터셋\snow\imgi_123_Central_Mich_Feb_2015-111_xgaplus.jpg,66.884172,0.619405,23.805149,5.795599,0.000000,0.271973,0.636163
snow,imgi_123_close-up-of-a-lot-of-yellow-reeds-covered-with-a-layer-of-snow-the-swampy-terrain-in-winter-photo.jpg,G:\내 드라이브\데이터셋\snow\imgi_123_close-up-of-a-lot-of-yellow-reeds-covered-with-a-layer-of-snow-the-swampy-terrain-in-winter-photo.jpg,30.369450,0.565239,19.319450,5.374552,0.550909,0.248294,0.750482
snow,imgi_123_free-photo-of-trees-in-snow-in-winter-forest.jpg,G:\내 드라이브\데이터셋\snow\imgi_123_free-photo-of-trees-in-snow-in-winter-forest.jpg,33.239071,0.703239,18.884312,5.554390,0.058191,0.365400,0.691687
snow,imgi_124_free-photo-of-winter-landscape-at-sunrise-in-snowy-field.png,G:\내 드라이브\데이터셋\snow\imgi_124_free-photo-of-winter-landscape-at-sunrise-in-snowy-field.png,63.761988,0.730937,17.307163,5.698002,0.000000,0.299658,0.614196
snow,imgi_124_peaceful-clearing-edge-dense-forest-thick-blanket-snow-covers-ground-creating-serene-winter-scene-tall-covered-363865963.jpg,G:\내 드라이브\데이터셋\snow\imgi_124_peaceful-clearing-edge-dense-forest-thick-blanket-snow-covers-ground-creating-serene-winter-scene-tall-covered-363865963.jpg,44.688777,0.416465,15.460003,4.857095,0.000000,0.244921,0.616935
snow,imgi_124_Wind-blown-snow-accumulating-in-drift-patterns-behind-sagebrush-near-Walden-North-Park.png,G:\내 드라이브\데이터셋\snow\imgi_124_Wind-blown-snow-accumulating-in-drift-patterns-behind-sagebrush-near-Walden-North-Park.png,24.472967,0.511635,12.211905,4.763624,0.712987,0.303491,0.734201
snow,imgi_125_pexels-photo-13100006.jpg,G:\내 드라이브\데이터셋\snow\imgi_125_pexels-photo-13100006.jpg,18.224937,0.099937,3.113104,5.183786,0.000000,0.301228,0.504033
snow,imgi_126_3-transition-snow-to-mud-on-trails-spring-conditions_orig.jpg,G:\내 드라이브\데이터셋\snow\imgi_126_3-transition-snow-to-mud-on-trails-spring-conditions_orig.jpg,80.167078,0.893929,30.982800,5.827184,0.231668,0.338241,0.682200
snow,imgi_126_IMG_20191203_092401.jpg,G:\내 드라이브\데이터셋\snow\imgi_126_IMG_20191203_092401.jpg,73.929268,0.611058,19.711609,5.788683,0.000000,0.334163,0.610277
snow,imgi_126_pexels-photo-6105981.jpg,G:\내 드라이브\데이터셋\snow\imgi_126_pexels-photo-6105981.jpg,91.645740,0.036337,1.531583,5.266375,0.000000,0.261623,0.297207
snow,imgi_126_snow-alfalfa-drewitz.jpg,G:\내 드라이브\데이터셋\snow\imgi_126_snow-alfalfa-drewitz.jpg,33.324458,0.479181,14.953400,4.538546,0.678523,0.258442,0.714336
snow,imgi_126_winter-trees-2560-x-1600-wallpaper-5et03nrwebmcuxad.jpg,G:\내 드라이브\데이터셋\snow\imgi_126_winter-trees-2560-x-1600-wallpaper-5et03nrwebmcuxad.jpg,62.573187,0.609751,24.711216,5.525329,0.000000,0.277700,0.648886
snow,imgi_127_pexels-photo-36039176.jpg,G:\내 드라이브\데이터셋\snow\imgi_127_pexels-photo-36039176.jpg,33.868566,0.448946,10.894963,4.563155,0.000000,0.355214,0.616604
snow,imgi_128_93685372-the-texture-of-the-ground-covered-with-a-thin-layer-of-snow-the-soil-of-the-garden-in-winter-the.jpg,G:\내 드라이브\데이터셋\snow\imgi_128_93685372-the-texture-of-the-ground-covered-with-a-thin-layer-of-snow-the-soil-of-the-garden-in-winter-the.jpg,11.784690,0.807007,31.234587,5.251677,0.741904,0.330392,0.869349
snow,imgi_128_dry-grass-under-snow-snow-covered-field-field-plants-snow-snow-covered-field-field-plants-snow-dry-grass-under-snow-121634017.jpg,G:\내 드라이브\데이터셋\snow\imgi_128_dry-grass-under-snow-snow-covered-field-field-plants-snow-snow-covered-field-field-plants-snow-dry-grass-under-snow-121634017.jpg,38.178738,0.626800,17.276484,5.268364,0.339016,0.281095,0.698783
snow,imgi_128_pexels-photo-5168514.jpg,G:\내 드라이브\데이터셋\snow\imgi_128_pexels-photo-5168514.jpg,152.585232,0.540146,22.701195,5.574474,0.000000,0.276146,0.534026
snow,imgi_128_snow-covered-mountain-range-with-grass.jpg,G:\내 드라이브\데이터셋\snow\imgi_128_snow-covered-mountain-range-with-grass.jpg,44.510486,0.465597,15.308490,5.634450,0.000000,0.278834,0.638039
snow,imgi_128_snow-ruts.jpg,G:\내 드라이브\데이터셋\snow\imgi_128_snow-ruts.jpg,36.879918,0.637192,15.956836,5.476713,0.514075,0.346823,0.728697
snow,imgi_129_pexels-photo-1671472.jpg,G:\내 드라이브\데이터셋\snow\imgi_129_pexels-photo-1671472.jpg,80.554031,0.196094,3.049900,4.121284,0.000000,0.315655,0.451649
snow,imgi_130_snow-on-bushes.jpg,G:\내 드라이브\데이터셋\snow\imgi_130_snow-on-bushes.jpg,29.646757,0.909039,34.731693,5.851029,0.215317,0.354358,0.779075
snow,imgi_130_winter-wonderland-scene-stockcake.jpg,G:\내 드라이브\데이터셋\snow\imgi_130_winter-wonderland-scene-stockcake.jpg,35.620411,0.471878,17.434217,5.280372,0.064624,0.257683,0.666601
snow,imgi_131_IMG_20200402_105925.jpg,G:\내 드라이브\데이터셋\snow\imgi_131_IMG_20200402_105925.jpg,51.420643,0.798404,17.504805,5.658852,0.284225,0.394024,0.684134
snow,imgi_131_Last_Frontier_Randy_Lincks_AS05-1024x682.jpg,G:\내 드라이브\데이터셋\snow\imgi_131_Last_Frontier_Randy_Lincks_AS05-1024x682.jpg,19.411889,0.189384,7.620691,4.982427,0.123618,0.253736,0.617043
snow,imgi_131_pexels-photo-36092308.jpg,G:\내 드라이브\데이터셋\snow\imgi_131_pexels-photo-36092308.jpg,10.154389,0.208296,6.691766,4.105251,0.407356,0.234049,0.654250
snow,imgi_131_winter-snow-plants-nature-landscapes-56ca6d-1024.jpg,G:\내 드라이브\데이터셋\snow\imgi_131_winter-snow-plants-nature-landscapes-56ca6d-1024.jpg,39.354392,0.765532,28.018675,5.529043,0.255320,0.315246,0.743904
snow,imgi_132_frozen-frozen-grass-field-winter_223422-499.jpg,G:\내 드라이브\데이터셋\snow\imgi_132_frozen-frozen-grass-field-winter_223422-499.jpg,49.612718,0.835490,26.029936,5.496835,0.103680,0.345696,0.699107
snow,imgi_132_JGS05632-scaled.jpg,G:\내 드라이브\데이터셋\snow\imgi_132_JGS05632-scaled.jpg,41.506116,0.443479,12.749653,5.737391,0.000000,0.305555,0.634225
snow,imgi_132_pexels-photo-11771762.jpg,G:\내 드라이브\데이터셋\snow\imgi_132_pexels-photo-11771762.jpg,51.051313,0.417203,10.946777,5.259963,0.000000,0.333017,0.606353
snow,imgi_132_snow-covered-scandinavian-pinewood-forest-with-snowy-forest-floor-pine-tree-stems-pinus-sylvestris_159132-373.jpg,G:\내 드라이브\데이터셋\snow\imgi_132_snow-covered-scandinavian-pinewood-forest-with-snowy-forest-floor-pine-tree-stems-pinus-sylvestris_159132-373.jpg,18.888060,0.808173,35.836479,5.647371,0.262660,0.309372,0.800455
snow,imgi_132_snow-covered-trees-on-field-against-cloudy-sky-CAVF55045.jpg,G:\내 드라이브\데이터셋\snow\imgi_132_snow-covered-trees-on-field-against-cloudy-sky-CAVF55045.jpg,36.466897,0.265533,5.838521,4.703566,0.326698,0.279404,0.627709
snow,imgi_132_Snow-covered_bush_2_at_Renaissance_Suites_at_Flatiron.jpg,G:\내 드라이브\데이터셋\snow\imgi_132_Snow-covered_bush_2_at_Renaissance_Suites_at_Flatiron.jpg,35.822186,0.307605,11.484603,5.134598,0.123580,0.249817,0.640360
snow,imgi_132_winter-landscape-sunset-cold-snow-preview.jpg,G:\내 드라이브\데이터셋\snow\imgi_132_winter-landscape-sunset-cold-snow-preview.jpg,88.171033,0.828536,28.141146,5.730240,0.000000,0.318571,0.622122
snow,imgi_133_ben-kilbourne-transition-season-1-1456x970.jpg,G:\내 드라이브\데이터셋\snow\imgi_133_ben-kilbourne-transition-season-1-1456x970.jpg,35.651845,0.387453,9.439097,5.413942,0.000000,0.305295,0.629414
snow,imgi_133_free-photo-of-serene-snowy-landscape-with-mountain-cliff.jpg,G:\내 드라이브\데이터셋\snow\imgi_133_free-photo-of-serene-snowy-landscape-with-mountain-cliff.jpg,29.186074,0.025989,1.388362,3.020526,0.738496,0.234177,0.419095
snow,imgi_133_PXL_20260218_183113010-scaled.jpg,G:\내 드라이브\데이터셋\snow\imgi_133_PXL_20260218_183113010-scaled.jpg,8.131277,0.088325,1.790082,3.959014,0.048131,0.321826,0.472215
snow,imgi_133_Snow melting revealing grass.jpg,G:\내 드라이브\데이터셋\snow\imgi_133_Snow melting revealing grass.jpg,59.440519,0.910774,30.674459,5.865452,0.034877,0.349869,0.694333
snow,imgi_133_snowy-pines_3_2.jpg,G:\내 드라이브\데이터셋\snow\imgi_133_snowy-pines_3_2.jpg,6.087864,0.515064,16.799818,4.175145,0.150166,0.259729,0.692254
snow,imgi_133_winter-shadow-play-stockcake.jpg,G:\내 드라이브\데이터셋\snow\imgi_133_winter-shadow-play-stockcake.jpg,56.699688,0.741974,23.295057,5.651872,0.176363,0.321469,0.680320
snow,imgi_134_1332188.jpg,G:\내 드라이브\데이터셋\snow\imgi_134_1332188.jpg,18.893328,0.058319,2.295250,4.596188,0.535619,0.266152,0.503892
snow,imgi_134_699c668a04711.image.jpg,G:\내 드라이브\데이터셋\snow\imgi_134_699c668a04711.image.jpg,18.982785,0.497061,9.914804,5.588498,0.000000,0.328256,0.664499
snow,imgi_134_BP+3+2+13+V.jpg,G:\내 드라이브\데이터셋\snow\imgi_134_BP+3+2+13+V.jpg,38.587006,0.452968,16.784336,5.578824,0.294127,0.259586,0.692129
snow,imgi_134_e-comm-stvital-kading-jan24.jpg,G:\내 드라이브\데이터셋\snow\imgi_134_e-comm-stvital-kading-jan24.jpg,32.819397,0.636311,22.700302,5.702310,0.099476,0.289826,0.708153
snow,imgi_134_free-photo-of-serene-winter-forest-with-sunlit-snow.jpg,G:\내 드라이브\데이터셋\snow\imgi_134_free-photo-of-serene-winter-forest-with-sunlit-snow.jpg,55.591504,0.480879,15.154510,5.514966,0.111744,0.303805,0.634026
snow,imgi_134_pexels-photo-20112110.jpg,G:\내 드라이브\데이터셋\snow\imgi_134_pexels-photo-20112110.jpg,69.869746,0.468221,21.040220,4.875586,0.764621,0.290889,0.701541
snow,imgi_134_rocky-hill-grass-partially-covered-snow-scenic-view-green-patches-natural-landscape-showing-early-winter-late-411522673.jpg,G:\내 드라이브\데이터셋\snow\imgi_134_rocky-hill-grass-partially-covered-snow-scenic-view-green-patches-natural-landscape-showing-early-winter-late-411522673.jpg,80.748324,0.515604,13.418587,5.617149,0.000000,0.273601,0.562221
snow,imgi_135_free-photo-of-snow-covered-mountain-forest-during-winter.jpg,G:\내 드라이브\데이터셋\snow\imgi_135_free-photo-of-snow-covered-mountain-forest-during-winter.jpg,107.870712,0.491805,12.447843,5.531735,0.000000,0.286284,0.509215
snow,imgi_135_pexels-photo-3640068.jpg,G:\내 드라이브\데이터셋\snow\imgi_135_pexels-photo-3640068.jpg,95.765601,0.426284,15.057300,5.522359,0.000000,0.301667,0.545178
snow,imgi_135_picture-1v2-1.jpg,G:\내 드라이브\데이터셋\snow\imgi_135_picture-1v2-1.jpg,78.335049,0.604890,16.175634,5.312737,0.000000,0.281581,0.577458
snow,imgi_136_692df54c4c7d0a6d85731ca8_Mud Season Vermont 2026.png,G:\내 드라이브\데이터셋\snow\imgi_136_692df54c4c7d0a6d85731ca8_Mud Season Vermont 2026.png,20.607008,0.777224,21.037577,5.701697,0.298628,0.367495,0.756405
snow,imgi_137_free-photo-of-snow-covered-forest-in-winter-wonderland.jpg,G:\내 드라이브\데이터셋\snow\imgi_137_free-photo-of-snow-covered-forest-in-winter-wonderland.jpg,17.111600,0.443347,8.689932,5.597509,0.086222,0.348566,0.675428
snow,imgi_137_free-photo-of-snow-covered-rocky-mountains-in-emirdag-turkiye.png,G:\내 드라이브\데이터셋\snow\imgi_137_free-photo-of-snow-covered-rocky-mountains-in-emirdag-turkiye.png,51.574287,0.335301,11.119767,5.538704,0.000000,0.267794,0.604350
snow,imgi_137_scenery-winter-mountains-amazing-snowy-rocks-icy-lake-beautiful-view-high-mountain-covered-snow-frosty-nature-scenic-350198498.jpg,G:\내 드라이브\데이터셋\snow\imgi_137_scenery-winter-mountains-amazing-snowy-rocks-icy-lake-beautiful-view-high-mountain-covered-snow-frosty-nature-scenic-350198498.jpg,99.487779,0.593024,17.429428,5.752964,0.028721,0.303183,0.553358
snow,imgi_138_footprints-snow-artificial-turf.jpg,G:\내 드라이브\데이터셋\snow\imgi_138_footprints-snow-artificial-turf.jpg,45.420590,0.827822,31.961561,5.469080,0.305652,0.333226,0.759606
snow,imgi_138_IMG_20191203_093508.jpg,G:\내 드라이브\데이터셋\snow\imgi_138_IMG_20191203_093508.jpg,51.967258,0.627317,26.312710,5.580008,0.000000,0.313304,0.679398
snow,imgi_138_Mud-scaled.jpg,G:\내 드라이브\데이터셋\snow\imgi_138_Mud-scaled.jpg,51.086306,0.773223,17.677116,5.345297,0.426385,0.368056,0.699616
snow,imgi_138_pine-forest-covered-fresh-snow-sun-rays-shine-trees-creating-light-shadow-contrast-white-ground-sunlight-442303043.jpg,G:\내 드라이브\데이터셋\snow\imgi_138_pine-forest-covered-fresh-snow-sun-rays-shine-trees-creating-light-shadow-contrast-white-ground-sunlight-442303043.jpg,68.681905,0.830123,27.499273,5.878307,0.000000,0.343825,0.657368
snow,imgi_139_342132112.jpg,G:\내 드라이브\데이터셋\snow\imgi_139_342132112.jpg,38.082516,0.842888,23.524633,5.508862,0.210353,0.340027,0.721802
snow,imgi_140_3d-snow-wall-stone-texture-background-free-photo.jpg,G:\내 드라이브\데이터셋\snow\imgi_140_3d-snow-wall-stone-texture-background-free-photo.jpg,14.157186,0.449203,8.604707,5.049644,0.441801,0.334144,0.713550
snow,imgi_140_grass-river-footbridge-winter-wetlands-011634941.jpg,G:\내 드라이브\데이터셋\snow\imgi_140_grass-river-footbridge-winter-wetlands-011634941.jpg,59.987560,0.693805,23.171930,5.748136,0.000000,0.289094,0.647551
snow,imgi_140_iygm1s87.jpg,G:\내 드라이브\데이터셋\snow\imgi_140_iygm1s87.jpg,17.841324,0.699234,21.594070,5.340868,0.350197,0.307939,0.762862
snow,imgi_140_pexels-photo-30866053.jpg,G:\내 드라이브\데이터셋\snow\imgi_140_pexels-photo-30866053.jpg,69.661739,0.541841,16.694078,5.503412,0.000000,0.322521,0.602792
snow,imgi_141_2393313797_a3cd58fd32_b.jpg,G:\내 드라이브\데이터셋\snow\imgi_141_2393313797_a3cd58fd32_b.jpg,50.199400,0.633177,22.922626,5.494783,0.000000,0.301054,0.665523
snow,imgi_141_685c96b19ba509224c948e43_34983249_17853-4.jpg,G:\내 드라이브\데이터셋\snow\imgi_141_685c96b19ba509224c948e43_34983249_17853-4.jpg,10.254585,0.387384,12.530860,4.173307,0.000000,0.265572,0.645606
snow,imgi_141_pexels-photo-8148162.jpg,G:\내 드라이브\데이터셋\snow\imgi_141_pexels-photo-8148162.jpg,94.495434,0.431661,13.331983,5.694148,0.000000,0.317550,0.541007
snow,imgi_142_Ben_Nevis_12.jpg,G:\내 드라이브\데이터셋\snow\imgi_142_Ben_Nevis_12.jpg,68.335868,0.473695,9.312042,5.753313,0.000000,0.321252,0.570493
snow,imgi_142_P1002928.jpg,G:\내 드라이브\데이터셋\snow\imgi_142_P1002928.jpg,32.013640,0.181134,4.237563,4.118282,0.583936,0.337112,0.609205
snow,imgi_142_shutterstock_1910972374.jpg,G:\내 드라이브\데이터셋\snow\imgi_142_shutterstock_1910972374.jpg,77.006976,0.545540,13.899652,5.896430,0.000000,0.324530,0.576428
snow,imgi_143_1.jpg,G:\내 드라이브\데이터셋\snow\imgi_143_1.jpg,18.822249,0.794987,26.506319,5.521375,0.000000,0.333785,0.743119
snow,imgi_143_89dfd92058be87767ee8aaebce1ea6ca.jpg,G:\내 드라이브\데이터셋\snow\imgi_143_89dfd92058be87767ee8aaebce1ea6ca.jpg,90.444450,0.638333,17.267130,5.430454,0.000000,0.313913,0.566516
snow,imgi_143_evening-rocks-snow-grass-fog.jpg,G:\내 드라이브\데이터셋\snow\imgi_143_evening-rocks-snow-grass-fog.jpg,88.602304,0.568221,11.995033,5.521700,0.000000,0.306950,0.544484
snow,imgi_143_mountain-range-covered-snow-rocks-covering-ground-scattered-throughout-area-sky-clear-blue-creating-peaceful-357465759.jpg,G:\내 드라이브\데이터셋\snow\imgi_143_mountain-range-covered-snow-rocks-covering-ground-scattered-throughout-area-sky-clear-blue-creating-peaceful-357465759.jpg,138.000108,0.688082,21.923923,5.703491,0.000000,0.312162,0.533985
snow,imgi_143_pexels-photo-4389558.jpg,G:\내 드라이브\데이터셋\snow\imgi_143_pexels-photo-4389558.jpg,29.566635,0.449879,10.852706,4.969699,0.197216,0.336777,0.661639
snow,imgi_144_a-frozen-path-through-bare-trees-winters-embrace-on-forest-floor-a-cold-seasons-journey-photo.jpg,G:\내 드라이브\데이터셋\snow\imgi_144_a-frozen-path-through-bare-trees-winters-embrace-on-forest-floor-a-cold-seasons-journey-photo.jpg,18.842580,0.786976,21.611294,5.312092,0.349881,0.318070,0.761119
snow,imgi_144_bgm1-1.jpg,G:\내 드라이브\데이터셋\snow\imgi_144_bgm1-1.jpg,72.319776,0.448421,14.149084,5.529000,0.000000,0.269199,0.580657
snow,imgi_144_iStock-519920824-1200x675.jpg,G:\내 드라이브\데이터셋\snow\imgi_144_iStock-519920824-1200x675.jpg,55.026315,0.393463,8.342935,5.166851,0.000000,0.330759,0.583530
snow,imgi_144_pngtree-golden-hour-over-snow-covered-rolling-hills-with-a-winding-fence-image_20489241.webp,G:\내 드라이브\데이터셋\snow\imgi_144_pngtree-golden-hour-over-snow-covered-rolling-hills-with-a-winding-fence-image_20489241.webp,68.840190,0.336409,10.060887,5.527581,0.000000,0.280934,0.569047
snow,imgi_144_winter-reeds-cam-stuart.jpg,G:\내 드라이브\데이터셋\snow\imgi_144_winter-reeds-cam-stuart.jpg,12.673207,0.405750,11.678469,4.266899,0.000000,0.266337,0.640372
snow,imgi_145_a-serene-winter-landscape-with-snow-covered-ground-and-ski-tracks-leading-into-the-distance-5u5xx4plxkf305x8.jpg,G:\내 드라이브\데이터셋\snow\imgi_145_a-serene-winter-landscape-with-snow-covered-ground-and-ski-tracks-leading-into-the-distance-5u5xx4plxkf305x8.jpg,113.558464,0.501281,10.584888,5.222878,0.000000,0.324226,0.487945
snow,imgi_145_free-photo-of-overcast-over-forest-in-snow.jpg,G:\내 드라이브\데이터셋\snow\imgi_145_free-photo-of-overcast-over-forest-in-snow.jpg,37.897311,0.388352,12.385601,5.011299,0.000000,0.310108,0.626633
snow,imgi_145_pexels-photo-11373500.jpg,G:\내 드라이브\데이터셋\snow\imgi_145_pexels-photo-11373500.jpg,67.833586,0.130664,4.470126,5.800613,0.000000,0.224937,0.449750
snow,imgi_145_SnowGrass_Camo.jpg,G:\내 드라이브\데이터셋\snow\imgi_145_SnowGrass_Camo.jpg,34.654702,0.941114,34.795486,5.644816,0.553469,0.353016,0.813719
snow,imgi_145_Yampa-sbt-030919-1240x816.jpg,G:\내 드라이브\데이터셋\snow\imgi_145_Yampa-sbt-030919-1240x816.jpg,15.878375,0.633751,17.185270,5.079612,0.266035,0.317858,0.727136
snow,imgi_146_1000_F_129548961_I9eMc7GWVJJBLuYWauEhOzA9Echa1DlA.jpg,G:\내 드라이브\데이터셋\snow\imgi_146_1000_F_129548961_I9eMc7GWVJJBLuYWauEhOzA9Echa1DlA.jpg,50.459586,0.503880,17.558788,5.618888,0.000000,0.241884,0.633986
snow,imgi_146_dimmuborgir-11.jpg,G:\내 드라이브\데이터셋\snow\imgi_146_dimmuborgir-11.jpg,43.438393,0.591546,17.312368,5.643642,0.000000,0.303514,0.651866
snow,imgi_146_fresh-snow-covering-green-grass-and-dry-leaves-in-a-field-during-early-winter-concept-of-seasonal-change-winter-weather-cold-climate-nature-background-photo.jpg,G:\내 드라이브\데이터셋\snow\imgi_146_fresh-snow-covering-green-grass-and-dry-leaves-in-a-field-during-early-winter-concept-of-seasonal-change-winter-weather-cold-climate-nature-background-photo.jpg,41.725358,0.811852,25.705456,5.329976,0.785241,0.345008,0.798246
snow,imgi_146_pexels-photo-1710352.jpg,G:\내 드라이브\데이터셋\snow\imgi_146_pexels-photo-1710352.jpg,23.977580,0.820227,18.209007,5.378242,0.727329,0.392360,0.794459
snow,imgi_146_TitleAreATand-MTGoodForSnow_600-300.jpg,G:\내 드라이브\데이터셋\snow\imgi_146_TitleAreATand-MTGoodForSnow_600-300.jpg,55.982211,0.785544,17.117119,5.571107,0.282498,0.337913,0.668118
snow,imgi_147_Day6_RedFirScene_USGSStephenson.jpg,G:\내 드라이브\데이터셋\snow\imgi_147_Day6_RedFirScene_USGSStephenson.jpg,18.231949,0.620769,21.174191,5.822459,0.000000,0.308247,0.716654
snow,imgi_147_NEW-Yard.png,G:\내 드라이브\데이터셋\snow\imgi_147_NEW-Yard.png,47.503654,0.823083,26.134228,5.933396,0.000000,0.349443,0.690358
snow,imgi_147_pexels-photo-29716293.jpg,G:\내 드라이브\데이터셋\snow\imgi_147_pexels-photo-29716293.jpg,8.750017,0.306440,7.085933,5.058134,0.000000,0.276307,0.653409
snow,imgi_148_1.jpg,G:\내 드라이브\데이터셋\snow\imgi_148_1.jpg,52.869804,0.759321,14.854876,5.342947,0.000000,0.355597,0.626362
snow,imgi_148_2025-11-06-15-55-06-1344x896.jpg,G:\내 드라이브\데이터셋\snow\imgi_148_2025-11-06-15-55-06-1344x896.jpg,40.870074,0.523977,13.623140,5.654835,0.000000,0.286805,0.637611
snow,imgi_148_54799892b416bed7db0190d85ed636f4.jpg,G:\내 드라이브\데이터셋\snow\imgi_148_54799892b416bed7db0190d85ed636f4.jpg,70.194050,0.524732,18.914013,5.684887,0.165550,0.260626,0.627554
snow,imgi_148_a1ec96591b7db42239476e236cfba067.jpg,G:\내 드라이브\데이터셋\snow\imgi_148_a1ec96591b7db42239476e236cfba067.jpg,40.059411,0.575901,13.881003,5.351641,0.212646,0.280153,0.665672
snow,imgi_148_Miscanthus+after+an+early+snowfall.jpg,G:\내 드라이브\데이터셋\snow\imgi_148_Miscanthus+after+an+early+snowfall.jpg,26.719713,0.346303,8.309277,5.326168,0.301299,0.321715,0.678843
snow,imgi_148_muddy-roads-ansontebbets.jpg,G:\내 드라이브\데이터셋\snow\imgi_148_muddy-roads-ansontebbets.jpg,49.750287,0.784220,24.563622,5.739087,0.037009,0.314671,0.680211
snow,imgi_148_pexels-photo-11009769.jpg,G:\내 드라이브\데이터셋\snow\imgi_148_pexels-photo-11009769.jpg,88.454072,0.598263,15.924491,5.633343,0.000000,0.333019,0.565782
snow,imgi_148_pexels-photo-11710994.jpg,G:\내 드라이브\데이터셋\snow\imgi_148_pexels-photo-11710994.jpg,74.656701,0.538701,14.821867,5.784471,0.000000,0.280827,0.580690
snow,imgi_148_SoftPackedPow.jpg,G:\내 드라이브\데이터셋\snow\imgi_148_SoftPackedPow.jpg,77.122676,0.165578,3.689838,5.018046,0.000000,0.312702,0.460021
snow,imgi_149_be694a9c9acf09e8.jpg,G:\내 드라이브\데이터셋\snow\imgi_149_be694a9c9acf09e8.jpg,49.577809,0.073664,2.626464,5.050385,0.000000,0.325953,0.416024
snow,imgi_149_beautiful-winter-landscape-background-snow-covered-trees-ice-cold-winter-day-park-beautiful-winter-landscape-108781113.jpg,G:\내 드라이브\데이터셋\snow\imgi_149_beautiful-winter-landscape-background-snow-covered-trees-ice-cold-winter-day-park-beautiful-winter-landscape-108781113.jpg,77.877707,0.678633,23.977129,5.832108,0.000000,0.278273,0.617444
snow,imgi_14_default.jpg,G:\내 드라이브\데이터셋\snow\imgi_14_default.jpg,64.985534,0.478510,15.965912,5.271864,0.100781,0.259549,0.610485
snow,imgi_150_perspective-view-from-the-car-driving-in-a-snowstorm-on-the-empty-highway-in-finland-poor-visibility-through-the-driver-s-glass-snow-covered-forest-at-the-road-side-winter-blizzard-free-photo.jpg,G:\내 드라이브\데이터셋\snow\imgi_150_perspective-view-from-the-car-driving-in-a-snowstorm-on-the-empty-highway-in-finland-poor-visibility-through-the-driver-s-glass-snow-covered-forest-at-the-road-side-winter-blizzard-free-photo.jpg,21.827901,0.308421,5.720060,4.682202,0.294351,0.257657,0.646900
snow,imgi_150_snow-3921275_1280.jpg,G:\내 드라이브\데이터셋\snow\imgi_150_snow-3921275_1280.jpg,95.662179,0.406553,9.830606,5.538395,0.000000,0.290265,0.519727
snow,imgi_150_Snowy-Winter-Forest-Mural-Wallpaper.jpg,G:\내 드라이브\데이터셋\snow\imgi_150_Snowy-Winter-Forest-Mural-Wallpaper.jpg,59.057392,0.747380,28.450373,5.764121,0.169073,0.340310,0.701100
snow,imgi_150_Stowe-Trees-4.jpg,G:\내 드라이브\데이터셋\snow\imgi_150_Stowe-Trees-4.jpg,55.326894,0.731516,20.605543,5.892054,0.000000,0.349295,0.650085
snow,imgi_150_winter-field-with-dry-grass-covered-with-white-snow_105751-3904.jpg,G:\내 드라이브\데이터셋\snow\imgi_150_winter-field-with-dry-grass-covered-with-white-snow_105751-3904.jpg,64.785326,0.769830,22.947300,5.244823,0.000000,0.338128,0.637433
snow,imgi_150_winter-sports-scene-scaled.jpg,G:\내 드라이브\데이터셋\snow\imgi_150_winter-sports-scene-scaled.jpg,97.835368,0.348910,8.949099,5.721319,0.000000,0.267992,0.509383
snow,imgi_151_11506898915_ac6e27d074_b.jpg,G:\내 드라이브\데이터셋\snow\imgi_151_11506898915_ac6e27d074_b.jpg,48.847309,0.907775,29.077131,5.776586,0.258974,0.370755,0.737488
snow,imgi_151_snow-covered-hill-with-trees-and-rocks.jpg,G:\내 드라이브\데이터셋\snow\imgi_151_snow-covered-hill-with-trees-and-rocks.jpg,67.107306,0.238117,9.997631,5.106658,0.000000,0.201678,0.554224
snow,imgi_152_2017-05-31-18-04-31-900x600.jpg,G:\내 드라이브\데이터셋\snow\imgi_152_2017-05-31-18-04-31-900x600.jpg,43.723900,0.713937,17.718847,5.903458,0.000000,0.329248,0.655821
snow,imgi_152_7414b96bf359a570210c1a29067bb3cf_Snowy_Rocks_019_-_Fotoref_2048.jpg,G:\내 드라이브\데이터셋\snow\imgi_152_7414b96bf359a570210c1a29067bb3cf_Snowy_Rocks_019_-_Fotoref_2048.jpg,56.371912,0.615279,13.031939,5.674066,0.000000,0.318114,0.609550
snow,imgi_152_pexels-photo-30431306.jpg,G:\내 드라이브\데이터셋\snow\imgi_152_pexels-photo-30431306.jpg,17.178808,0.369178,13.913908,4.419219,0.166178,0.260513,0.668689
snow,imgi_152_snowy-rock-garden-stockcake.jpg,G:\내 드라이브\데이터셋\snow\imgi_152_snowy-rock-garden-stockcake.jpg,24.359968,0.321793,8.527037,5.261575,0.000000,0.236591,0.634355
snow,imgi_153_156289-812108475_tiny.jpg,G:\내 드라이브\데이터셋\snow\imgi_153_156289-812108475_tiny.jpg,78.087842,0.566786,19.130028,5.793766,0.000000,0.297517,0.596263
snow,imgi_153_fog-5873035_1280.jpg,G:\내 드라이브\데이터셋\snow\imgi_153_fog-5873035_1280.jpg,39.366352,0.329951,8.388443,5.826181,0.000000,0.259354,0.613085
snow,imgi_153_kazuyuki-futagawa-0039107497_1024x1024@2x.jpg,G:\내 드라이브\데이터셋\snow\imgi_153_kazuyuki-futagawa-0039107497_1024x1024@2x.jpg,135.080439,0.811080,24.428867,5.510676,0.360629,0.306193,0.592011
snow,imgi_154_forest-1.jpg,G:\내 드라이브\데이터셋\snow\imgi_154_forest-1.jpg,56.887795,0.580351,19.484447,5.422773,0.172395,0.263132,0.655764
snow,imgi_154_fresh-green-grass-sprouts-through-a-blanket-of-white-snow-covering-the-ground-in-winter-photo.jpg,G:\내 드라이브\데이터셋\snow\imgi_154_fresh-green-grass-sprouts-through-a-blanket-of-white-snow-covering-the-ground-in-winter-photo.jpg,69.998224,0.839812,33.774643,5.901024,0.849083,0.324621,0.784513
snow,imgi_154_pexels-photo-14759663.jpg,G:\내 드라이브\데이터셋\snow\imgi_154_pexels-photo-14759663.jpg,24.965137,0.534983,15.510249,5.195130,0.000000,0.323740,0.672480
snow,imgi_155_pexels-photo-11045562.jpg,G:\내 드라이브\데이터셋\snow\imgi_155_pexels-photo-11045562.jpg,111.008419,0.803117,20.885201,5.811035,0.000000,0.368470,0.551231
snow,imgi_155_pexels-photo-18234013.jpg,G:\내 드라이브\데이터셋\snow\imgi_155_pexels-photo-18234013.jpg,35.164241,0.388828,8.015067,5.106784,0.156415,0.365906,0.640254
snow,imgi_155_pxl-20230118-142424361_orig.jpg,G:\내 드라이브\데이터셋\snow\imgi_155_pxl-20230118-142424361_orig.jpg,30.142432,0.324649,6.132836,5.232114,0.000000,0.290389,0.616929
snow,imgi_156_20260324_115740-768x1024.jpg,G:\내 드라이브\데이터셋\snow\imgi_156_20260324_115740-768x1024.jpg,17.679159,0.536713,9.753502,5.127363,0.000000,0.324833,0.656703
snow,imgi_156_422632.jpg,G:\내 드라이브\데이터셋\snow\imgi_156_422632.jpg,30.515813,0.384737,22.381462,4.446976,0.000000,0.248359,0.662036
snow,imgi_156_free-photo-of-snow-covered-grass.jpg,G:\내 드라이브\데이터셋\snow\imgi_156_free-photo-of-snow-covered-grass.jpg,32.072119,0.101727,2.379536,5.214901,0.000000,0.312569,0.479169
snow,imgi_156_free-photo-of-view-of-a-snowy-field-and-trees.jpg,G:\내 드라이브\데이터셋\snow\imgi_156_free-photo-of-view-of-a-snowy-field-and-trees.jpg,25.370605,0.749616,10.669002,4.700309,0.439039,0.288670,0.686117
snow,imgi_156_Snowy_forest_path_at_sunset.jpg,G:\내 드라이브\데이터셋\snow\imgi_156_Snowy_forest_path_at_sunset.jpg,71.931073,0.502978,17.324493,5.435153,0.236097,0.303862,0.630414
snow,imgi_156_Wind-blown_Snow_Pattern_(6967217151).jpg,G:\내 드라이브\데이터셋\snow\imgi_156_Wind-blown_Snow_Pattern_(6967217151).jpg,0.000000,0.482684,10.499685,5.327623,0.408990,0.309876,0.750961
snow,imgi_157_21937_grass-field-with-large-patch-of-snow.jpg,G:\내 드라이브\데이터셋\snow\imgi_157_21937_grass-field-with-large-patch-of-snow.jpg,34.626837,0.324242,6.503312,4.731297,0.000000,0.345213,0.599233
snow,imgi_157_free-photo-of-a-mountain-range-with-snow-and-ice-on-the-ground.jpg,G:\내 드라이브\데이터셋\snow\imgi_157_free-photo-of-a-mountain-range-with-snow-and-ice-on-the-ground.jpg,98.196856,0.503978,12.990311,5.687311,0.000000,0.332893,0.534154
snow,imgi_157_glare-sun-through-trees-snowy-mountains_290431-14848.jpg,G:\내 드라이브\데이터셋\snow\imgi_157_glare-sun-through-trees-snowy-mountains_290431-14848.jpg,88.638633,0.399576,14.320584,5.838040,0.000000,0.242605,0.548884
snow,imgi_157_snow-photography-5.jpg,G:\내 드라이브\데이터셋\snow\imgi_157_snow-photography-5.jpg,20.420567,0.230188,4.997154,4.778015,0.000000,0.293888,0.614642
snow,imgi_158_After a snow storm%2C the sun emerged revealing this beautiful scene on Cedar River Road west of Mount Vernon%2C IA..jpg,G:\내 드라이브\데이터셋\snow\imgi_158_After a snow storm%2C the sun emerged revealing this beautiful scene on Cedar River Road west of Mount Vernon%2C IA..jpg,57.189533,0.694610,24.369774,5.620513,0.000000,0.284840,0.657870
snow,imgi_158_field-covered-in-snow-with-cloudy-sky-in-the-background-and-small-free-photo.jpg,G:\내 드라이브\데이터셋\snow\imgi_158_field-covered-in-snow-with-cloudy-sky-in-the-background-and-small-free-photo.jpg,31.494627,0.145166,4.888598,4.315988,0.557317,0.249954,0.571654
snow,imgi_158_pexels-photo-4389556.jpg,G:\내 드라이브\데이터셋\snow\imgi_158_pexels-photo-4389556.jpg,21.159926,0.606924,15.010366,5.381525,0.087983,0.344576,0.696847
snow,imgi_158_pristine-snow-patterns-stockcake.jpg,G:\내 드라이브\데이터셋\snow\imgi_158_pristine-snow-patterns-stockcake.jpg,56.388708,0.318759,7.232430,5.090466,0.439413,0.303367,0.627665
snow,imgi_158_snowy-woodland-landscape-free-photo.jpg,G:\내 드라이브\데이터셋\snow\imgi_158_snowy-woodland-landscape-free-photo.jpg,33.943862,0.467500,16.513025,5.635966,0.000000,0.266304,0.661805
snow,imgi_159_Dry_yellow_grass_covered_with_snow_in_winter.jpg,G:\내 드라이브\데이터셋\snow\imgi_159_Dry_yellow_grass_covered_with_snow_in_winter.jpg,71.510722,0.564103,12.211548,5.377823,0.000000,0.354092,0.580809
snow,imgi_159_free-photo-of-view-of-a-snowcapped-mountain-peak-under-a-cloudy-sky.jpg,G:\내 드라이브\데이터셋\snow\imgi_159_free-photo-of-view-of-a-snowcapped-mountain-peak-under-a-cloudy-sky.jpg,11.371741,0.244953,7.441144,4.314819,0.234763,0.309680,0.659347
snow,imgi_159_windswept-snow-ed-cooper-photography.jpg,G:\내 드라이브\데이터셋\snow\imgi_159_windswept-snow-ed-cooper-photography.jpg,74.674959,0.452997,12.894522,5.389136,0.076887,0.266520,0.579824
snow,imgi_160_1121914.jpg,G:\내 드라이브\데이터셋\snow\imgi_160_1121914.jpg,107.874984,0.215524,5.811048,4.836782,0.149324,0.273734,0.473004
snow,imgi_160_4DQABaKnfTwPBbLkg6Vd3L.jpg,G:\내 드라이브\데이터셋\snow\imgi_160_4DQABaKnfTwPBbLkg6Vd3L.jpg,13.752427,0.555880,16.844982,4.723135,0.000000,0.295109,0.680697
snow,imgi_160_86b995cc484f5f255c5ea8b7f8ac963b_Snowy_Rocks_007_-_Fotoref_2048.jpg,G:\내 드라이브\데이터셋\snow\imgi_160_86b995cc484f5f255c5ea8b7f8ac963b_Snowy_Rocks_007_-_Fotoref_2048.jpg,30.833981,0.481520,15.053469,5.814136,0.000000,0.276159,0.661650
snow,imgi_160_closeup-shot-snow-covered-field-with-dry-tall-grass_665346-20911.jpg,G:\내 드라이브\데이터셋\snow\imgi_160_closeup-shot-snow-covered-field-with-dry-tall-grass_665346-20911.jpg,11.928494,0.684124,16.308907,4.719339,0.111454,0.323931,0.698773
snow,imgi_160_CountryRoad-1080x715.jpg,G:\내 드라이브\데이터셋\snow\imgi_160_CountryRoad-1080x715.jpg,25.836425,0.718318,23.759808,5.499674,0.129918,0.323332,0.733230
snow,imgi_160_FHK2em3N5qvhuQTgwG7LUC.jpg,G:\내 드라이브\데이터셋\snow\imgi_160_FHK2em3N5qvhuQTgwG7LUC.jpg,5.615121,0.186120,5.667804,4.357478,0.622571,0.319965,0.680573
snow,imgi_160_golden-hour-richmond-park-london.jpg,G:\내 드라이브\데이터셋\snow\imgi_160_golden-hour-richmond-park-london.jpg,75.688275,0.658643,32.176105,5.802523,0.000000,0.278180,0.659056
snow,imgi_160_iStock-896245338.jpg,G:\내 드라이브\데이터셋\snow\imgi_160_iStock-896245338.jpg,92.828261,0.498706,13.325993,5.492859,0.140614,0.273140,0.557874
snow,imgi_161_166389865-textured-surface-of-dirty-melting-snow-with-ground-and-soil.jpg,G:\내 드라이브\데이터셋\snow\imgi_161_166389865-textured-surface-of-dirty-melting-snow-with-ground-and-soil.jpg,29.441525,0.618980,13.114343,5.304703,0.249889,0.321707,0.688977
snow,imgi_161_cold-wind-shakes-the-dry-stalks-of-reeds-winter-lake-is-frozen-covered-with-white-snow-free-photo.jpg,G:\내 드라이브\데이터셋\snow\imgi_161_cold-wind-shakes-the-dry-stalks-of-reeds-winter-lake-is-frozen-covered-with-white-snow-free-photo.jpg,17.609762,0.273166,9.385604,4.407006,0.252883,0.226359,0.654121
snow,imgi_161_Dirt-Road-Mud-Season-Vermont.webp,G:\내 드라이브\데이터셋\snow\imgi_161_Dirt-Road-Mud-Season-Vermont.webp,64.560837,0.836393,24.942036,5.589618,0.000000,0.332112,0.651765
snow,imgi_161_green-fields-under-grey-rock-formations-covered-with-snow.jpg,G:\내 드라이브\데이터셋\snow\imgi_161_green-fields-under-grey-rock-formations-covered-with-snow.jpg,172.286681,0.433355,16.737648,5.422682,0.000000,0.274655,0.505923
snow,imgi_161_IMG_2018.jpg,G:\내 드라이브\데이터셋\snow\imgi_161_IMG_2018.jpg,33.497593,0.451652,17.845894,5.554539,0.000000,0.261912,0.668432
snow,imgi_161_nando-winter-scenery-10.jpg,G:\내 드라이브\데이터셋\snow\imgi_161_nando-winter-scenery-10.jpg,0.000000,0.484106,13.282537,4.523207,0.487755,0.271227,0.743566
snow,imgi_162_dmitry-kremiansky-snowyforest-afternoon-kremiansky.jpg,G:\내 드라이브\데이터셋\snow\imgi_162_dmitry-kremiansky-snowyforest-afternoon-kremiansky.jpg,53.798265,0.615930,14.812531,5.579725,0.000000,0.349023,0.625706
snow,imgi_162_pexels-photo-3545807.jpg,G:\내 드라이브\데이터셋\snow\imgi_162_pexels-photo-3545807.jpg,79.858158,0.402900,6.154867,5.814112,0.000000,0.279779,0.530422
snow,imgi_163_dark-creepy-snow-cold-forest-600nw-1921136801.jpg,G:\내 드라이브\데이터셋\snow\imgi_163_dark-creepy-snow-cold-forest-600nw-1921136801.jpg,101.339075,0.466729,8.058866,4.888011,0.110928,0.332181,0.502560
snow,imgi_163_field-5898316_1280.jpg,G:\내 드라이브\데이터셋\snow\imgi_163_field-5898316_1280.jpg,95.400536,0.621316,18.585752,5.667136,0.000000,0.305101,0.562730
snow,imgi_163_free-photo-of-rocky-mountain-range.jpg,G:\내 드라이브\데이터셋\snow\imgi_163_free-photo-of-rocky-mountain-range.jpg,54.497842,0.622091,13.499713,5.913603,0.045573,0.379627,0.627254
snow,imgi_163_pexels-photo-5959061.jpg,G:\내 드라이브\데이터셋\snow\imgi_163_pexels-photo-5959061.jpg,121.425336,0.174870,4.185492,5.750327,0.000000,0.293269,0.403817
snow,imgi_163_pexels-photo-7684284.jpg,G:\내 드라이브\데이터셋\snow\imgi_163_pexels-photo-7684284.jpg,102.438552,0.398479,16.353065,5.216256,0.000000,0.255395,0.528266
snow,imgi_163_snowy-trees-winter-road-snow-covered-countryside-woods-1920x1080-3689.jpg,G:\내 드라이브\데이터셋\snow\imgi_163_snowy-trees-winter-road-snow-covered-countryside-woods-1920x1080-3689.jpg,58.820635,0.601182,22.973579,5.874739,0.102976,0.262437,0.659481
snow,imgi_163_t8bfzf0g16le1.jpg,G:\내 드라이브\데이터셋\snow\imgi_163_t8bfzf0g16le1.jpg,23.656274,0.817932,21.329548,5.703264,0.168629,0.376209,0.736155
snow,imgi_164_6775534-wind-created-patterns-on-surface-of-packed-snow.jpg,G:\내 드라이브\데이터셋\snow\imgi_164_6775534-wind-created-patterns-on-surface-of-packed-snow.jpg,24.749206,0.617356,9.397110,4.604059,0.752663,0.385236,0.728514
snow,imgi_164_grass-in-the-frost-the-grass-in-winter-covered-with-frost-closeup-with-a-small-depth-of-field-photo.jpg,G:\내 드라이브\데이터셋\snow\imgi_164_grass-in-the-frost-the-grass-in-winter-covered-with-frost-closeup-with-a-small-depth-of-field-photo.jpg,20.903067,0.960252,40.502361,5.853138,0.407582,0.371586,0.821822
snow,imgi_164_pexels-photo-1978126.jpg,G:\내 드라이브\데이터셋\snow\imgi_164_pexels-photo-1978126.jpg,51.809247,0.503138,16.739435,5.716640,0.000000,0.292897,0.632772
snow,imgi_164_winter-field-with-dry-grass-covered-with-white-snow_105751-4552.jpg,G:\내 드라이브\데이터셋\snow\imgi_164_winter-field-with-dry-grass-covered-with-white-snow_105751-4552.jpg,19.730381,0.479501,12.733296,4.291677,0.047858,0.264964,0.639289
snow,imgi_164_winterscene-wide-25eci3i.jpg,G:\내 드라이브\데이터셋\snow\imgi_164_winterscene-wide-25eci3i.jpg,0.000000,0.658222,21.291338,5.457206,0.321093,0.284854,0.790031
snow,imgi_165_dalles-ridge-snowshoe-carolinemd.jpg,G:\내 드라이브\데이터셋\snow\imgi_165_dalles-ridge-snowshoe-carolinemd.jpg,16.224078,0.640368,17.352245,5.710820,0.000000,0.296759,0.701270
snow,imgi_165_free-photo-of-serene-snowy-path-through-winter-trees.jpg,G:\내 드라이브\데이터셋\snow\imgi_165_free-photo-of-serene-snowy-path-through-winter-trees.jpg,87.614949,0.596889,20.169157,5.661242,0.000000,0.284967,0.582412
snow,imgi_166_008b2be4e01b1217ae3e8c8cfd1ef3bc.jpg,G:\내 드라이브\데이터셋\snow\imgi_166_008b2be4e01b1217ae3e8c8cfd1ef3bc.jpg,98.027527,0.389943,14.778302,4.916976,0.467554,0.252931,0.579530
snow,imgi_166_20210309_154655_4032x.jpg,G:\내 드라이브\데이터셋\snow\imgi_166_20210309_154655_4032x.jpg,93.216339,0.925082,37.166332,5.936179,0.388802,0.365988,0.686246
snow,imgi_166_52AA33B0-46E7-4B13-BBE2-96E1F7215956-1024x768.jpg,G:\내 드라이브\데이터셋\snow\imgi_166_52AA33B0-46E7-4B13-BBE2-96E1F7215956-1024x768.jpg,47.043765,0.746218,27.657227,5.909003,0.006829,0.287516,0.693036
snow,imgi_166_5411704433_ea50ecbfa8_b.jpg,G:\내 드라이브\데이터셋\snow\imgi_166_5411704433_ea50ecbfa8_b.jpg,18.553421,0.392381,7.828339,4.550750,0.001248,0.298231,0.624358
snow,imgi_166_free-photo-of-view-of-a-snowy-footpath-in-a-forest.jpg,G:\내 드라이브\데이터셋\snow\imgi_166_free-photo-of-view-of-a-snowy-footpath-in-a-forest.jpg,65.981644,0.543409,17.232363,5.660633,0.000000,0.304403,0.610251
snow,imgi_166_Pathway-to-Island_Panorama-copy.jpg,G:\내 드라이브\데이터셋\snow\imgi_166_Pathway-to-Island_Panorama-copy.jpg,71.827343,0.399862,11.899985,5.513523,0.000000,0.229130,0.567011
snow,imgi_166_snowy-forest-and-field-nathanael-hovee.jpg,G:\내 드라이브\데이터셋\snow\imgi_166_snowy-forest-and-field-nathanael-hovee.jpg,34.728088,0.405204,8.594681,4.953050,0.255982,0.262811,0.641280
snow,imgi_166_the-texture-of-the-ground-covered-with-a-thin-layer-of-snow-the-soil-of-the-garden-in-winter-the-dug-ground-close-up-photo.jpg,G:\내 드라이브\데이터셋\snow\imgi_166_the-texture-of-the-ground-covered-with-a-thin-layer-of-snow-the-soil-of-the-garden-in-winter-the-dug-ground-close-up-photo.jpg,18.821673,0.743567,24.174131,5.649744,0.473490,0.326337,0.792997
snow,imgi_166_winter-landscape-reeds-snow-against-forest-ost-europe-110134516.jpg,G:\내 드라이브\데이터셋\snow\imgi_166_winter-landscape-reeds-snow-against-forest-ost-europe-110134516.jpg,36.970377,0.643113,27.579258,5.515341,0.051108,0.283866,0.716529
snow,imgi_167_kyu1WOb8.jpg,G:\내 드라이브\데이터셋\snow\imgi_167_kyu1WOb8.jpg,89.347658,0.260932,8.947744,5.121630,0.000000,0.259656,0.514825
snow,imgi_167_serene-winter-wonderland-a-peaceful-snowy-forest-path-illuminated-by-soft-light-through-frosted-trees-evoking-a-sense-of-tranquility-and-the-beauty-of-nature-in-winter-time-quiet-photo.jpg,G:\내 드라이브\데이터셋\snow\imgi_167_serene-winter-wonderland-a-peaceful-snowy-forest-path-illuminated-by-soft-light-through-frosted-trees-evoking-a-sense-of-tranquility-and-the-beauty-of-nature-in-winter-time-quiet-photo.jpg,70.946548,0.620254,17.951992,5.649810,0.000000,0.281563,0.602238
snow,imgi_167_Z72_2741.jpg,G:\내 드라이브\데이터셋\snow\imgi_167_Z72_2741.jpg,54.268255,0.559338,12.783431,5.825673,0.000000,0.281180,0.608548
snow,imgi_168_2017-03-21-11-37-05.jpg,G:\내 드라이브\데이터셋\snow\imgi_168_2017-03-21-11-37-05.jpg,72.771568,0.517004,11.445794,5.270867,0.106415,0.328142,0.582581
snow,imgi_168_5-snow-light.jpg,G:\내 드라이브\데이터셋\snow\imgi_168_5-snow-light.jpg,42.007352,0.549272,19.161995,5.711298,0.000000,0.258292,0.658638
snow,imgi_168_bare-birch-tree-winter-sunlight-snow-covered-ground-bright-blue-sky-golden-warm-light-long-shadows-create-serene-peaceful-435765202.jpg,G:\내 드라이브\데이터셋\snow\imgi_168_bare-birch-tree-winter-sunlight-snow-covered-ground-bright-blue-sky-golden-warm-light-long-shadows-create-serene-peaceful-435765202.jpg,92.804755,0.740963,26.298075,5.816841,0.000000,0.302360,0.603366
snow,imgi_168_green-grass-covered-with-snow-ice-winter-agricultural-field-with-different-plants-snow-after-frosts-snowfalls-eastern-europe_252085-46674.jpg,G:\내 드라이브\데이터셋\snow\imgi_168_green-grass-covered-with-snow-ice-winter-agricultural-field-with-different-plants-snow-after-frosts-snowfalls-eastern-europe_252085-46674.jpg,68.515336,0.895983,27.068537,5.662935,0.364334,0.369360,0.705572
snow,imgi_168_HeroAreATand-MTGoodForSnowDesktop_1024.jpg,G:\내 드라이브\데이터셋\snow\imgi_168_HeroAreATand-MTGoodForSnowDesktop_1024.jpg,52.292375,0.850166,17.819307,5.493904,0.352302,0.373581,0.690816
snow,imgi_168_Snow_packed_trees.jpg,G:\내 드라이브\데이터셋\snow\imgi_168_Snow_packed_trees.jpg,73.691971,0.279874,13.672549,5.660635,0.000000,0.251860,0.574174
snow,imgi_168_snowy-winter-forest-stockcake.jpg,G:\내 드라이브\데이터셋\snow\imgi_168_snowy-winter-forest-stockcake.jpg,129.724706,0.547784,14.747147,5.505189,0.053526,0.268707,0.502956
snow,imgi_169_18-6__91030.1523652702.jpg,G:\내 드라이브\데이터셋\snow\imgi_169_18-6__91030.1523652702.jpg,19.538967,0.825425,26.078247,5.391654,0.487712,0.337715,0.803316
snow,imgi_16_default.jpg,G:\내 드라이브\데이터셋\snow\imgi_16_default.jpg,64.032454,0.864198,18.337931,5.628238,0.000000,0.361892,0.624755
snow,imgi_170_01ba48539952bdc39fddd7b3f16bce98_Snowy_Rocks_105_-_Fotoref_2048.jpg,G:\내 드라이브\데이터셋\snow\imgi_170_01ba48539952bdc39fddd7b3f16bce98_Snowy_Rocks_105_-_Fotoref_2048.jpg,32.806667,0.657853,16.862217,5.704036,0.000000,0.329149,0.671811
snow,imgi_170_2-1.png,G:\내 드라이브\데이터셋\snow\imgi_170_2-1.png,87.303307,0.771749,19.588657,5.653066,0.000000,0.352608,0.587027
snow,imgi_170__MG_3260-XL.jpg,G:\내 드라이브\데이터셋\snow\imgi_170__MG_3260-XL.jpg,2.215123,0.363302,9.081333,4.610627,0.515666,0.269591,0.726191
snow,imgi_170_Heavy_snowfall_on_reeds.jpg,G:\내 드라이브\데이터셋\snow\imgi_170_Heavy_snowfall_on_reeds.jpg,22.826275,0.657003,24.633274,5.491187,0.103327,0.324464,0.739499
snow,imgi_170_JeroenSchouten-Speulderbos-Speulderforest-Winter-Spring-Path.jpg.jpg,G:\내 드라이브\데이터셋\snow\imgi_170_JeroenSchouten-Speulderbos-Speulderforest-Winter-Spring-Path.jpg.jpg,20.736061,0.867351,30.878395,5.571259,0.483092,0.338974,0.823426
snow,imgi_170_texture-grass-covered-thin-layer-footage-306288592_iconl.jpg,G:\내 드라이브\데이터셋\snow\imgi_170_texture-grass-covered-thin-layer-footage-306288592_iconl.jpg,43.525408,0.949609,39.093472,5.619391,0.679595,0.351988,0.813750
snow,imgi_170_xlarge-6abb493c309639d0c8379c49725eff9d.jpg,G:\내 드라이브\데이터셋\snow\imgi_170_xlarge-6abb493c309639d0c8379c49725eff9d.jpg,52.299276,0.380942,9.974962,4.902493,0.175343,0.250056,0.602092
snow,imgi_171_heavy-snowfall-spruce-mixed-forest-12538757.jpg.webp,G:\내 드라이브\데이터셋\snow\imgi_171_heavy-snowfall-spruce-mixed-forest-12538757.jpg.webp,8.739782,0.763892,20.698429,5.251737,0.099012,0.317529,0.740683
snow,imgi_171_post-142147-0-57320100-1510741331.jpg,G:\내 드라이브\데이터셋\snow\imgi_171_post-142147-0-57320100-1510741331.jpg,71.090964,0.367256,11.071792,5.620502,0.000000,0.247931,0.566359
snow,imgi_171_winter-field-snow-nature-landscapes-b47ed0-1024.jpg,G:\내 드라이브\데이터셋\snow\imgi_171_winter-field-snow-nature-landscapes-b47ed0-1024.jpg,66.038122,0.500852,16.436972,5.626623,0.000000,0.256802,0.601659
snow,imgi_171_winter-landscape-with-snow-covered-trees-great-view_482257-25965.jpg,G:\내 드라이브\데이터셋\snow\imgi_171_winter-landscape-with-snow-covered-trees-great-view_482257-25965.jpg,49.383383,0.614438,27.584066,5.634832,0.010428,0.265303,0.686650
snow,imgi_172_2025-11-06-15-54-57-1344x896.jpg,G:\내 드라이브\데이터셋\snow\imgi_172_2025-11-06-15-54-57-1344x896.jpg,56.731607,0.530644,10.568067,5.392099,0.000000,0.315799,0.596846
snow,imgi_172_360_F_234248109_oOkVWF7CU8fQS77qJ91PMvrv49aEmtsR.jpg,G:\내 드라이브\데이터셋\snow\imgi_172_360_F_234248109_oOkVWF7CU8fQS77qJ91PMvrv49aEmtsR.jpg,104.756323,0.704282,17.128408,5.611480,0.000000,0.348846,0.543121
snow,imgi_172_pexels-photo-36209484.jpg,G:\내 드라이브\데이터셋\snow\imgi_172_pexels-photo-36209484.jpg,55.493564,0.697100,7.077103,4.847770,0.236111,0.366371,0.600360
snow,imgi_173_carmel-indiana-winter-snow-golf-course-1200x800.jpg,G:\내 드라이브\데이터셋\snow\imgi_173_carmel-indiana-winter-snow-golf-course-1200x800.jpg,0.000000,0.583284,17.413315,5.597670,0.227081,0.303456,0.761491
snow,imgi_173_grass-field-under-thin-layer-snow-grass-field-under-thin-layer-snow-qith-some-green-grass-coming-out-qinter-109149366.jpg,G:\내 드라이브\데이터셋\snow\imgi_173_grass-field-under-thin-layer-snow-grass-field-under-thin-layer-snow-qith-some-green-grass-coming-out-qinter-109149366.jpg,15.024829,0.798659,19.660000,4.963130,0.699009,0.376929,0.798612
snow,imgi_173_P1003306.jpg,G:\내 드라이브\데이터셋\snow\imgi_173_P1003306.jpg,53.320108,0.320624,7.302592,4.886998,0.130853,0.313948,0.587783
snow,imgi_173_panoramic-snowy-winter-forest-landscape-mmac72.jpg,G:\내 드라이브\데이터셋\snow\imgi_173_panoramic-snowy-winter-forest-landscape-mmac72.jpg,20.278377,0.272996,13.050931,5.213442,0.036801,0.179020,0.660467
snow,imgi_174_10d5de45231d0a458ca2f9e82837e45c.jpg,G:\내 드라이브\데이터셋\snow\imgi_174_10d5de45231d0a458ca2f9e82837e45c.jpg,99.724554,0.812073,21.711304,5.557172,0.000000,0.334311,0.572374
snow,imgi_174_BackcountryDownhill.jpg,G:\내 드라이브\데이터셋\snow\imgi_174_BackcountryDownhill.jpg,25.852761,0.232550,5.775859,4.277424,0.000000,0.334467,0.595705
snow,imgi_174_free-photo-of-view-of-a-river-flowing-in-a-snowy-forest.jpg,G:\내 드라이브\데이터셋\snow\imgi_174_free-photo-of-view-of-a-river-flowing-in-a-snowy-forest.jpg,50.446028,0.415403,12.954165,5.722513,0.000000,0.294848,0.617723
snow,imgi_175_1000_F_237733719_EJwMayabPXGEtv7m7uwOptUAN7XneUej.jpg,G:\내 드라이브\데이터셋\snow\imgi_175_1000_F_237733719_EJwMayabPXGEtv7m7uwOptUAN7XneUej.jpg,30.756468,0.497118,17.352512,5.421567,0.183264,0.243011,0.693078
snow,imgi_175_4-4-13-11.jpg,G:\내 드라이브\데이터셋\snow\imgi_175_4-4-13-11.jpg,38.240022,0.591246,15.071693,5.293906,0.233615,0.318782,0.679254
snow,imgi_175_free-photo-of-majestic-icy-winter-gorge-with-snow-covered-rocks.jpg,G:\내 드라이브\데이터셋\snow\imgi_175_free-photo-of-majestic-icy-winter-gorge-with-snow-covered-rocks.jpg,39.074914,0.388050,11.781987,5.620296,0.000000,0.319857,0.635576
snow,imgi_175_pexels-photo-6532923.jpg,G:\내 드라이브\데이터셋\snow\imgi_175_pexels-photo-6532923.jpg,25.240927,0.579665,17.667831,5.551144,0.298347,0.299112,0.725239
snow,imgi_175_road-snowy-forest-beautiful-winter-sunset-colorful-road-snowy-forest-beautiful-winter-sunset-colorful-landscape-264343140.jpg,G:\내 드라이브\데이터셋\snow\imgi_175_road-snowy-forest-beautiful-winter-sunset-colorful-road-snowy-forest-beautiful-winter-sunset-colorful-landscape-264343140.jpg,74.916241,0.640209,15.160039,5.383263,0.236013,0.308606,0.614701
snow,imgi_176_51a9fe3840004be5be1452b5b59f072f.jpg,G:\내 드라이브\데이터셋\snow\imgi_176_51a9fe3840004be5be1452b5b59f072f.jpg,116.743591,0.793941,22.786608,5.386485,0.000000,0.364466,0.548778
snow,imgi_176_free-photo-of-jagged-rocky-mountain-ridge-covered-with-snow.jpg,G:\내 드라이브\데이터셋\snow\imgi_176_free-photo-of-jagged-rocky-mountain-ridge-covered-with-snow.jpg,94.221580,0.398739,10.038043,5.100959,0.000000,0.299599,0.514306
snow,imgi_177_167014.jpg,G:\내 드라이브\데이터셋\snow\imgi_177_167014.jpg,0.000000,0.381213,12.971271,5.374323,0.301057,0.251540,0.744238
snow,imgi_177_aerial-winter-view-of-the-first-sunlight-of-the-day-over-fields-covered-with-snow-in-front-of-mountains-snaefellsnes-western-iceland-AAEF12361.jpg,G:\내 드라이브\데이터셋\snow\imgi_177_aerial-winter-view-of-the-first-sunlight-of-the-day-over-fields-covered-with-snow-in-front-of-mountains-snaefellsnes-western-iceland-AAEF12361.jpg,26.646965,0.458015,7.344318,4.457873,0.434542,0.312237,0.661884
snow,imgi_177_ktn9s9pqqpk61.jpg,G:\내 드라이브\데이터셋\snow\imgi_177_ktn9s9pqqpk61.jpg,63.853600,0.455905,8.812408,4.897763,0.145860,0.355085,0.581972
snow,imgi_177_pexels-photo-30069336.jpg,G:\내 드라이브\데이터셋\snow\imgi_177_pexels-photo-30069336.jpg,122.151132,0.524379,24.598480,5.484297,0.000000,0.264297,0.541735
snow,imgi_177_pexels-photo-30814722.jpg,G:\내 드라이브\데이터셋\snow\imgi_177_pexels-photo-30814722.jpg,79.692858,0.584144,19.866514,5.736285,0.091793,0.340862,0.613040
snow,imgi_177_sastrugi.jpg,G:\내 드라이브\데이터셋\snow\imgi_177_sastrugi.jpg,136.227867,0.491487,17.821810,4.735318,0.739376,0.266961,0.584199
snow,imgi_178_IMG_8824-1024x768.jpg,G:\내 드라이브\데이터셋\snow\imgi_178_IMG_8824-1024x768.jpg,56.855498,0.901222,34.921818,5.926491,0.149058,0.345359,0.719678
snow,imgi_178_snow-covered-track-through-dense-snowy-forest-austockphoto-000068228.jpg,G:\내 드라이브\데이터셋\snow\imgi_178_snow-covered-track-through-dense-snowy-forest-austockphoto-000068228.jpg,35.235778,0.773139,27.151377,5.647142,0.316061,0.326054,0.756366
snow,imgi_179_360_F_254792625_0snBw2ATHnYegI55simRvop1GbKgUVRK.jpg,G:\내 드라이브\데이터셋\snow\imgi_179_360_F_254792625_0snBw2ATHnYegI55simRvop1GbKgUVRK.jpg,39.395067,0.325535,10.859258,4.236163,0.086638,0.228368,0.593984
snow,imgi_179_5a95bd7654c63.image.jpg,G:\내 드라이브\데이터셋\snow\imgi_179_5a95bd7654c63.image.jpg,26.530960,0.597623,15.707248,5.471281,0.477103,0.318000,0.738811
snow,imgi_179_alpine-mountain-snowy-winter-fir-forest-with-snowdrifts_392053-28755.jpg,G:\내 드라이브\데이터셋\snow\imgi_179_alpine-mountain-snowy-winter-fir-forest-with-snowdrifts_392053-28755.jpg,74.394629,0.523715,20.050476,5.516670,0.000000,0.239441,0.601541
snow,imgi_179_Foehnsturm_3Feb08_Rixen.jpg,G:\내 드라이브\데이터셋\snow\imgi_179_Foehnsturm_3Feb08_Rixen.jpg,7.475834,0.062601,2.562258,4.985035,0.308373,0.330713,0.520234
snow,imgi_179_Spaulding-Hill-Wetlands-2026-1-28-8777.jpg,G:\내 드라이브\데이터셋\snow\imgi_179_Spaulding-Hill-Wetlands-2026-1-28-8777.jpg,93.584328,0.521433,11.742161,5.181550,0.000000,0.304604,0.526649
snow,imgi_180_13882_sunny-snowy-ground-with-footprints.jpg,G:\내 드라이브\데이터셋\snow\imgi_180_13882_sunny-snowy-ground-with-footprints.jpg,22.510970,0.531790,10.514210,4.821439,0.710640,0.373893,0.738502
snow,imgi_180_141984342-snow-texture-from-top-to-bottom-snow-on-the-ground-with-mud-top-view-place-under-the-inscription.jpg,G:\내 드라이브\데이터셋\snow\imgi_180_141984342-snow-texture-from-top-to-bottom-snow-on-the-ground-with-mud-top-view-place-under-the-inscription.jpg,38.635546,0.907982,22.278231,5.715786,0.064921,0.377245,0.699762
snow,imgi_180_snow_covering_grass_1_diffuse.jpg,G:\내 드라이브\데이터셋\snow\imgi_180_snow_covering_grass_1_diffuse.jpg,17.137600,0.881278,22.079954,4.713900,0.885327,0.375556,0.821859
snow,imgi_181_00CLI-BADSNOW-8964-cover-verticalTwoByThree735.jpg,G:\내 드라이브\데이터셋\snow\imgi_181_00CLI-BADSNOW-8964-cover-verticalTwoByThree735.jpg,12.106390,0.611512,15.506898,5.410119,0.214142,0.370482,0.735380
snow,imgi_181_2024-04-06-09-07-15-1344x1008.jpg,G:\내 드라이브\데이터셋\snow\imgi_181_2024-04-06-09-07-15-1344x1008.jpg,135.970508,0.296013,9.628076,5.012691,0.000000,0.246642,0.456885
snow,imgi_181_924471.jpg,G:\내 드라이브\데이터셋\snow\imgi_181_924471.jpg,24.388188,0.578394,36.867008,5.260495,0.000000,0.252227,0.745861
snow,imgi_181_copy-of-highway-30-1.jpg,G:\내 드라이브\데이터셋\snow\imgi_181_copy-of-highway-30-1.jpg,67.098475,0.094833,2.113372,4.211636,0.000000,0.334636,0.375577
snow,imgi_181_pexels-photo-28573543.jpg,G:\내 드라이브\데이터셋\snow\imgi_181_pexels-photo-28573543.jpg,66.598321,0.822646,26.554176,5.679348,0.065146,0.315268,0.662372
snow,imgi_181_snowy-grass-picture-taking-field-84359421.jpg,G:\내 드라이브\데이터셋\snow\imgi_181_snowy-grass-picture-taking-field-84359421.jpg,42.314502,0.936454,31.594164,5.762840,0.369010,0.345894,0.773082
snow,imgi_182_widen_920x0.jpg,G:\내 드라이브\데이터셋\snow\imgi_182_widen_920x0.jpg,45.078629,0.669376,16.478521,5.629714,0.102514,0.360580,0.663984
snow,imgi_183_snowy-forest.jpg,G:\내 드라이브\데이터셋\snow\imgi_183_snowy-forest.jpg,79.056583,0.639871,15.685144,5.824142,0.000000,0.353460,0.583933
snow,imgi_183_the-texture-of-the-ground-covered-with-a-thin-layer-of-snow-the-soil-of-the-garden-in-winter-the-dug-ground-close-up-photo.jpg,G:\내 드라이브\데이터셋\snow\imgi_183_the-texture-of-the-ground-covered-with-a-thin-layer-of-snow-the-soil-of-the-garden-in-winter-the-dug-ground-close-up-photo.jpg,16.016817,0.830483,37.844688,5.626867,0.705502,0.329792,0.865330
snow,imgi_184_IMG_8823-1-1-1024x768.jpg,G:\내 드라이브\데이터셋\snow\imgi_184_IMG_8823-1-1-1024x768.jpg,48.092997,0.934227,38.141521,5.905163,0.283368,0.355944,0.754262
snow,imgi_185_DSC_0623-1024x683.jpg,G:\내 드라이브\데이터셋\snow\imgi_185_DSC_0623-1024x683.jpg,17.908692,0.585024,20.633934,5.045102,0.082038,0.269435,0.709667
snow,imgi_185_pexels-photo-30260923.jpg,G:\내 드라이브\데이터셋\snow\imgi_185_pexels-photo-30260923.jpg,87.190742,0.477876,17.149729,5.686372,0.000000,0.272566,0.567796
snow,imgi_185_winter-rmnp-dream-lake-shutterstock_1336115636-1 (1).jpg,G:\내 드라이브\데이터셋\snow\imgi_185_winter-rmnp-dream-lake-shutterstock_1336115636-1 (1).jpg,95.404169,0.736523,21.323421,5.657362,0.115649,0.339310,0.594011
snow,imgi_186_pexels-photo-11623268.jpg,G:\내 드라이브\데이터셋\snow\imgi_186_pexels-photo-11623268.jpg,60.170927,0.652732,11.246955,5.263506,0.164685,0.313769,0.610643
snow,imgi_186_snow_field_2.png,G:\내 드라이브\데이터셋\snow\imgi_186_snow_field_2.png,6.966420,0.074609,3.046909,3.836685,0.637410,0.240544,0.530926
snow,imgi_187_3000_1155_65c1bd1a-7340-4c33-b736-496005b4b355.jpg,G:\내 드라이브\데이터셋\snow\imgi_187_3000_1155_65c1bd1a-7340-4c33-b736-496005b4b355.jpg,63.018702,0.682282,18.329691,5.708245,0.039817,0.275038,0.623066
snow,imgi_187_pexels-photo-36231036.jpg,G:\내 드라이브\데이터셋\snow\imgi_187_pexels-photo-36231036.jpg,86.782497,0.644018,18.089796,5.671137,0.000000,0.302847,0.575979
snow,imgi_187_pngtree-golden-maple-leaves-covering-forest-floor-in-tyrol-austria-winter-scene-photo-photo-image_70102220.webp,G:\내 드라이브\데이터셋\snow\imgi_187_pngtree-golden-maple-leaves-covering-forest-floor-in-tyrol-austria-winter-scene-photo-photo-image_70102220.webp,99.320415,0.796504,26.820557,5.820681,0.000000,0.314412,0.595075
snow,imgi_188_360_F_1128431453_lqu5wQVh7KrumQBGN51PFFPEfHnKNZ9h.jpg,G:\내 드라이브\데이터셋\snow\imgi_188_360_F_1128431453_lqu5wQVh7KrumQBGN51PFFPEfHnKNZ9h.jpg,18.253429,0.352882,10.769571,3.999342,0.000000,0.202295,0.610559
snow,imgi_188_slushy-llb-lake-ice.jpg,G:\내 드라이브\데이터셋\snow\imgi_188_slushy-llb-lake-ice.jpg,57.363174,0.197532,5.128193,4.801403,0.255004,0.297568,0.559358
snow,imgi_188_snowy-winter-road-fantasy-forest-260nw-2410449957.jpg,G:\내 드라이브\데이터셋\snow\imgi_188_snowy-winter-road-fantasy-forest-260nw-2410449957.jpg,75.717826,0.715617,18.080070,5.687431,0.000000,0.357089,0.601643
snow,imgi_189_614294_poster.jpg,G:\내 드라이브\데이터셋\snow\imgi_189_614294_poster.jpg,66.626219,0.303063,11.339338,5.458952,0.000000,0.189648,0.569970
snow,imgi_189_scenery-with-snowy-winter-landscape-apls-bad-goisern-village-near-hallstatt-upper-austria-alpine-mountains-forest-trees-with-snow-view-austrian-landmark_250132-22.jpg,G:\내 드라이브\데이터셋\snow\imgi_189_scenery-with-snowy-winter-landscape-apls-bad-goisern-village-near-hallstatt-upper-austria-alpine-mountains-forest-trees-with-snow-view-austrian-landmark_250132-22.jpg,55.040626,0.562990,14.550178,5.585688,0.000000,0.291361,0.616432
snow,imgi_189_turfsnowtyphulamoldbox174-013.jpg,G:\내 드라이브\데이터셋\snow\imgi_189_turfsnowtyphulamoldbox174-013.jpg,43.506069,0.543315,11.921655,5.545011,0.000000,0.298520,0.625974
snow,imgi_190_33445009522_434537d2fd_b.jpg,G:\내 드라이브\데이터셋\snow\imgi_190_33445009522_434537d2fd_b.jpg,50.047890,0.469988,9.593770,4.793684,0.000000,0.330409,0.586047
snow,imgi_190_JacksonPark_JessicaTodd_2023.jpg,G:\내 드라이브\데이터셋\snow\imgi_190_JacksonPark_JessicaTodd_2023.jpg,24.804141,0.349702,8.714395,4.929022,0.000000,0.296082,0.629283
snow,imgi_191_free-photo-of-a-large-puddle-in-a-snowy-forest.jpg,G:\내 드라이브\데이터셋\snow\imgi_191_free-photo-of-a-large-puddle-in-a-snowy-forest.jpg,73.908702,0.822461,21.866941,5.443607,0.280297,0.343988,0.657839
snow,imgi_192_A-507-21.jpg,G:\내 드라이브\데이터셋\snow\imgi_192_A-507-21.jpg,67.816259,0.664061,17.426172,5.188518,0.000000,0.350769,0.605383
snow,imgi_192_frosty-landscape-snowy-forest-winter-beautiful-morning-snow-covered-birch-tr-trees-real-russian-fir-104977622.jpg,G:\내 드라이브\데이터셋\snow\imgi_192_frosty-landscape-snowy-forest-winter-beautiful-morning-snow-covered-birch-tr-trees-real-russian-fir-104977622.jpg,11.554202,0.773446,20.413017,5.267727,0.306162,0.328975,0.762793
snow,imgi_193_360_F_1769019510_Csg6sqmwwuJ1MGRMev67tjSWaTd5WvMx.jpg,G:\내 드라이브\데이터셋\snow\imgi_193_360_F_1769019510_Csg6sqmwwuJ1MGRMev67tjSWaTd5WvMx.jpg,162.269954,0.510943,9.023971,5.170040,0.000000,0.304025,0.465037
snow,imgi_193_7b01d2947e7d17731b7d52f5722b84cb_Snowy_Rocks_053_-_Fotoref_2048.jpg,G:\내 드라이브\데이터셋\snow\imgi_193_7b01d2947e7d17731b7d52f5722b84cb_Snowy_Rocks_053_-_Fotoref_2048.jpg,31.745193,0.453472,11.819727,5.608295,0.000000,0.308670,0.648072
snow,imgi_193_Snowy-Alpine-Trees-Wall-Mural.jpg,G:\내 드라이브\데이터셋\snow\imgi_193_Snowy-Alpine-Trees-Wall-Mural.jpg,76.193480,0.424198,17.066179,5.367275,0.000000,0.308356,0.590054
snow,imgi_195_20220401-7R301134.jpg,G:\내 드라이브\데이터셋\snow\imgi_195_20220401-7R301134.jpg,23.847857,0.525357,11.769105,5.312619,0.422315,0.304012,0.713836
snow,imgi_196_snow-covers-serene-forest-brilliant-260nw-2690269139.jpg,G:\내 드라이브\데이터셋\snow\imgi_196_snow-covers-serene-forest-brilliant-260nw-2690269139.jpg,53.879896,0.565566,23.904510,5.640738,0.148985,0.271689,0.679810
snow,imgi_196_t4tiY9DvnTUtJkXaMfapST.jpg,G:\내 드라이브\데이터셋\snow\imgi_196_t4tiY9DvnTUtJkXaMfapST.jpg,49.071936,0.910556,26.278786,5.719155,0.476825,0.359978,0.751202
snow,imgi_197_free-photo-of-cyclist-in-forest-in-winter.jpg,G:\내 드라이브\데이터셋\snow\imgi_197_free-photo-of-cyclist-in-forest-in-winter.jpg,39.349872,0.746823,33.485798,5.661973,0.173712,0.334895,0.753931
snow,imgi_198_80586.jpg,G:\내 드라이브\데이터셋\snow\imgi_198_80586.jpg,70.194680,0.475065,12.684664,5.753338,0.000000,0.328685,0.583638
snow,imgi_198_FullSizeRender_3-2.jpg,G:\내 드라이브\데이터셋\snow\imgi_198_FullSizeRender_3-2.jpg,13.304989,0.752790,23.023386,5.013458,0.744117,0.330607,0.820441
snow,imgi_198_snowstorm.jpg,G:\내 드라이브\데이터셋\snow\imgi_198_snowstorm.jpg,44.776730,0.469035,13.048488,4.875351,0.000000,0.247351,0.606321
snow,imgi_199_free-photo-of-serene-winter-lake-scene-surrounded-by-snowy-forest.jpg,G:\내 드라이브\데이터셋\snow\imgi_199_free-photo-of-serene-winter-lake-scene-surrounded-by-snowy-forest.jpg,110.620254,0.422007,12.696468,5.705852,0.084896,0.254503,0.513198
snow,imgi_200_snowy_forest_path_02.png,G:\내 드라이브\데이터셋\snow\imgi_200_snowy_forest_path_02.png,93.284090,0.478990,13.703236,4.754870,0.252945,0.247297,0.549321
snow,imgi_201_0f004508369915d35bcf7e4e1f39889d.jpg,G:\내 드라이브\데이터셋\snow\imgi_201_0f004508369915d35bcf7e4e1f39889d.jpg,104.646163,0.651820,25.962818,5.862135,0.000000,0.297137,0.579563
snow,imgi_201_a9a042279c3f3a578acad036e28b4336.jpg,G:\내 드라이브\데이터셋\snow\imgi_201_a9a042279c3f3a578acad036e28b4336.jpg,14.302614,0.736628,23.701914,5.382859,0.339670,0.276595,0.776126
snow,imgi_201_pngtree-snowy-cabin-in-a-winter-wonderland-forest-picture-image_15844300.jpg,G:\내 드라이브\데이터셋\snow\imgi_201_pngtree-snowy-cabin-in-a-winter-wonderland-forest-picture-image_15844300.jpg,78.443231,0.558036,11.131585,5.714352,0.000000,0.309554,0.559322
snow,imgi_202_68742687-winter-forest-nature-snowy-background.jpg,G:\내 드라이브\데이터셋\snow\imgi_202_68742687-winter-forest-nature-snowy-background.jpg,45.542342,0.670072,24.999414,5.902361,0.000000,0.296039,0.683294
snow,imgi_203_2023-03-24-04-07-53-1344x1008.jpg,G:\내 드라이브\데이터셋\snow\imgi_203_2023-03-24-04-07-53-1344x1008.jpg,85.695314,0.599517,20.666704,5.611727,0.000000,0.281831,0.587950
snow,imgi_205_free-photo-of-view-of-a-snowy-forest.jpg,G:\내 드라이브\데이터셋\snow\imgi_205_free-photo-of-view-of-a-snowy-forest.jpg,69.057860,0.652292,22.451944,5.762463,0.000000,0.340955,0.632733
snow,imgi_206_il_570xN.7089714475_e4a2.jpg,G:\내 드라이브\데이터셋\snow\imgi_206_il_570xN.7089714475_e4a2.jpg,95.009209,0.633764,12.159429,5.526684,0.159299,0.335823,0.557105
snow,imgi_206_pexels-photo-19937108.jpg,G:\내 드라이브\데이터셋\snow\imgi_206_pexels-photo-19937108.jpg,73.925471,0.825100,35.593113,5.758539,0.102750,0.347909,0.682618
snow,imgi_207_snowy-forest-background-qw6911krpdebuqdl.jpg,G:\내 드라이브\데이터셋\snow\imgi_207_snowy-forest-background-qw6911krpdebuqdl.jpg,163.109580,0.773550,23.069878,5.765901,0.474200,0.348255,0.604612
snow,imgi_209_snowy-trees-winter-forest-frozen-snow-covered-night-sky-2560x2560-5591.jpg,G:\내 드라이브\데이터셋\snow\imgi_209_snowy-trees-winter-forest-frozen-snow-covered-night-sky-2560x2560-5591.jpg,200.034615,0.560034,15.482141,5.335921,0.000000,0.343233,0.504760
snow,imgi_20_default.jpg,G:\내 드라이브\데이터셋\snow\imgi_20_default.jpg,70.255546,0.695822,16.459801,5.258172,0.056064,0.337347,0.604649
snow,imgi_210_ski-trail-snowy-forest-beautiful-600w-2724466105.jpg,G:\내 드라이브\데이터셋\snow\imgi_210_ski-trail-snowy-forest-beautiful-600w-2724466105.jpg,20.711279,0.789715,23.683372,5.265492,0.626305,0.335975,0.803579
snow,imgi_211_Final_snow_picture.jpg,G:\내 드라이브\데이터셋\snow\imgi_211_Final_snow_picture.jpg,17.087962,0.659712,11.931457,5.117689,0.190091,0.283323,0.688235
snow,imgi_212_hut-snowy-field-with-rocky-mountains-forest_181624-836.jpg,G:\내 드라이브\데이터셋\snow\imgi_212_hut-snowy-field-with-rocky-mountains-forest_181624-836.jpg,31.429613,0.511293,19.684607,5.135957,0.099252,0.241160,0.682868
snow,imgi_212_thumb-1920-678078.jpg,G:\내 드라이브\데이터셋\snow\imgi_212_thumb-1920-678078.jpg,182.282787,0.792201,20.539761,5.269874,0.137483,0.332587,0.543074
snow,imgi_213_pngtree-snowy-forest-in-winter-picture-image_15915910.jpg,G:\내 드라이브\데이터셋\snow\imgi_213_pngtree-snowy-forest-in-winter-picture-image_15915910.jpg,64.971041,0.491917,18.244207,5.567099,0.180258,0.223454,0.632185
snow,imgi_214_snowy-forest-with-tree-stump-foreground-snow-covered-forest-floor_849832-120.jpg,G:\내 드라이브\데이터셋\snow\imgi_214_snowy-forest-with-tree-stump-foreground-snow-covered-forest-floor_849832-120.jpg,53.139873,0.902821,29.707926,5.777431,0.000000,0.366482,0.698481
snow,imgi_215_forest-4.jpg,G:\내 드라이브\데이터셋\snow\imgi_215_forest-4.jpg,36.809541,0.524003,17.088892,5.322404,0.361704,0.272115,0.704267
snow,imgi_216_forest-winter-snowy-norway-spruce-sunset-snow-covered-cold-4480x2520-3189.jpg,G:\내 드라이브\데이터셋\snow\imgi_216_forest-winter-snowy-norway-spruce-sunset-snow-covered-cold-4480x2520-3189.jpg,117.783748,0.667149,15.920274,5.550587,0.183266,0.375348,0.540049
snow,imgi_217_latest.webp,G:\내 드라이브\데이터셋\snow\imgi_217_latest.webp,42.454179,0.444627,12.043920,5.564489,0.000000,0.282096,0.626833
snow,imgi_218_pexels-photo-6603952.jpg,G:\내 드라이브\데이터셋\snow\imgi_218_pexels-photo-6603952.jpg,27.869389,0.732405,28.142273,5.548219,0.538897,0.307806,0.801660
snow,imgi_218_snowy-forest-drawing-step-9.jpg,G:\내 드라이브\데이터셋\snow\imgi_218_snowy-forest-drawing-step-9.jpg,94.483123,0.548575,19.508366,5.362729,0.000000,0.313382,0.568322
snow,imgi_219_hq720.jpg,G:\내 드라이브\데이터셋\snow\imgi_219_hq720.jpg,37.898438,0.769794,27.271961,5.747065,0.325973,0.320391,0.752772
snow,imgi_21_default.jpg,G:\내 드라이브\데이터셋\snow\imgi_21_default.jpg,49.322822,0.843696,33.931057,5.789902,0.230875,0.314795,0.741068
snow,imgi_220_snowy-forest-river-sunrise-winter-peaceful-flows-snow-covered-trees-soft-light-illuminating-frozen-401089680.jpg,G:\내 드라이브\데이터셋\snow\imgi_220_snowy-forest-river-sunrise-winter-peaceful-flows-snow-covered-trees-soft-light-illuminating-frozen-401089680.jpg,45.300081,0.700273,25.948317,5.930118,0.000000,0.293496,0.687932
snow,imgi_221_DSC-5713-3.jpg,G:\내 드라이브\데이터셋\snow\imgi_221_DSC-5713-3.jpg,45.195991,0.698888,13.291793,5.116381,0.706758,0.375364,0.719407
snow,imgi_222_roberto-moiola-sysaworld-sunset-over-frozen-trees-of-snowy-forest-lapland-photographic-paper-1.jpg,G:\내 드라이브\데이터셋\snow\imgi_222_roberto-moiola-sysaworld-sunset-over-frozen-trees-of-snowy-forest-lapland-photographic-paper-1.jpg,85.050092,0.314018,6.506620,4.868730,0.000000,0.292516,0.506117
snow,imgi_223_il_570xN.3542427258_1iei.jpg,G:\내 드라이브\데이터셋\snow\imgi_223_il_570xN.3542427258_1iei.jpg,45.478496,0.808763,23.252279,5.620336,0.512268,0.334830,0.745696
snow,imgi_224_24b2337c46e4125c5957dae2cc140707.jpg,G:\내 드라이브\데이터셋\snow\imgi_224_24b2337c46e4125c5957dae2cc140707.jpg,72.646987,0.573022,19.401411,5.298252,0.000000,0.261994,0.600566
snow,imgi_225_6c539185-cfb4-496d-91f0-3315485c6651.jpg,G:\내 드라이브\데이터셋\snow\imgi_225_6c539185-cfb4-496d-91f0-3315485c6651.jpg,149.770797,0.568927,14.317516,5.740227,0.000000,0.316430,0.498756
snow,imgi_226_snowy-forests-sun-through-the-trees.jpg,G:\내 드라이브\데이터셋\snow\imgi_226_snowy-forests-sun-through-the-trees.jpg,70.607231,0.902479,29.524099,5.522247,0.000000,0.378956,0.666843
snow,imgi_227_melancholy-winter-warfront-snow.png,G:\내 드라이브\데이터셋\snow\imgi_227_melancholy-winter-warfront-snow.png,0.000000,0.323514,6.472509,5.069336,0.080878,0.333862,0.683218
snow,imgi_228_maxresdefault.jpg,G:\내 드라이브\데이터셋\snow\imgi_228_maxresdefault.jpg,6.546300,0.752023,19.847902,5.165985,0.241300,0.341194,0.758723
snow,imgi_229_2bfp9cf.jpg,G:\내 드라이브\데이터셋\snow\imgi_229_2bfp9cf.jpg,60.559424,0.658124,22.309183,5.207635,0.006991,0.303028,0.638348
snow,imgi_230_360_F_321607144_e0dnqrWJYkg8HNSfehxTFwFGJpKvalu5.jpg,G:\내 드라이브\데이터셋\snow\imgi_230_360_F_321607144_e0dnqrWJYkg8HNSfehxTFwFGJpKvalu5.jpg,53.006076,0.378537,5.414673,3.593234,0.452125,0.335378,0.580292
snow,imgi_236_snowy-landscape-winter-landscape-alps-south-tyrol-4c18208cddac9cf64875bdb0308e4eb2.jpg,G:\내 드라이브\데이터셋\snow\imgi_236_snowy-landscape-winter-landscape-alps-south-tyrol-4c18208cddac9cf64875bdb0308e4eb2.jpg,57.976829,0.457134,16.987867,5.835031,0.000000,0.281740,0.621514
snow,imgi_23_default.jpg,G:\내 드라이브\데이터셋\snow\imgi_23_default.jpg,45.563994,0.801192,34.067665,5.827439,0.000000,0.313283,0.717794
snow,imgi_250_p0mlb7w7.jpg,G:\내 드라이브\데이터셋\snow\imgi_250_p0mlb7w7.jpg,112.290540,0.326584,7.450373,5.512166,0.000000,0.269558,0.476013
snow,imgi_25_default.jpg,G:\내 드라이브\데이터셋\snow\imgi_25_default.jpg,36.403474,0.496713,16.833204,5.125977,0.000000,0.242119,0.647244
snow,imgi_27_default.jpg,G:\내 드라이브\데이터셋\snow\imgi_27_default.jpg,61.536347,0.773714,22.535801,5.684090,0.000000,0.317402,0.644560
snow,imgi_29_default.jpg,G:\내 드라이브\데이터셋\snow\imgi_29_default.jpg,128.130671,0.825349,17.317137,5.141639,0.081335,0.379920,0.521128
snow,imgi_34_default.jpg,G:\내 드라이브\데이터셋\snow\imgi_34_default.jpg,98.267075,0.786037,19.287483,5.737473,0.097623,0.336532,0.576598
snow,imgi_35_default.jpg,G:\내 드라이브\데이터셋\snow\imgi_35_default.jpg,23.919379,0.249545,11.596660,4.908544,0.161901,0.174218,0.652594
snow,imgi_39_default.jpg,G:\내 드라이브\데이터셋\snow\imgi_39_default.jpg,120.967630,0.719384,15.019644,5.781275,0.000000,0.355897,0.505994
snow,imgi_43_default.jpg,G:\내 드라이브\데이터셋\snow\imgi_43_default.jpg,107.530452,0.474933,13.169876,5.340816,0.000000,0.227669,0.505389
snow,imgi_46_default.jpg,G:\내 드라이브\데이터셋\snow\imgi_46_default.jpg,12.320179,0.902434,23.041904,5.392479,0.311192,0.358584,0.781485
snow,imgi_50_default.jpg,G:\내 드라이브\데이터셋\snow\imgi_50_default.jpg,45.076780,0.657679,17.278543,5.444041,0.135843,0.295224,0.665534
snow,imgi_51_default.jpg,G:\내 드라이브\데이터셋\snow\imgi_51_default.jpg,232.001527,0.546808,9.488614,4.636961,0.290651,0.347762,0.491604
snow,imgi_52_default.jpg,G:\내 드라이브\데이터셋\snow\imgi_52_default.jpg,56.716109,0.602291,16.515553,5.223831,0.084745,0.276953,0.626277
snow,imgi_58_default.jpg,G:\내 드라이브\데이터셋\snow\imgi_58_default.jpg,15.996801,0.785673,18.267426,5.048551,0.522094,0.342455,0.766704
snow,imgi_74_charming-winter-forest-path-showcasing-beautiful-transition-seasons-where-golden-autumn-leaves-still-cling-to-snow-375834503.jpg,G:\내 드라이브\데이터셋\snow\imgi_74_charming-winter-forest-path-showcasing-beautiful-transition-seasons-where-golden-autumn-leaves-still-cling-to-snow-375834503.jpg,28.835302,0.861235,42.865067,5.809663,0.209832,0.325180,0.776931
snow,imgi_78_free-photo-of-close-up-of-snow-on-ground.jpg,G:\내 드라이브\데이터셋\snow\imgi_78_free-photo-of-close-up-of-snow-on-ground.jpg,96.367052,0.745968,9.559128,5.645637,0.000000,0.368696,0.525005
snow,imgi_85_free-photo-of-view-of-a-snowy-field-trees-and-mountains-under-a-cloudy-sky (1).jpg,G:\내 드라이브\데이터셋\snow\imgi_85_free-photo-of-view-of-a-snowy-field-trees-and-mountains-under-a-cloudy-sky (1).jpg,18.891411,0.189098,4.451861,5.230648,0.147764,0.284179,0.617314
snow,imgi_86_1.jpg,G:\내 드라이브\데이터셋\snow\imgi_86_1.jpg,161.765292,0.543457,13.681833,4.887311,0.000000,0.301216,0.477166
snow,imgi_86_icy-snow-covered-road-forest-ground-frost-winter-moisture-fog-morning-low-visibility-slippery-dangerous-street-overcast-354394280.jpg,G:\내 드라이브\데이터셋\snow\imgi_86_icy-snow-covered-road-forest-ground-frost-winter-moisture-fog-morning-low-visibility-slippery-dangerous-street-overcast-354394280.jpg,38.443000,0.893666,28.469873,5.853240,0.000000,0.350031,0.717977
snow,imgi_87_free-photo-of-a-snowy-road-with-trees-and-snow-on-the-ground.jpg,G:\내 드라이브\데이터셋\snow\imgi_87_free-photo-of-a-snowy-road-with-trees-and-snow-on-the-ground.jpg,96.136494,0.370540,7.189918,5.092553,0.008088,0.290626,0.497318
snow,imgi_87_NH-Alaskan Pines-2048px-1.jpg,G:\내 드라이브\데이터셋\snow\imgi_87_NH-Alaskan Pines-2048px-1.jpg,10.953447,0.294195,7.975316,3.947431,0.376826,0.209933,0.658865
snow,imgi_89_free-photo-of-snowy-mountain-landscape-under-overcast-sky.jpg,G:\내 드라이브\데이터셋\snow\imgi_89_free-photo-of-snowy-mountain-landscape-under-overcast-sky.jpg,32.137316,0.074549,2.167751,3.959463,0.321211,0.292244,0.448756
snow,imgi_89_leafless-trees-border-edge-expansive-area-patches-ice-snow-covering-parts-ground-trees-tall-367927802.jpg,G:\내 드라이브\데이터셋\snow\imgi_89_leafless-trees-border-edge-expansive-area-patches-ice-snow-covering-parts-ground-trees-tall-367927802.jpg,39.812850,0.892885,29.035742,5.810070,0.000000,0.349177,0.718032
snow,imgi_91_dry-reed-stems-on-snow-on-frozen-lake-surface-with-visible-bank-photo.jpg,G:\내 드라이브\데이터셋\snow\imgi_91_dry-reed-stems-on-snow-on-frozen-lake-surface-with-visible-bank-photo.jpg,76.829934,0.355846,15.995588,5.128016,0.183245,0.245485,0.593429
snow,imgi_93_pexels-photo-11413296.jpg,G:\내 드라이브\데이터셋\snow\imgi_93_pexels-photo-11413296.jpg,161.122505,0.127938,3.193427,5.588136,0.000000,0.294285,0.352336
snow,imgi_94_free-photo-of-winter-forest-edge-with-snow-covered-ground.jpg,G:\내 드라이브\데이터셋\snow\imgi_94_free-photo-of-winter-forest-edge-with-snow-covered-ground.jpg,97.425744,0.701790,23.216713,5.538426,0.000000,0.363985,0.586613
snow,imgi_94_pexels-photo-14932329.jpg,G:\내 드라이브\데이터셋\snow\imgi_94_pexels-photo-14932329.jpg,99.308842,0.503399,15.636670,5.520890,0.000000,0.324864,0.543717
snow,imgi_94_scattered-patches-melting-snow-lie-across-grassy-field-showing-transition-winter-early-spring-seasons-patchy-373993746.jpg,G:\내 드라이브\데이터셋\snow\imgi_94_scattered-patches-melting-snow-lie-across-grassy-field-showing-transition-winter-early-spring-seasons-patchy-373993746.jpg,70.072005,0.899186,33.366844,5.679392,0.334933,0.339746,0.719051
snow,imgi_94_snow-covered-ground-patches-grass-dried-vegetation-winter-landscape-daytime-showcases-mix-exposed-416409881.jpg,G:\내 드라이브\데이터셋\snow\imgi_94_snow-covered-ground-patches-grass-dried-vegetation-winter-landscape-daytime-showcases-mix-exposed-416409881.jpg,62.368959,0.908370,25.322916,5.738666,0.382202,0.374133,0.711458
snow,imgi_95_foggy_winter_day_in_the_field_3-1024x683.jpg,G:\내 드라이브\데이터셋\snow\imgi_95_foggy_winter_day_in_the_field_3-1024x683.jpg,20.949021,0.113673,2.420818,3.326808,0.589979,0.260816,0.520287
snow,imgi_95_snow-soil-mixed-texture-background-natural-winter-ground-surface-outdoor-pattern-435000494.jpg,G:\내 드라이브\데이터셋\snow\imgi_95_snow-soil-mixed-texture-background-natural-winter-ground-surface-outdoor-pattern-435000494.jpg,76.016766,0.730331,38.808502,5.604434,0.000000,0.311665,0.661802
snow,imgi_95_trickling-creek-snow-covered-ground-wooded-area-small-stream-flowing-woods-winter-time-vertical-orientation-forest-373647129.jpg,G:\내 드라이브\데이터셋\snow\imgi_95_trickling-creek-snow-covered-ground-wooded-area-small-stream-flowing-woods-winter-time-vertical-orientation-forest-373647129.jpg,21.593817,0.750197,21.652609,5.663981,0.000000,0.310383,0.712946
snow,imgi_97_pexels-photo-9835985.jpg,G:\내 드라이브\데이터셋\snow\imgi_97_pexels-photo-9835985.jpg,49.444017,0.517577,6.374982,4.784101,0.000000,0.314975,0.570203
